1772410286385875185 0.000000 0.000000 0.000000 0.000000 0.000000 0.000000 0.000000 0.000000 0.000000 0.000000 0.910000 0.620000
1772410286486242389 0.000000 0.000000 0.000000 0.000000 0.000000 0.000000 0.000000 0.000000 0.000000 0.000000 0.920000 0.620000
1772410286486285731 0.000000 0.000000 0.000000 0.000000 0.000000 0.000000 0.000000 0.000000 0.000000 0.000000 0.920000 0.620000
1772410286487720911 0.000000 0.000000 0.000000 0.000000 0.000000 0.000000 0.000000 0.000000 0.000000 0.000000 0.920000 0.620000
1772410286493656728 0.000000 0.000000 0.000000 0.000000 0.000000 0.000000 0.000000 0.000000 0.000000 0.000000 0.920000 0.620000
1772410286494037578 0.000000 0.000000 0.000000 0.000000 0.000000 0.000000 0.000000 0.000000 0.000000 0.000000 0.920000 0.620000
1772410286507740862 0.000000 0.000000 0.000000 0.000000 0.000000 0.000000 0.000000 0.000000 0.000000 0.000000 0.920000 0.620000
1772410286527415443 0.000000 0.000000 0.000000 0.000000 0.000000 0.000000 0.000000 0.000000 0.000000 0.000000 0.920000 0.620000
1772410286543350024 0.000000 0.000000 0.000000 0.000000 0.000000 0.000000 0.000000 0.000000 0.000000 0.000000 0.920000 0.620000
1772410286543617332 0.000000 0.000000 0.000000 0.000000 0.000000 0.000000 0.000000 0.000000 0.000000 0.000000 0.920000 0.620000
1772410286547511583 0.000000 0.000000 0.000000 0.000000 0.000000 0.000000 0.000000 0.000000 0.000000 0.000000 0.920000 0.620000
1772410286567628862 0.000000 0.000000 0.000000 0.000000 0.000000 0.000000 0.000000 0.000000 0.000000 0.000000 0.920000 0.620000
1772410286585950394 0.000000 0.000000 0.000000 0.000000 0.000000 0.000000 0.000000 0.000000 0.000000 0.000000 0.920000 0.610000
1772410286585991368 0.000000 0.000000 0.000000 0.000000 0.000000 0.000000 0.000000 0.000000 0.000000 0.000000 0.920000 0.610000
1772410286587661048 0.000000 0.000000 0.000000 0.000000 0.000000 0.000000 0.000000 0.000000 0.000000 0.000000 0.920000 0.610000
1772410286607804179 0.000000 0.000000 0.000000 0.000000 0.000000 0.000000 0.000000 0.000000 0.000000 0.000000 0.920000 0.610000
1772410286627803122 0.000000 0.000000 0.000000 0.000000 0.000000 0.000000 0.000000 0.000000 0.000000 0.000000 0.920000 0.610000
1772410286647569932 0.000000 0.000000 0.000000 0.000000 0.000000 0.000000 0.000000 0.000000 0.000000 0.000000 0.920000 0.610000
1772410286667715284 0.000000 0.000000 0.000000 0.000000 0.000000 0.000000 0.000000 0.000000 0.000000 0.000000 0.920000 0.610000
1772410286668175134 0.000000 0.000000 0.000000 0.000000 0.000000 0.000000 0.000000 0.000000 0.000000 0.000000 0.920000 0.610000
1772410286668203200 0.000000 0.000000 0.000000 0.000000 0.000000 0.000000 0.000000 0.000000 0.000000 0.000000 0.920000 0.610000
1772410286686548505 0.000000 0.000000 0.000000 0.000000 0.000000 0.000000 0.000000 0.000000 0.000000 0.000000 0.920000 0.620000
1772410286687712191 0.000000 0.000000 0.000000 0.000000 0.000000 0.000000 0.000000 0.000000 0.000000 0.000000 0.920000 0.620000
1772410286705744286 0.000000 0.000000 0.000000 0.000000 0.000000 0.000000 0.000000 0.000000 0.000000 0.000000 0.920000 0.620000
1772410286707593345 0.000000 0.000000 0.000000 0.000000 0.000000 0.000000 0.000000 0.000000 0.000000 0.000000 0.920000 0.620000
1772410286727774849 0.000000 0.000000 0.000000 0.000000 0.000000 0.000000 0.000000 0.000000 0.000000 0.000000 0.920000 0.620000
1772410286747651060 0.000000 0.000000 0.000000 0.000000 0.000000 0.000000 0.000000 0.000000 0.000000 0.000000 0.920000 0.620000
1772410286767600112 0.000000 0.000000 0.000000 0.000000 0.000000 0.000000 0.000000 0.000000 0.000000 0.000000 0.920000 0.620000
1772410286767916089 0.000000 0.000000 0.000000 0.000000 0.000000 0.000000 0.000000 0.000000 0.000000 0.000000 0.920000 0.620000
1772410286767923403 0.000000 0.000000 0.000000 0.000000 0.000000 0.000000 0.000000 0.000000 0.000000 0.000000 0.920000 0.620000
1772410286786556383 0.000000 0.000000 0.000000 0.000000 0.000000 0.000000 0.000000 0.000000 0.000000 0.000000 0.930000 0.600000
1772410286787301526 0.000000 0.000000 0.000000 0.000000 0.000000 0.000000 0.000000 0.000000 0.000000 0.000000 0.930000 0.600000
1772410286805632851 0.000000 0.000000 0.000000 0.000000 0.000000 0.000000 0.000000 0.000000 0.000000 0.000000 0.930000 0.600000
1772410286807478432 0.000000 0.000000 0.000000 0.000000 0.000000 0.000000 0.000000 0.000000 0.000000 0.000000 0.930000 0.600000
1772410286827581691 0.000000 0.000000 0.000000 0.000000 0.000000 0.000000 0.000000 0.000000 0.000000 0.000000 0.930000 0.600000
1772410286847836764 0.000000 0.000000 0.000000 0.000000 0.000000 0.000000 0.000000 0.000000 0.000000 0.000000 0.930000 0.600000
1772410286867493982 0.000000 0.000000 0.000000 0.000000 0.000000 0.000000 0.000000 0.000000 0.000000 0.000000 0.930000 0.600000
1772410286868020244 0.000000 0.000000 0.000000 0.000000 0.000000 0.000000 0.000000 0.000000 0.000000 0.000000 0.930000 0.600000
1772410286868203452 0.000000 0.000000 0.000000 0.000000 0.000000 0.000000 0.000000 0.000000 0.000000 0.000000 0.930000 0.600000
1772410286886673375 0.000000 0.000000 0.000000 0.000000 0.000000 0.000000 0.000000 0.000000 0.000000 0.000000 0.920000 0.600000
1772410286887670978 0.000000 0.000000 0.000000 0.000000 0.000000 0.000000 0.000000 0.000000 0.000000 0.000000 0.920000 0.600000
1772410286907846563 0.000000 0.000000 0.000000 0.000000 0.000000 0.000000 0.000000 0.000000 0.000000 0.000000 0.920000 0.600000
1772410286925989634 0.000000 0.000000 0.000000 0.000000 0.000000 0.000000 0.000000 0.000000 0.000000 0.000000 0.920000 0.600000
1772410286927493106 0.000000 0.000000 0.000000 0.000000 0.000000 0.000000 0.000000 0.000000 0.000000 0.000000 0.920000 0.600000
1772410286947660284 0.000000 0.000000 0.000000 0.000000 0.000000 0.000000 0.000000 0.000000 0.000000 0.000000 0.920000 0.600000
1772410286967569682 0.000000 0.000000 0.000000 0.000000 0.000000 0.000000 0.000000 0.000000 0.000000 0.000000 0.920000 0.600000
1772410286986249770 0.000000 0.000000 0.000000 0.000000 0.000000 0.000000 0.000000 0.000000 0.000000 0.000000 0.930000 0.600000
1772410286987650210 0.000000 0.000000 0.000000 0.000000 0.000000 0.000000 0.000000 0.000000 0.000000 0.000000 0.930000 0.600000
1772410286993380439 0.000000 0.000000 0.000000 0.000000 0.000000 0.000000 0.000000 0.000000 0.000000 0.000000 0.930000 0.600000
1772410286993416664 0.000000 0.000000 0.000000 0.000000 0.000000 0.000000 0.000000 0.000000 0.000000 0.000000 0.930000 0.600000
1772410287007835537 0.000000 0.000000 0.000000 0.000000 0.000000 0.000000 0.000000 0.000000 0.000000 0.000000 0.930000 0.600000
1772410287026600069 0.000000 0.000000 0.000000 0.000000 0.000000 0.000000 0.000000 0.000000 0.000000 0.000000 0.930000 0.600000
1772410287027693684 0.000000 0.000000 0.000000 0.000000 0.000000 0.000000 0.000000 0.000000 0.000000 0.000000 0.930000 0.600000
1772410287047748636 0.000000 0.000000 0.000000 0.000000 0.000000 0.000000 0.000000 0.000000 0.000000 0.000000 0.930000 0.600000
1772410287067725343 0.000000 0.000000 0.000000 0.000000 0.000000 0.000000 0.000000 0.000000 0.000000 0.000000 0.930000 0.600000
1772410287086026943 0.000000 0.000000 0.000000 0.000000 0.000000 0.000000 0.000000 0.000000 0.000000 0.000000 0.920000 0.620000
1772410287087754286 0.000000 0.000000 0.000000 0.000000 0.000000 0.000000 0.000000 0.000000 0.000000 0.000000 0.920000 0.620000
1772410287107880934 0.000000 0.000000 0.000000 0.000000 0.000000 0.000000 0.000000 0.000000 0.000000 0.000000 0.920000 0.620000
1772410287118142346 0.000000 0.000000 0.000000 0.000000 0.000000 0.000000 0.000000 0.000000 0.000000 0.000000 0.920000 0.620000
1772410287118453731 0.000000 0.000000 0.000000 0.000000 0.000000 0.000000 0.000000 0.000000 0.000000 0.000000 0.920000 0.620000
1772410287127680518 0.000000 0.000000 0.000000 0.000000 0.000000 0.000000 0.000000 0.000000 0.000000 0.000000 0.920000 0.620000
1772410287145830565 0.000000 0.000000 0.000000 0.000000 0.000000 0.000000 0.000000 0.000000 0.000000 0.000000 0.920000 0.620000
1772410287147636444 0.000000 0.000000 0.000000 0.000000 0.000000 0.000000 0.000000 0.000000 0.000000 0.000000 0.920000 0.620000
1772410287167613083 0.000000 0.000000 0.000000 0.000000 0.000000 0.000000 0.000000 0.000000 0.000000 0.000000 0.920000 0.620000
1772410287187856062 0.000000 0.000000 0.000000 0.000000 0.000000 0.000000 0.000000 0.000000 0.000000 0.000000 0.920000 0.620000
1772410287208001000 0.000000 0.000000 0.000000 0.000000 0.000000 0.000000 0.000000 0.000000 0.000000 0.000000 0.920000 0.620000
1772410287218145785 0.000000 0.000000 0.000000 0.000000 0.000000 0.000000 0.000000 0.000000 0.000000 0.000000 0.920000 0.620000
1772410287218205207 0.000000 0.000000 0.000000 0.000000 0.000000 0.000000 0.000000 0.000000 0.000000 0.000000 0.920000 0.620000
1772410287227723568 0.000000 0.000000 0.000000 0.000000 0.000000 0.000000 0.000000 0.000000 0.000000 0.000000 0.920000 0.620000
1772410287245917186 0.000000 0.000000 0.000000 0.000000 0.000000 0.000000 0.000000 0.000000 0.000000 0.000000 0.920000 0.620000
1772410287247685180 0.000000 0.000000 0.000000 0.000000 0.000000 0.000000 0.000000 0.000000 0.000000 0.000000 0.920000 0.620000
1772410287267697139 0.000000 0.000000 0.000000 0.000000 0.000000 0.000000 0.000000 0.000000 0.000000 0.000000 0.920000 0.620000
1772410287286253729 0.000000 0.000000 0.000000 0.000000 0.000000 0.000000 0.000000 0.000000 0.000000 0.000000 0.910000 0.610000
1772410287287764946 0.000000 0.000000 0.000000 0.000000 0.000000 0.000000 0.000000 0.000000 0.000000 0.000000 0.910000 0.610000
1772410287307543641 0.000000 0.000000 0.000000 0.000000 0.000000 0.000000 0.000000 0.000000 0.000000 0.000000 0.910000 0.610000
1772410287327635805 0.000000 0.000000 0.000000 0.000000 0.000000 0.000000 0.000000 0.000000 0.000000 0.000000 0.910000 0.610000
1772410287343258541 0.000000 0.000000 0.000000 0.000000 0.000000 0.000000 0.000000 0.000000 0.000000 0.000000 0.910000 0.610000
1772410287343269969 0.000000 0.000000 0.000000 0.000000 0.000000 0.000000 0.000000 0.000000 0.000000 0.000000 0.910000 0.610000
1772410287347567630 0.000000 0.000000 0.000000 0.000000 0.000000 0.000000 0.000000 0.000000 0.000000 0.000000 0.910000 0.610000
1772410287367499850 0.000000 0.000000 0.000000 0.000000 0.000000 0.000000 0.000000 0.000000 0.000000 0.000000 0.910000 0.610000
1772410287367712571 0.000000 0.000000 0.000000 0.000000 0.000000 0.000000 0.000000 0.000000 0.000000 0.000000 0.910000 0.610000
1772410287386113505 0.000000 0.000000 0.000000 0.000000 0.000000 0.000000 0.000000 0.000000 0.000000 0.000000 0.920000 0.620000
1772410287387653006 0.000000 0.000000 0.000000 0.000000 0.000000 0.000000 0.000000 0.000000 0.000000 0.000000 0.920000 0.620000
1772410287407862541 0.000000 0.000000 0.000000 0.000000 0.000000 0.000000 0.000000 0.000000 0.000000 0.000000 0.920000 0.620000
1772410287427754606 0.000000 0.000000 0.000000 0.000000 0.000000 0.000000 0.000000 0.000000 0.000000 0.000000 0.920000 0.620000
1772410287443533822 0.000000 0.000000 0.000000 0.000000 0.000000 0.000000 0.000000 0.000000 0.000000 0.000000 0.920000 0.620000
1772410287443589291 0.000000 0.000000 0.000000 0.000000 0.000000 0.000000 0.000000 0.000000 0.000000 0.000000 0.920000 0.620000
1772410287447675505 0.000000 0.000000 0.000000 0.000000 0.000000 0.000000 0.000000 0.000000 0.000000 0.000000 0.920000 0.620000
1772410287465721296 0.000000 0.000000 0.000000 0.000000 0.000000 0.000000 0.000000 0.000000 0.000000 0.000000 0.920000 0.620000
1772410287467573789 0.000000 0.000000 0.000000 0.000000 0.000000 0.000000 0.000000 0.000000 0.000000 0.000000 0.920000 0.620000
1772410287486418606 0.000000 0.000000 0.000000 0.000000 0.000000 0.000000 0.000000 0.000000 0.000000 0.000000 0.920000 0.600000
1772410287487742018 0.000000 0.000000 0.000000 0.000000 0.000000 0.000000 0.000000 0.000000 0.000000 0.000000 0.920000 0.600000
1772410287507903142 0.000000 0.000000 0.000000 0.000000 0.000000 0.000000 0.000000 0.000000 0.000000 0.000000 0.920000 0.600000
1772410287527805917 0.000000 0.000000 0.000000 0.000000 0.000000 0.000000 0.000000 0.000000 0.000000 0.000000 0.920000 0.600000
1772410287547633863 0.000000 0.000000 0.000000 0.000000 0.000000 0.000000 0.000000 0.000000 0.000000 0.000000 0.920000 0.600000
1772410287567654083 0.000000 0.000000 0.000000 0.000000 0.000000 0.000000 0.000000 0.000000 0.000000 0.000000 0.920000 0.600000
1772410287568167978 0.000000 0.000000 0.000000 0.000000 0.000000 0.000000 0.000000 0.000000 0.000000 0.000000 0.920000 0.600000
1772410287568191756 0.000000 0.000000 0.000000 0.000000 0.000000 0.000000 0.000000 0.000000 0.000000 0.000000 0.920000 0.600000
1772410287586338371 0.000000 0.000000 0.000000 0.000000 0.000000 0.000000 0.000000 0.000000 0.000000 0.000000 0.920000 0.600000
1772410287586408583 0.000000 0.000000 0.000000 0.000000 0.000000 0.000000 0.000000 0.000000 0.000000 0.000000 0.920000 0.600000
1772410287587718819 0.000000 0.000000 0.000000 0.000000 0.000000 0.000000 0.000000 0.000000 0.000000 0.000000 0.920000 0.600000
1772410287607502354 0.000000 0.000000 0.000000 0.000000 0.000000 0.000000 0.000000 0.000000 0.000000 0.000000 0.920000 0.600000
1772410287627668775 0.000000 0.000000 0.000000 0.000000 0.000000 0.000000 0.000000 0.000000 0.000000 0.000000 0.920000 0.600000
1772410287647850015 0.000000 0.000000 0.000000 0.000000 0.000000 0.000000 0.000000 0.000000 0.000000 0.000000 0.920000 0.600000
1772410287668045478 0.000000 0.000000 0.000000 0.000000 0.000000 0.000000 0.000000 0.000000 0.000000 0.000000 0.920000 0.600000
1772410287668651013 0.000000 0.000000 0.000000 0.000000 0.000000 0.000000 0.000000 0.000000 0.000000 0.000000 0.920000 0.600000
1772410287668900268 0.000000 0.000000 0.000000 0.000000 0.000000 0.000000 0.000000 0.000000 0.000000 0.000000 0.920000 0.600000
1772410287686282101 0.000000 0.000000 0.000000 0.000000 0.000000 0.000000 0.000000 0.000000 0.000000 0.000000 0.920000 0.600000
1772410287686314951 0.000000 0.000000 0.000000 0.000000 0.000000 0.000000 0.000000 0.000000 0.000000 0.000000 0.930000 0.600000
1772410287687511481 0.000000 0.000000 0.000000 0.000000 0.000000 0.000000 0.000000 0.000000 0.000000 0.000000 0.930000 0.600000
1772410287707586292 0.000000 0.000000 0.000000 0.000000 0.000000 0.000000 0.000000 0.000000 0.000000 0.000000 0.930000 0.600000
1772410287727756532 0.000000 0.000000 0.000000 0.000000 0.000000 0.000000 0.000000 0.000000 0.000000 0.000000 0.930000 0.600000
1772410287747673855 0.000000 0.000000 0.000000 0.000000 0.000000 0.000000 0.000000 0.000000 0.000000 0.000000 0.930000 0.600000
1772410287767717720 0.000000 0.000000 0.000000 0.000000 0.000000 0.000000 0.000000 0.000000 0.000000 0.000000 0.930000 0.600000
1772410287786544024 0.000000 0.000000 0.000000 0.000000 0.000000 0.000000 0.000000 0.000000 0.000000 0.000000 0.920000 0.610000
1772410287787766588 0.000000 0.000000 0.000000 0.000000 0.000000 0.000000 0.000000 0.000000 0.000000 0.000000 0.920000 0.610000
1772410287793454942 0.000000 0.000000 0.000000 0.000000 0.000000 0.000000 0.000000 0.000000 0.000000 0.000000 0.920000 0.610000
1772410287793509121 0.000000 0.000000 0.000000 0.000000 0.000000 0.000000 0.000000 0.000000 0.000000 0.000000 0.920000 0.610000
1772410287806004344 0.000000 0.000000 0.000000 0.000000 0.000000 0.000000 0.000000 0.000000 0.000000 0.000000 0.920000 0.610000
1772410287807682057 0.000000 0.000000 0.000000 0.000000 0.000000 0.000000 0.000000 0.000000 0.000000 0.000000 0.920000 0.610000
1772410287827707908 0.000000 0.000000 0.000000 0.000000 0.000000 0.000000 0.000000 0.000000 0.000000 0.000000 0.920000 0.610000
1772410287847747188 0.000000 0.000000 0.000000 0.000000 0.000000 0.000000 0.000000 0.000000 0.000000 0.000000 0.920000 0.610000
1772410287867776511 0.000000 0.000000 0.000000 0.000000 0.000000 0.000000 0.000000 0.000000 0.000000 0.000000 0.920000 0.610000
1772410287886410978 0.000000 0.000000 0.000000 0.000000 0.000000 0.000000 0.000000 0.000000 0.000000 0.000000 0.910000 0.610000
1772410287887987768 0.000000 0.000000 0.000000 0.000000 0.000000 0.000000 0.000000 0.000000 0.000000 0.000000 0.910000 0.610000
1772410287893632348 0.000000 0.000000 0.000000 0.000000 0.000000 0.000000 0.000000 0.000000 0.000000 0.000000 0.910000 0.610000
1772410287893645131 0.000000 0.000000 0.000000 0.000000 0.000000 0.000000 0.000000 0.000000 0.000000 0.000000 0.910000 0.610000
1772410287905734705 0.000000 0.000000 0.000000 0.000000 0.000000 0.000000 0.000000 0.000000 0.000000 0.000000 0.910000 0.610000
1772410287907665395 0.000000 0.000000 0.000000 0.000000 0.000000 0.000000 0.000000 0.000000 0.000000 0.000000 0.910000 0.610000
1772410287927857332 0.000000 0.000000 0.000000 0.000000 0.000000 0.000000 0.000000 0.000000 0.000000 0.000000 0.910000 0.610000
1772410287947710796 0.000000 0.000000 0.000000 0.000000 0.000000 0.000000 0.000000 0.000000 0.000000 0.000000 0.910000 0.610000
1772410287967799162 0.000000 0.000000 0.000000 0.000000 0.000000 0.000000 0.000000 0.000000 0.000000 0.000000 0.910000 0.610000
1772410287987847959 0.000000 0.000000 0.000000 0.000000 0.000000 0.000000 0.000000 0.000000 0.000000 0.000000 0.920000 0.600000
1772410287987885073 0.000000 0.000000 0.000000 0.000000 0.000000 0.000000 0.000000 0.000000 0.000000 0.000000 0.920000 0.600000
1772410288007683322 0.000000 0.000000 0.000000 0.000000 0.000000 0.000000 0.000000 0.000000 0.000000 0.000000 0.920000 0.600000
1772410288018919820 0.000000 0.000000 0.000000 0.000000 0.000000 0.000000 0.000000 0.000000 0.000000 0.000000 0.920000 0.600000
1772410288018989312 0.000000 0.000000 0.000000 0.000000 0.000000 0.000000 0.000000 0.000000 0.000000 0.000000 0.920000 0.600000
1772410288026875341 0.000000 0.000000 0.000000 0.000000 0.000000 0.000000 0.000000 0.000000 0.000000 0.000000 0.920000 0.600000
1772410288027657548 0.000000 0.000000 0.000000 0.000000 0.000000 0.000000 0.000000 0.000000 0.000000 0.000000 0.920000 0.600000
1772410288047808831 0.000000 0.000000 0.000000 0.000000 0.000000 0.000000 0.000000 0.000000 0.000000 0.000000 0.920000 0.600000
1772410288068148259 0.000000 0.000000 0.000000 0.000000 0.000000 0.000000 0.000000 0.000000 0.000000 0.000000 0.920000 0.600000
1772410288086260637 0.000000 0.000000 0.000000 0.000000 0.000000 0.000000 0.000000 0.000000 0.000000 0.000000 0.920000 0.610000
1772410288087734696 0.000000 0.000000 0.000000 0.000000 0.000000 0.000000 0.000000 0.000000 0.000000 0.000000 0.920000 0.610000
1772410288107918655 0.000000 0.000000 0.000000 0.000000 0.000000 0.000000 0.000000 0.000000 0.000000 0.000000 0.920000 0.610000
1772410288127443530 0.000000 0.000000 0.000000 0.000000 0.000000 0.000000 0.000000 0.000000 0.000000 0.000000 0.920000 0.610000
1772410288127842628 0.000000 0.000000 0.000000 0.000000 0.000000 0.000000 0.000000 0.000000 0.000000 0.000000 0.920000 0.610000
1772410288148024666 0.000000 0.000000 0.000000 0.000000 0.000000 0.000000 0.000000 0.000000 0.000000 0.000000 0.920000 0.610000
1772410288167659302 0.000000 0.000000 0.000000 0.000000 0.000000 0.000000 0.000000 0.000000 0.000000 0.000000 0.920000 0.610000
1772410288187023290 0.000000 0.000000 0.000000 0.000000 0.000000 0.000000 0.000000 0.000000 0.000000 0.000000 0.910000 0.600000
1772410288187616547 0.000000 0.000000 0.000000 0.000000 0.000000 0.000000 0.000000 0.000000 0.000000 0.000000 0.910000 0.600000
1772410288193569398 0.000000 0.000000 0.000000 0.000000 0.000000 0.000000 0.000000 0.000000 0.000000 0.000000 0.910000 0.600000
1772410288193578423 0.000000 0.000000 0.000000 0.000000 0.000000 0.000000 0.000000 0.000000 0.000000 0.000000 0.910000 0.600000
1772410288208047185 0.000000 0.000000 0.000000 0.000000 0.000000 0.000000 0.000000 0.000000 0.000000 0.000000 0.910000 0.600000
1772410288227963381 0.000000 0.000000 0.000000 0.000000 0.000000 0.000000 0.000000 0.000000 0.000000 0.000000 0.910000 0.600000
1772410288245801103 0.000000 0.000000 0.000000 0.000000 0.000000 0.000000 0.000000 0.000000 0.000000 0.000000 0.910000 0.600000
1772410288247662123 0.000000 0.000000 0.000000 0.000000 0.000000 0.000000 0.000000 0.000000 0.000000 0.000000 0.910000 0.600000
1772410288267967607 0.000000 0.000000 0.000000 0.000000 0.000000 0.000000 0.000000 0.000000 0.000000 0.000000 0.910000 0.600000
1772410288286425231 0.000000 0.000000 0.000000 0.000000 0.000000 0.000000 0.000000 0.000000 0.000000 0.000000 0.910000 0.620000
1772410288287799513 0.000000 0.000000 0.000000 0.000000 0.000000 0.000000 0.000000 0.000000 0.000000 0.000000 0.910000 0.620000
1772410288307984176 0.000000 0.000000 0.000000 0.000000 0.000000 0.000000 0.000000 0.000000 0.000000 0.000000 0.910000 0.620000
1772410288318706385 0.000000 0.000000 0.000000 0.000000 0.000000 0.000000 0.000000 0.000000 0.000000 0.000000 0.910000 0.620000
1772410288318721694 0.000000 0.000000 0.000000 0.000000 0.000000 0.000000 0.000000 0.000000 0.000000 0.000000 0.910000 0.620000
1772410288327687225 0.000000 0.000000 0.000000 0.000000 0.000000 0.000000 0.000000 0.000000 0.000000 0.000000 0.910000 0.620000
1772410288345802584 0.000000 0.000000 0.000000 0.000000 0.000000 0.000000 0.000000 0.000000 0.000000 0.000000 0.910000 0.620000
1772410288347730678 0.000000 0.000000 0.000000 0.000000 0.000000 0.000000 0.000000 0.000000 0.000000 0.000000 0.910000 0.620000
1772410288367954742 0.000000 0.000000 0.000000 0.000000 0.000000 0.000000 0.000000 0.000000 0.000000 0.000000 0.910000 0.620000
1772410288386864850 0.000000 0.000000 0.000000 0.000000 0.000000 0.000000 0.000000 0.000000 0.000000 0.000000 0.920000 0.620000
1772410288387740246 0.000000 0.000000 0.000000 0.000000 0.000000 0.000000 0.000000 0.000000 0.000000 0.000000 0.920000 0.620000
1772410288407803204 0.000000 0.000000 0.000000 0.000000 0.000000 0.000000 0.000000 0.000000 0.000000 0.000000 0.920000 0.620000
1772410288427583834 0.000000 0.000000 0.000000 0.000000 0.000000 0.000000 0.000000 0.000000 0.000000 0.000000 0.920000 0.620000
1772410288447912931 0.000000 0.000000 0.000000 0.000000 0.000000 0.000000 0.000000 0.000000 0.000000 0.000000 0.920000 0.620000
1772410288468306146 0.000000 0.000000 0.000000 0.000000 0.000000 0.000000 0.000000 0.000000 0.000000 0.000000 0.920000 0.620000
1772410288468687363 0.000000 0.000000 0.000000 0.000000 0.000000 0.000000 0.000000 0.000000 0.000000 0.000000 0.920000 0.620000
1772410288469050511 0.000000 0.000000 0.000000 0.000000 0.000000 0.000000 0.000000 0.000000 0.000000 0.000000 0.920000 0.620000
1772410288469083922 0.000000 0.000000 0.000000 0.000000 0.000000 0.000000 0.000000 0.000000 0.000000 0.000000 0.920000 0.620000
1772410288488032419 0.000000 0.000000 0.000000 0.000000 0.000000 0.000000 0.000000 0.000000 0.000000 0.000000 0.920000 0.620000
1772410288488090799 0.000000 0.000000 0.000000 0.000000 0.000000 0.000000 0.000000 0.000000 0.000000 0.000000 0.910000 0.630000
1772410288507656883 0.000000 0.000000 0.000000 0.000000 0.000000 0.000000 0.000000 0.000000 0.000000 0.000000 0.910000 0.630000
1772410288527606547 0.000000 0.000000 0.000000 0.000000 0.000000 0.000000 0.000000 0.000000 0.000000 0.000000 0.910000 0.630000
1772410288547890926 0.000000 0.000000 0.000000 0.000000 0.000000 0.000000 0.000000 0.000000 0.000000 0.000000 0.910000 0.630000
1772410288566060571 0.000000 0.000000 0.000000 0.000000 0.000000 0.000000 0.000000 0.000000 0.000000 0.000000 0.910000 0.630000
1772410288567622759 0.000000 0.000000 0.000000 0.000000 0.000000 0.000000 0.000000 0.000000 0.000000 0.000000 0.910000 0.630000
1772410288586438496 0.000000 0.000000 0.000000 0.000000 0.000000 0.000000 0.000000 0.000000 0.000000 0.000000 0.920000 0.630000
1772410288587785414 0.000000 0.000000 0.000000 0.000000 0.000000 0.000000 0.000000 0.000000 0.000000 0.000000 0.920000 0.630000
1772410288593144056 0.000000 0.000000 0.000000 0.000000 0.000000 0.000000 0.000000 0.000000 0.000000 0.000000 0.920000 0.630000
1772410288593182980 0.000000 0.000000 0.000000 0.000000 0.000000 0.000000 0.000000 0.000000 0.000000 0.000000 0.920000 0.630000
1772410288607815998 0.000000 0.000000 0.000000 0.000000 0.000000 0.000000 0.000000 0.000000 0.000000 0.000000 0.920000 0.630000
1772410288627657831 0.000000 0.000000 0.000000 0.000000 0.000000 0.000000 0.000000 0.000000 0.000000 0.000000 0.920000 0.630000
1772410288647585270 0.000000 0.000000 0.000000 0.000000 0.000000 0.000000 0.000000 0.000000 0.000000 0.000000 0.920000 0.630000
1772410288667494046 0.000000 0.000000 0.000000 0.000000 0.000000 0.000000 0.000000 0.000000 0.000000 0.000000 0.920000 0.630000
1772410288686202336 0.000000 0.000000 0.000000 0.000000 0.000000 0.000000 0.000000 0.000000 0.000000 0.000000 0.920000 0.620000
1772410288686242224 0.000000 0.000000 0.000000 0.000000 0.000000 0.000000 0.000000 0.000000 0.000000 0.000000 0.920000 0.620000
1772410288687628852 0.000000 0.000000 0.000000 0.000000 0.000000 0.000000 0.000000 0.000000 0.000000 0.000000 0.920000 0.620000
1772410288707985594 0.000000 0.000000 0.000000 0.000000 0.000000 0.000000 0.000000 0.000000 0.000000 0.000000 0.920000 0.620000
1772410288727788372 0.000000 0.000000 0.000000 0.000000 0.000000 0.000000 0.000000 0.000000 0.000000 0.000000 0.920000 0.620000
1772410288743080124 0.000000 0.000000 0.000000 0.000000 0.000000 0.000000 0.000000 0.000000 0.000000 0.000000 0.920000 0.620000
1772410288743175995 0.000000 0.000000 0.000000 0.000000 0.000000 0.000000 0.000000 0.000000 0.000000 0.000000 0.920000 0.620000
1772410288747668271 0.000000 0.000000 0.000000 0.000000 0.000000 0.000000 0.000000 0.000000 0.000000 0.000000 0.920000 0.620000
1772410288767741841 0.000000 0.000000 0.000000 0.000000 0.000000 0.000000 0.000000 0.000000 0.000000 0.000000 0.920000 0.620000
1772410288785764834 0.000000 0.000000 0.000000 0.000000 0.000000 0.000000 0.000000 0.000000 0.000000 0.000000 0.920000 0.620000
1772410288785795215 0.000000 0.000000 0.000000 0.000000 0.000000 0.000000 0.000000 0.000000 0.000000 0.000000 0.910000 0.620000
1772410288787534488 0.000000 0.000000 0.000000 0.000000 0.000000 0.000000 0.000000 0.000000 0.000000 0.000000 0.910000 0.620000
1772410288807786638 0.000000 0.000000 0.000000 0.000000 0.000000 0.000000 0.000000 0.000000 0.000000 0.000000 0.910000 0.620000
1772410288827693045 0.000000 0.000000 0.000000 0.000000 0.000000 0.000000 0.000000 0.000000 0.000000 0.000000 0.910000 0.620000
1772410288847532751 0.000000 0.000000 0.000000 0.000000 0.000000 0.000000 0.000000 0.000000 0.000000 0.000000 0.910000 0.620000
1772410288867381259 0.000000 0.000000 0.000000 0.000000 0.000000 0.000000 0.000000 0.000000 0.000000 0.000000 0.910000 0.620000
1772410288867628406 0.000000 0.000000 0.000000 0.000000 0.000000 0.000000 0.000000 0.000000 0.000000 0.000000 0.910000 0.620000
1772410288867785835 0.000000 0.000000 0.000000 0.000000 0.000000 0.000000 0.000000 0.000000 0.000000 0.000000 0.910000 0.620000
1772410288886185095 0.000000 0.000000 0.000000 0.000000 0.000000 0.000000 0.000000 0.000000 0.000000 0.000000 0.920000 0.610000
1772410288887589618 0.000000 0.000000 0.000000 0.000000 0.000000 0.000000 0.000000 0.000000 0.000000 0.000000 0.920000 0.610000
1772410288907499924 0.000000 0.000000 0.000000 0.000000 0.000000 0.000000 0.000000 0.000000 0.000000 0.000000 0.920000 0.610000
1772410288908713378 0.000000 0.000000 0.000000 0.000000 0.000000 0.000000 0.000000 0.000000 0.000000 0.000000 0.920000 0.610000
1772410288927626125 0.000000 0.000000 0.000000 0.000000 0.000000 0.000000 0.000000 0.000000 0.000000 0.000000 0.920000 0.610000
1772410288947655341 0.000000 0.000000 0.000000 0.000000 0.000000 0.000000 0.000000 0.000000 0.000000 0.000000 0.920000 0.610000
1772410288967491716 0.000000 0.000000 0.000000 0.000000 0.000000 0.000000 0.000000 0.000000 0.000000 0.000000 0.920000 0.610000
1772410288967829990 0.000000 0.000000 0.000000 0.000000 0.000000 0.000000 0.000000 0.000000 0.000000 0.000000 0.920000 0.610000
1772410288967843105 0.000000 0.000000 0.000000 0.000000 0.000000 0.000000 0.000000 0.000000 0.000000 0.000000 0.920000 0.610000
1772410288986277163 0.000000 0.000000 0.000000 0.000000 0.000000 0.000000 0.000000 0.000000 0.000000 0.000000 0.920000 0.610000
1772410288987522497 0.000000 0.000000 0.000000 0.000000 0.000000 0.000000 0.000000 0.000000 0.000000 0.000000 0.920000 0.610000
1772410289005746355 0.000000 0.000000 0.000000 0.000000 0.000000 0.000000 0.000000 0.000000 0.000000 0.000000 0.920000 0.610000
1772410289007666458 0.000000 0.000000 0.000000 0.000000 0.000000 0.000000 0.000000 0.000000 0.000000 0.000000 0.920000 0.610000
1772410289027767593 0.000000 0.000000 0.000000 0.000000 0.000000 0.000000 0.000000 0.000000 0.000000 0.000000 0.920000 0.610000
1772410289047623492 0.000000 0.000000 0.000000 0.000000 0.000000 0.000000 0.000000 0.000000 0.000000 0.000000 0.920000 0.610000
1772410289067604312 0.000000 0.000000 0.000000 0.000000 0.000000 0.000000 0.000000 0.000000 0.000000 0.000000 0.920000 0.610000
1772410289068165353 0.000000 0.000000 0.000000 0.000000 0.000000 0.000000 0.000000 0.000000 0.000000 0.000000 0.920000 0.610000
1772410289068175197 0.000000 0.000000 0.000000 0.000000 0.000000 0.000000 0.000000 0.000000 0.000000 0.000000 0.920000 0.610000
1772410289086430228 0.000000 0.000000 0.000000 0.000000 0.000000 0.000000 0.000000 0.000000 0.000000 0.000000 0.930000 0.630000
1772410289087675027 0.000000 0.000000 0.000000 0.000000 0.000000 0.000000 0.000000 0.000000 0.000000 0.000000 0.930000 0.630000
1772410289107533771 0.000000 0.000000 0.000000 0.000000 0.000000 0.000000 0.000000 0.000000 0.000000 0.000000 0.930000 0.630000
1772410289126377753 0.000000 0.000000 0.000000 0.000000 0.000000 0.000000 0.000000 0.000000 0.000000 0.000000 0.930000 0.630000
1772410289127646986 0.000000 0.000000 0.000000 0.000000 0.000000 0.000000 0.000000 0.000000 0.000000 0.000000 0.930000 0.630000
1772410289147478583 0.000000 0.000000 0.000000 0.000000 0.000000 0.000000 0.000000 0.000000 0.000000 0.000000 0.930000 0.630000
1772410289167644333 0.000000 0.000000 0.000000 0.000000 0.000000 0.000000 0.000000 0.000000 0.000000 0.000000 0.930000 0.630000
1772410289186580180 0.000000 0.000000 0.000000 0.000000 0.000000 0.000000 0.000000 0.000000 0.000000 0.000000 0.930000 0.620000
1772410289188001638 0.000000 0.000000 0.000000 0.000000 0.000000 0.000000 0.000000 0.000000 0.000000 0.000000 0.930000 0.620000
1772410289193190082 0.000000 0.000000 0.000000 0.000000 0.000000 0.000000 0.000000 0.000000 0.000000 0.000000 0.930000 0.620000
1772410289193219077 0.000000 0.000000 0.000000 0.000000 0.000000 0.000000 0.000000 0.000000 0.000000 0.000000 0.930000 0.620000
1772410289208023170 0.000000 0.000000 0.000000 0.000000 0.000000 0.000000 0.000000 0.000000 0.000000 0.000000 0.930000 0.620000
1772410289226049067 0.000000 0.000000 0.000000 0.000000 0.000000 0.000000 0.000000 0.000000 0.000000 0.000000 0.930000 0.620000
1772410289227833515 0.000000 0.000000 0.000000 0.000000 0.000000 0.000000 0.000000 0.000000 0.000000 0.000000 0.930000 0.620000
1772410289247719373 0.000000 0.000000 0.000000 0.000000 0.000000 0.000000 0.000000 0.000000 0.000000 0.000000 0.930000 0.620000
1772410289267826488 0.000000 0.000000 0.000000 0.000000 0.000000 0.000000 0.000000 0.000000 0.000000 0.000000 0.930000 0.620000
1772410289286367248 0.000000 0.000000 0.000000 0.000000 0.000000 0.000000 0.000000 0.000000 0.000000 0.000000 0.940000 0.620000
1772410289287847916 0.000000 0.000000 0.000000 0.000000 0.000000 0.000000 0.000000 0.000000 0.000000 0.000000 0.940000 0.620000
1772410289293261377 0.000000 0.000000 0.000000 0.000000 0.000000 0.000000 0.000000 0.000000 0.000000 0.000000 0.940000 0.620000
1772410289293281736 0.000000 0.000000 0.000000 0.000000 0.000000 0.000000 0.000000 0.000000 0.000000 0.000000 0.940000 0.620000
1772410289307784868 0.000000 0.000000 0.000000 0.000000 0.000000 0.000000 0.000000 0.000000 0.000000 0.000000 0.940000 0.620000
1772410289327750566 0.000000 0.000000 0.000000 0.000000 0.000000 0.000000 0.000000 0.000000 0.000000 0.000000 0.940000 0.620000
1772410289346055303 0.000000 0.000000 0.000000 0.000000 0.000000 0.000000 0.000000 0.000000 0.000000 0.000000 0.940000 0.620000
1772410289347609549 0.000000 0.000000 0.000000 0.000000 0.000000 0.000000 0.000000 0.000000 0.000000 0.000000 0.940000 0.620000
1772410289367669072 0.000000 0.000000 0.000000 0.000000 0.000000 0.000000 0.000000 0.000000 0.000000 0.000000 0.940000 0.620000
1772410289386375084 0.000000 0.000000 0.000000 0.000000 0.000000 0.000000 0.000000 0.000000 0.000000 0.000000 0.940000 0.630000
1772410289387635183 0.000000 0.000000 0.000000 0.000000 0.000000 0.000000 0.000000 0.000000 0.000000 0.000000 0.940000 0.630000
1772410289407841219 0.000000 0.000000 0.000000 0.000000 0.000000 0.000000 0.000000 0.000000 0.000000 0.000000 0.940000 0.630000
1772410289427871643 0.000000 0.000000 0.000000 0.000000 0.000000 0.000000 0.000000 0.000000 0.000000 0.000000 0.940000 0.630000
1772410289442986877 0.000000 0.000000 0.000000 0.000000 0.000000 0.000000 0.000000 0.000000 0.000000 0.000000 0.940000 0.630000
1772410289443338777 0.000000 0.000000 0.000000 0.000000 0.000000 0.000000 0.000000 0.000000 0.000000 0.000000 0.940000 0.630000
1772410289445833876 0.000000 0.000000 0.000000 0.000000 0.000000 0.000000 0.000000 0.000000 0.000000 0.000000 0.940000 0.630000
1772410289447429908 0.000000 0.000000 0.000000 0.000000 0.000000 0.000000 0.000000 0.000000 0.000000 0.000000 0.940000 0.630000
1772410289467604174 0.000000 0.000000 0.000000 0.000000 0.000000 0.000000 0.000000 0.000000 0.000000 0.000000 0.940000 0.630000
1772410289486377799 0.000000 0.000000 0.000000 0.000000 0.000000 0.000000 0.000000 0.000000 0.000000 0.000000 0.930000 0.610000
1772410289487439976 0.000000 0.000000 0.000000 0.000000 0.000000 0.000000 0.000000 0.000000 0.000000 0.000000 0.930000 0.610000
1772410289507671264 0.000000 0.000000 0.000000 0.000000 0.000000 0.000000 0.000000 0.000000 0.000000 0.000000 0.930000 0.610000
1772410289527618402 0.000000 0.000000 0.000000 0.000000 0.000000 0.000000 0.000000 0.000000 0.000000 0.000000 0.930000 0.610000
1772410289547480837 0.000000 0.000000 0.000000 0.000000 0.000000 0.000000 0.000000 0.000000 0.000000 0.000000 0.930000 0.610000
1772410289567492690 0.000000 0.000000 0.000000 0.000000 0.000000 0.000000 0.000000 0.000000 0.000000 0.000000 0.930000 0.610000
1772410289567783705 0.000000 0.000000 0.000000 0.000000 0.000000 0.000000 0.000000 0.000000 0.000000 0.000000 0.930000 0.610000
1772410289567859466 0.000000 0.000000 0.000000 0.000000 0.000000 0.000000 0.000000 0.000000 0.000000 0.000000 0.930000 0.610000
1772410289568759436 0.000000 0.000000 0.000000 0.000000 0.000000 0.000000 0.000000 0.000000 0.000000 0.000000 0.930000 0.610000
1772410289585940086 0.000000 0.000000 0.000000 0.000000 0.000000 0.000000 0.000000 0.000000 0.000000 0.000000 0.940000 0.620000
1772410289587649604 0.000000 0.000000 0.000000 0.000000 0.000000 0.000000 0.000000 0.000000 0.000000 0.000000 0.940000 0.620000
1772410289607698508 0.000000 0.000000 0.000000 0.000000 0.000000 0.000000 0.000000 0.000000 0.000000 0.000000 0.940000 0.620000
1772410289627610063 0.000000 0.000000 0.000000 0.000000 0.000000 0.000000 0.000000 0.000000 0.000000 0.000000 0.940000 0.620000
1772410289647602455 0.000000 0.000000 0.000000 0.000000 0.000000 0.000000 0.000000 0.000000 0.000000 0.000000 0.940000 0.620000
1772410289667701532 0.000000 0.000000 0.000000 0.000000 0.000000 0.000000 0.000000 0.000000 0.000000 0.000000 0.940000 0.620000
1772410289668582664 0.000000 0.000000 0.000000 0.000000 0.000000 0.000000 0.000000 0.000000 0.000000 0.000000 0.940000 0.620000
1772410289668597972 0.000000 0.000000 0.000000 0.000000 0.000000 0.000000 0.000000 0.000000 0.000000 0.000000 0.940000 0.620000
1772410289669477050 0.000000 0.000000 0.000000 0.000000 0.000000 0.000000 0.000000 0.000000 0.000000 0.000000 0.940000 0.620000
1772410289687822985 0.000000 0.000000 0.000000 0.000000 0.000000 0.000000 0.000000 0.000000 0.000000 0.000000 0.940000 0.620000
1772410289693446432 0.000000 0.000000 0.000000 0.000000 0.000000 0.000000 0.000000 0.000000 0.000000 0.000000 0.940000 0.620000
1772410289707866766 0.000000 0.000000 0.000000 0.000000 0.000000 0.000000 0.000000 0.000000 0.000000 0.000000 0.940000 0.620000
1772410289727620205 0.000000 0.000000 0.000000 0.000000 0.000000 0.000000 0.000000 0.000000 0.000000 0.000000 0.940000 0.620000
1772410289747696336 0.000000 0.000000 0.000000 0.000000 0.000000 0.000000 0.000000 0.000000 0.000000 0.000000 0.940000 0.620000
1772410289767602786 0.000000 0.000000 0.000000 0.000000 0.000000 0.000000 0.000000 0.000000 0.000000 0.000000 0.940000 0.620000
1772410289786298623 0.000000 0.000000 0.000000 0.000000 0.000000 0.000000 0.000000 0.000000 0.000000 0.000000 0.940000 0.620000
1772410289786358700 0.000000 0.000000 0.000000 0.000000 0.000000 0.000000 0.000000 0.000000 0.000000 0.000000 0.940000 0.620000
1772410289787669173 0.000000 0.000000 0.000000 0.000000 0.000000 0.000000 0.000000 0.000000 0.000000 0.000000 0.940000 0.620000
1772410289807658255 0.000000 0.000000 0.000000 0.000000 0.000000 0.000000 0.000000 0.000000 0.000000 0.000000 0.940000 0.620000
1772410289818432694 0.000000 0.000000 0.000000 0.000000 0.000000 0.000000 0.000000 0.000000 0.000000 0.000000 0.940000 0.620000
1772410289818445307 0.000000 0.000000 0.000000 0.000000 0.000000 0.000000 0.000000 0.000000 0.000000 0.000000 0.940000 0.620000
1772410289827822792 0.000000 0.000000 0.000000 0.000000 0.000000 0.000000 0.000000 0.000000 0.000000 0.000000 0.940000 0.620000
1772410289847959315 0.000000 0.000000 0.000000 0.000000 0.000000 0.000000 0.000000 0.000000 0.000000 0.000000 0.940000 0.620000
1772410289867869035 0.000000 0.000000 0.000000 0.000000 0.000000 0.000000 0.000000 0.000000 0.000000 0.000000 0.940000 0.620000
1772410289886617268 0.000000 0.000000 0.000000 0.000000 0.000000 0.000000 0.000000 0.000000 0.000000 0.000000 0.930000 0.600000
1772410289886690585 0.000000 0.000000 0.000000 0.000000 0.000000 0.000000 0.000000 0.000000 0.000000 0.000000 0.930000 0.600000
1772410289887738296 0.000000 0.000000 0.000000 0.000000 0.000000 0.000000 0.000000 0.000000 0.000000 0.000000 0.930000 0.600000
1772410289908052837 0.000000 0.000000 0.000000 0.000000 0.000000 0.000000 0.000000 0.000000 0.000000 0.000000 0.930000 0.600000
1772410289918667198 0.000000 0.000000 0.000000 0.000000 0.000000 0.000000 0.000000 0.000000 0.000000 0.000000 0.930000 0.600000
1772410289918684745 0.000000 0.000000 0.000000 0.000000 0.000000 0.000000 0.000000 0.000000 0.000000 0.000000 0.930000 0.600000
1772410289927720430 0.000000 0.000000 0.000000 0.000000 0.000000 0.000000 0.000000 0.000000 0.000000 0.000000 0.930000 0.600000
1772410289947745882 0.000000 0.000000 0.000000 0.000000 0.000000 0.000000 0.000000 0.000000 0.000000 0.000000 0.930000 0.600000
1772410289967749157 0.000000 0.000000 0.000000 0.000000 0.000000 0.000000 0.000000 0.000000 0.000000 0.000000 0.930000 0.600000
1772410289986466826 0.000000 0.000000 0.000000 0.000000 0.000000 0.000000 0.000000 0.000000 0.000000 0.000000 0.940000 0.600000
1772410289987842426 0.000000 0.000000 0.000000 0.000000 0.000000 0.000000 0.000000 0.000000 0.000000 0.000000 0.940000 0.600000
1772410290005827898 0.000000 0.000000 0.000000 0.000000 0.000000 0.000000 0.000000 0.000000 0.000000 0.000000 0.940000 0.600000
1772410290007563646 0.000000 0.000000 0.000000 0.000000 0.000000 0.000000 0.000000 0.000000 0.000000 0.000000 0.940000 0.600000
1772410290027625803 0.000000 0.000000 0.000000 0.000000 0.000000 0.000000 0.000000 0.000000 0.000000 0.000000 0.940000 0.600000
1772410290047558027 0.000000 0.000000 0.000000 0.000000 0.000000 0.000000 0.000000 0.000000 0.000000 0.000000 0.940000 0.600000
1772410290067763852 0.000000 0.000000 0.000000 0.000000 0.000000 0.000000 0.000000 0.000000 0.000000 0.000000 0.940000 0.600000
1772410290068380528 0.000000 0.000000 0.000000 0.000000 0.000000 0.000000 0.000000 0.000000 0.000000 0.000000 0.940000 0.600000
1772410290068398334 0.000000 0.000000 0.000000 0.000000 0.000000 0.000000 0.000000 0.000000 0.000000 0.000000 0.940000 0.600000
1772410290086648707 0.000000 0.000000 0.000000 0.000000 0.000000 0.000000 0.000000 0.000000 0.000000 0.000000 0.920000 0.610000
1772410290087736916 0.000000 0.000000 0.000000 0.000000 0.000000 0.000000 0.000000 0.000000 0.000000 0.000000 0.920000 0.610000
1772410290106258875 0.000000 0.000000 0.000000 0.000000 0.000000 0.000000 0.000000 0.000000 0.000000 0.000000 0.920000 0.610000
1772410290107761979 0.000000 0.000000 0.000000 0.000000 0.000000 0.000000 0.000000 0.000000 0.000000 0.000000 0.920000 0.610000
1772410290127887268 0.000000 0.000000 0.000000 0.000000 0.000000 0.000000 0.000000 0.000000 0.000000 0.000000 0.920000 0.610000
1772410290147759337 0.000000 0.000000 0.000000 0.000000 0.000000 0.000000 0.000000 0.000000 0.000000 0.000000 0.920000 0.610000
1772410290168019456 0.000000 0.000000 0.000000 0.000000 0.000000 0.000000 0.000000 0.000000 0.000000 0.000000 0.920000 0.610000
1772410290168832703 0.000000 0.000000 0.000000 0.000000 0.000000 0.000000 0.000000 0.000000 0.000000 0.000000 0.920000 0.610000
1772410290168847562 0.000000 0.000000 0.000000 0.000000 0.000000 0.000000 0.000000 0.000000 0.000000 0.000000 0.920000 0.610000
1772410290186284939 0.000000 0.000000 0.000000 0.000000 0.000000 0.000000 0.000000 0.000000 0.000000 0.000000 0.920000 0.610000
1772410290187621049 0.000000 0.000000 0.000000 0.000000 0.000000 0.000000 0.000000 0.000000 0.000000 0.000000 0.920000 0.610000
1772410290207574237 0.000000 0.000000 0.000000 0.000000 0.000000 0.000000 0.000000 0.000000 0.000000 0.000000 0.920000 0.610000
1772410290226151524 0.011314 -0.000003 0.000000 0.000000 0.000000 0.000000 0.000000 0.000000 0.000000 0.000000 0.920000 0.610000
1772410290227579284 0.011314 -0.000003 0.000000 0.000000 0.011314 0.000033 0.000000 0.000000 0.000000 0.000000 0.920000 0.610000
1772410290247730686 0.011314 -0.000003 0.000000 0.000000 0.011314 0.000033 0.000000 0.000000 0.000000 0.000000 0.920000 0.610000
1772410290267913794 0.011314 -0.000003 0.000000 0.000000 0.011314 0.000029 0.000000 0.000000 0.000000 0.000000 0.920000 0.610000
1772410290286254394 0.011314 -0.000003 0.000000 0.000000 0.011314 0.000029 0.000000 0.000000 0.000000 0.000000 0.920000 0.610000
1772410290287684467 0.011314 -0.000003 0.000000 0.000000 0.011314 0.000029 0.000000 0.000000 0.000000 0.000000 0.920000 0.610000
1772410290293318667 0.011314 -0.000003 0.000000 0.000000 0.011314 0.000029 0.000000 0.000000 0.018961 -0.000000 0.920000 0.610000
1772410290293362992 0.011314 -0.000003 0.000000 0.000000 0.011314 0.000029 0.025426 -0.000000 0.018961 -0.000000 0.920000 0.610000
1772410290307814017 0.011314 -0.000003 0.000000 0.000000 0.011314 0.000029 0.025426 -0.000000 0.018961 -0.000000 0.920000 0.610000
1772410290327862993 0.011314 -0.000003 0.000000 0.000000 0.011314 0.000029 0.025426 -0.000000 0.018961 -0.000000 0.920000 0.610000
1772410290347733336 0.011314 -0.000003 0.000000 0.000000 0.011314 0.000029 0.025426 -0.000000 0.018961 -0.000000 0.920000 0.610000
1772410290367730900 0.011314 -0.000003 0.000000 0.000000 0.011314 0.000030 0.025426 -0.000000 0.018961 -0.000000 0.920000 0.610000
1772410290386718132 0.011314 -0.000003 0.000000 0.000000 0.011314 0.000030 0.025426 -0.000000 0.018961 -0.000000 0.930000 0.610000
1772410290387815342 0.011314 -0.000003 0.000000 0.000000 0.011314 0.000030 0.025426 -0.000000 0.018961 -0.000000 0.930000 0.610000
1772410290407957584 0.011314 -0.000003 0.000000 0.000000 0.011314 0.000030 0.025426 -0.000000 0.018961 -0.000000 0.930000 0.610000
1772410290418575504 0.011314 -0.000003 0.000000 0.000000 0.011314 0.000030 0.038892 -0.000007 0.018961 -0.000000 0.930000 0.610000
1772410290418584589 0.011314 -0.000003 0.000000 0.000000 0.011314 0.000030 0.038892 -0.000007 0.034044 -0.000008 0.930000 0.610000
1772410290427702559 0.011314 -0.000003 0.000000 0.000000 0.011314 0.000030 0.038892 -0.000007 0.034044 -0.000008 0.930000 0.610000
1772410290447504294 0.036362 -0.000052 0.000000 0.000000 0.011314 0.000030 0.038892 -0.000007 0.034044 -0.000008 0.930000 0.610000
1772410290447593482 0.036362 -0.000052 0.000000 0.000000 0.011314 0.000030 0.038892 -0.000007 0.034044 -0.000008 0.930000 0.610000
1772410290467900052 0.036362 -0.000052 0.000000 0.000000 0.013591 0.000040 0.038892 -0.000007 0.034044 -0.000008 0.930000 0.610000
1772410290486338588 0.036362 -0.000052 0.000000 0.000000 0.013591 0.000040 0.038892 -0.000007 0.034044 -0.000008 0.940000 0.610000
1772410290487825118 0.036362 -0.000052 0.000000 0.000000 0.013591 0.000040 0.038892 -0.000007 0.034044 -0.000008 0.940000 0.610000
1772410290507868183 0.036362 -0.000052 0.000000 0.000000 0.013590 0.000041 0.038892 -0.000007 0.034044 -0.000008 0.940000 0.610000
1772410290527920032 0.036362 -0.000052 0.000000 0.000000 0.013590 0.000041 0.038892 -0.000007 0.034044 -0.000008 0.940000 0.610000
1772410290545571416 0.064198 -0.000181 0.000000 0.000000 0.013590 0.000041 0.038892 -0.000007 0.034044 -0.000008 0.940000 0.610000
1772410290547562842 0.064198 -0.000181 0.000000 0.000000 0.041427 0.000183 0.038892 -0.000007 0.034044 -0.000008 0.940000 0.610000
1772410290567708255 0.064198 -0.000181 0.000000 0.000000 0.041427 0.000183 0.038892 -0.000007 0.034044 -0.000008 0.940000 0.610000
1772410290586974415 0.064198 -0.000181 0.000000 0.000000 0.041427 0.000183 0.038892 -0.000007 0.034044 -0.000008 0.930000 0.600000
1772410290587725952 0.064198 -0.000181 0.000000 0.000000 0.041427 0.000183 0.038892 -0.000007 0.034044 -0.000008 0.930000 0.600000
1772410290592996010 0.064198 -0.000181 0.000000 0.000000 0.041427 0.000183 0.038892 -0.000007 0.080173 -0.000084 0.930000 0.600000
1772410290593018096 0.064198 -0.000181 0.000000 0.000000 0.041427 0.000183 0.090933 -0.000080 0.080173 -0.000084 0.930000 0.600000
1772410290607776443 0.064198 -0.000181 0.000000 0.000000 0.041427 0.000178 0.090933 -0.000080 0.080173 -0.000084 0.930000 0.600000
1772410290627677180 0.064198 -0.000181 0.000000 0.000000 0.041427 0.000178 0.090933 -0.000080 0.080173 -0.000084 0.930000 0.600000
1772410290647614179 0.064198 -0.000181 0.000000 0.000000 0.041427 0.000175 0.090933 -0.000080 0.080173 -0.000084 0.930000 0.600000
1772410290665781178 0.092982 -0.000371 0.000000 0.000000 0.041427 0.000175 0.090933 -0.000080 0.080173 -0.000084 0.930000 0.600000
1772410290667557626 0.092982 -0.000371 0.000000 0.000000 0.070209 0.000251 0.090933 -0.000080 0.080173 -0.000084 0.930000 0.600000
1772410290685921218 0.092982 -0.000371 0.000000 0.000000 0.070209 0.000251 0.090933 -0.000080 0.080173 -0.000084 0.930000 0.600000
1772410290687615213 0.092982 -0.000371 0.000000 0.000000 0.070209 0.000255 0.090933 -0.000080 0.080173 -0.000084 0.930000 0.600000
1772410290707737627 0.092982 -0.000371 0.000000 0.000000 0.070209 0.000258 0.090933 -0.000080 0.080173 -0.000084 0.930000 0.600000
1772410290727795410 0.092982 -0.000371 0.000000 0.000000 0.070209 0.000258 0.090933 -0.000080 0.080173 -0.000084 0.930000 0.600000
1772410290743045823 0.092982 -0.000371 0.000000 0.000000 0.070209 0.000258 0.090933 -0.000080 0.119104 -0.000287 0.930000 0.600000
1772410290743083194 0.092982 -0.000371 0.000000 0.000000 0.070209 0.000258 0.131132 -0.000279 0.119104 -0.000287 0.930000 0.600000
1772410290747728928 0.092982 -0.000371 0.000000 0.000000 0.070209 0.000255 0.131132 -0.000279 0.119104 -0.000287 0.930000 0.600000
1772410290766116333 0.121712 -0.000611 0.000000 0.000000 0.070209 0.000255 0.131132 -0.000279 0.119104 -0.000287 0.930000 0.600000
1772410290767645400 0.121712 -0.000611 0.000000 0.000000 0.098943 0.000295 0.131132 -0.000279 0.119104 -0.000287 0.930000 0.600000
1772410290787634232 0.121712 -0.000611 0.000000 0.000000 0.098943 0.000294 0.131132 -0.000279 0.119104 -0.000287 0.930000 0.600000
1772410290807871319 0.121712 -0.000611 0.000000 0.000000 0.098943 0.000294 0.131132 -0.000279 0.119104 -0.000287 0.930000 0.600000
1772410290827915524 0.121712 -0.000611 0.000000 0.000000 0.098943 0.000294 0.131132 -0.000279 0.119104 -0.000287 0.930000 0.600000
1772410290847699033 0.121712 -0.000611 0.000000 0.000000 0.098943 0.000290 0.131132 -0.000279 0.119104 -0.000287 0.930000 0.600000
1772410290867896807 0.121712 -0.000611 0.000000 0.000000 0.098943 0.000290 0.131132 -0.000279 0.119104 -0.000287 0.930000 0.600000
1772410290868574890 0.121712 -0.000611 0.000000 0.000000 0.098943 0.000290 0.131132 -0.000279 0.157857 -0.000557 0.930000 0.600000
1772410290868600829 0.121712 -0.000611 0.000000 0.000000 0.098943 0.000290 0.171284 -0.000544 0.157857 -0.000557 0.930000 0.600000
1772410290886022321 0.121712 -0.000611 0.000000 0.000000 0.098943 0.000290 0.171284 -0.000544 0.157857 -0.000557 0.930000 0.600000
1772410290886066132 0.150810 -0.000917 0.000000 0.000000 0.098943 0.000290 0.171284 -0.000544 0.157857 -0.000557 0.930000 0.600000
1772410290887522280 0.150810 -0.000917 0.000000 0.000000 0.128041 0.000263 0.171284 -0.000544 0.157857 -0.000557 0.930000 0.600000
1772410290907791480 0.150810 -0.000917 0.000000 0.000000 0.128041 0.000263 0.171284 -0.000544 0.157857 -0.000557 0.930000 0.600000
1772410290927631479 0.150810 -0.000917 0.000000 0.000000 0.128041 0.000263 0.171284 -0.000544 0.157857 -0.000557 0.930000 0.600000
1772410290947431484 0.150810 -0.000917 0.000000 0.000000 0.128041 0.000267 0.171284 -0.000544 0.157857 -0.000557 0.930000 0.600000
1772410290967812293 0.150810 -0.000917 0.000000 0.000000 0.128041 0.000267 0.171284 -0.000544 0.157857 -0.000557 0.930000 0.600000
1772410290968697401 0.150810 -0.000917 0.000000 0.000000 0.128041 0.000267 0.188867 -0.000775 0.157857 -0.000557 0.930000 0.600000
1772410290968722665 0.150810 -0.000917 0.000000 0.000000 0.128041 0.000267 0.188867 -0.000775 0.177596 -0.000781 0.930000 0.600000
1772410290986400448 0.209162 -0.001731 0.000000 0.000000 0.128041 0.000267 0.188867 -0.000775 0.177596 -0.000781 0.930000 0.600000
1772410290987570720 0.209162 -0.001731 0.000000 0.000000 0.186394 0.000161 0.188867 -0.000775 0.177596 -0.000781 0.930000 0.600000
1772410291007743742 0.209162 -0.001731 0.000000 0.000000 0.186394 0.000161 0.188867 -0.000775 0.177596 -0.000781 0.930000 0.600000
1772410291027731632 0.209162 -0.001731 0.000000 0.000000 0.186394 0.000168 0.188867 -0.000775 0.177596 -0.000781 0.930000 0.600000
1772410291047569360 0.209162 -0.001731 0.000000 0.000000 0.186394 0.000168 0.188867 -0.000775 0.177596 -0.000781 0.930000 0.600000
1772410291067688606 0.209162 -0.001731 0.000000 0.000000 0.186394 0.000168 0.188867 -0.000775 0.177596 -0.000781 0.930000 0.600000
1772410291086438137 0.209162 -0.001731 0.000000 0.000000 0.186394 0.000168 0.188867 -0.000775 0.177596 -0.000781 0.930000 0.610000
1772410291087735656 0.209162 -0.001731 0.000000 0.000000 0.186394 0.000167 0.188867 -0.000775 0.177596 -0.000781 0.930000 0.610000
1772410291093527121 0.209162 -0.001731 0.000000 0.000000 0.186394 0.000167 0.299621 -0.001695 0.177596 -0.000781 0.930000 0.610000
1772410291093560234 0.209162 -0.001731 0.000000 0.000000 0.186394 0.000167 0.299621 -0.001695 0.276938 -0.001756 0.930000 0.610000
1772410291107829387 0.209162 -0.001731 0.000000 0.000000 0.186394 0.000167 0.299621 -0.001695 0.276938 -0.001756 0.930000 0.610000
1772410291127818801 0.209162 -0.001731 0.000000 0.000000 0.186394 0.000167 0.299621 -0.001695 0.276938 -0.001756 0.930000 0.610000
1772410291147762836 0.209162 -0.001731 0.000000 0.000000 0.186394 0.000167 0.299621 -0.001695 0.276938 -0.001756 0.930000 0.610000
1772410291167676223 0.209162 -0.001731 0.000000 0.000000 0.186394 0.000167 0.299621 -0.001695 0.276938 -0.001756 0.930000 0.610000
1772410291186111660 0.209162 -0.001731 0.000000 0.000000 0.186394 0.000167 0.299621 -0.001695 0.276938 -0.001756 0.930000 0.610000
1772410291187958453 0.209162 -0.001731 0.000000 0.000000 0.186394 0.000166 0.299621 -0.001695 0.276938 -0.001756 0.930000 0.610000
1772410291193709308 0.209162 -0.001731 0.000000 0.000000 0.186394 0.000166 0.364451 -0.002803 0.276938 -0.001756 0.930000 0.610000
1772410291193956318 0.209162 -0.001731 0.000000 0.000000 0.186394 0.000166 0.364451 -0.002803 0.346408 -0.002944 0.930000 0.610000
1772410291206526568 0.265089 -0.002785 0.000000 0.000000 0.186394 0.000166 0.364451 -0.002803 0.346408 -0.002944 0.930000 0.610000
1772410291207680906 0.265089 -0.002785 0.000000 0.000000 0.191480 0.000155 0.364451 -0.002803 0.346408 -0.002944 0.930000 0.610000
1772410291227749887 0.265089 -0.002785 0.000000 0.000000 0.191480 0.000154 0.364451 -0.002803 0.346408 -0.002944 0.930000 0.610000
1772410291247762577 0.265089 -0.002785 0.000000 0.000000 0.191480 0.000154 0.364451 -0.002803 0.346408 -0.002944 0.930000 0.610000
1772410291267586353 0.265089 -0.002785 0.000000 0.000000 0.191480 0.000153 0.364451 -0.002803 0.346408 -0.002944 0.930000 0.610000
1772410291286202345 0.265089 -0.002785 0.000000 0.000000 0.191480 0.000153 0.364451 -0.002803 0.346408 -0.002944 0.930000 0.620000
1772410291288035704 0.265089 -0.002785 0.000000 0.000000 0.191480 0.000153 0.364451 -0.002803 0.346408 -0.002944 0.930000 0.620000
1772410291308121351 0.265089 -0.002785 0.000000 0.000000 0.191480 0.000153 0.364451 -0.002803 0.346408 -0.002944 0.930000 0.620000
1772410291318259185 0.265089 -0.002785 0.000000 0.000000 0.191480 0.000153 0.333518 -0.002977 0.346408 -0.002944 0.930000 0.620000
1772410291318620817 0.265089 -0.002785 0.000000 0.000000 0.191480 0.000153 0.333518 -0.002977 0.322520 -0.002966 0.930000 0.620000
1772410291325975077 0.267772 -0.002843 0.000000 0.000000 0.191480 0.000153 0.333518 -0.002977 0.322520 -0.002966 0.930000 0.620000
1772410291327659541 0.267772 -0.002843 0.000000 0.000000 0.194163 0.000142 0.333518 -0.002977 0.322520 -0.002966 0.930000 0.620000
1772410291347790161 0.267772 -0.002843 0.000000 0.000000 0.194163 0.000142 0.333518 -0.002977 0.322520 -0.002966 0.930000 0.620000
1772410291367778145 0.267772 -0.002843 0.000000 0.000000 0.194163 0.000141 0.333518 -0.002977 0.322520 -0.002966 0.930000 0.620000
1772410291386329798 0.267772 -0.002843 0.000000 0.000000 0.194163 0.000141 0.333518 -0.002977 0.322520 -0.002966 0.950000 0.620000
1772410291387777689 0.267772 -0.002843 0.000000 0.000000 0.194163 0.000141 0.333518 -0.002977 0.322520 -0.002966 0.950000 0.620000
1772410291408087644 0.267772 -0.002843 0.000000 0.000000 0.194163 0.000141 0.333518 -0.002977 0.322520 -0.002966 0.950000 0.620000
1772410291418573150 0.267772 -0.002843 0.000000 0.000000 0.194163 0.000141 0.312543 -0.002938 0.322520 -0.002966 0.950000 0.620000
1772410291418581061 0.267772 -0.002843 0.000000 0.000000 0.194163 0.000141 0.312543 -0.002938 0.308859 -0.002857 0.950000 0.620000
1772410291426074151 0.297179 -0.003527 0.000000 0.000000 0.194163 0.000141 0.312543 -0.002938 0.308859 -0.002857 0.950000 0.620000
1772410291427653249 0.297179 -0.003527 0.000000 0.000000 0.223577 -0.000065 0.312543 -0.002938 0.308859 -0.002857 0.950000 0.620000
1772410291447741275 0.297179 -0.003527 0.000000 0.000000 0.223577 -0.000065 0.312543 -0.002938 0.308859 -0.002857 0.950000 0.620000
1772410291467720033 0.297179 -0.003527 0.000000 0.000000 0.223577 -0.000057 0.312543 -0.002938 0.308859 -0.002857 0.950000 0.620000
1772410291486053837 0.297179 -0.003527 0.000000 0.000000 0.223577 -0.000057 0.312543 -0.002938 0.308859 -0.002857 0.980000 0.610000
1772410291487368074 0.297179 -0.003527 0.000000 0.000000 0.223577 -0.000057 0.312543 -0.002938 0.308859 -0.002857 0.980000 0.610000
1772410291507477545 0.297179 -0.003527 0.000000 0.000000 0.223577 -0.000055 0.312543 -0.002938 0.308859 -0.002857 0.980000 0.610000
1772410291518974347 0.297179 -0.003527 0.000000 0.000000 0.223577 -0.000055 0.312543 -0.002938 0.357098 -0.003764 0.980000 0.610000
1772410291518983006 0.297179 -0.003527 0.000000 0.000000 0.223577 -0.000055 0.368186 -0.003764 0.357098 -0.003764 0.980000 0.610000
1772410291527808609 0.297179 -0.003527 0.000000 0.000000 0.223577 -0.000055 0.368186 -0.003764 0.357098 -0.003764 0.980000 0.610000
1772410291547163795 0.356043 -0.005069 0.000000 0.000000 0.223577 -0.000055 0.368186 -0.003764 0.357098 -0.003764 0.980000 0.610000
1772410291547441412 0.356043 -0.005069 0.000000 0.000000 0.282457 -0.000491 0.368186 -0.003764 0.357098 -0.003764 0.980000 0.610000
1772410291567578609 0.356043 -0.005069 0.000000 0.000000 0.282457 -0.000492 0.368186 -0.003764 0.357098 -0.003764 0.980000 0.610000
1772410291586412936 0.356043 -0.005069 0.000000 0.000000 0.282457 -0.000492 0.368186 -0.003764 0.357098 -0.003764 1.000000 0.600000
1772410291587879096 0.356043 -0.005069 0.000000 0.000000 0.282457 -0.000492 0.368186 -0.003764 0.357098 -0.003764 1.000000 0.600000
1772410291607687214 0.356043 -0.005069 0.000000 0.000000 0.282457 -0.000494 0.368186 -0.003764 0.357098 -0.003764 1.000000 0.600000
1772410291627646929 0.356043 -0.005069 0.000000 0.000000 0.282457 -0.000494 0.368186 -0.003764 0.357098 -0.003764 1.000000 0.600000
1772410291647471046 0.356043 -0.005069 0.000000 0.000000 0.282457 -0.000494 0.368186 -0.003764 0.357098 -0.003764 1.000000 0.600000
1772410291667517979 0.356043 -0.005069 0.000000 0.000000 0.282457 -0.000495 0.368186 -0.003764 0.357098 -0.003764 1.000000 0.600000
1772410291667711894 0.356043 -0.005069 0.000000 0.000000 0.282457 -0.000495 0.368186 -0.003764 0.445773 -0.005947 1.000000 0.600000
1772410291667732335 0.356043 -0.005069 0.000000 0.000000 0.282457 -0.000495 0.460788 -0.005855 0.445773 -0.005947 1.000000 0.600000
1772410291686630374 0.356043 -0.005069 0.000000 0.000000 0.282457 -0.000495 0.460788 -0.005855 0.445773 -0.005947 1.020000 0.590000
1772410291687574512 0.356043 -0.005069 0.000000 0.000000 0.282457 -0.000495 0.460788 -0.005855 0.445773 -0.005947 1.020000 0.590000
1772410291707742005 0.356043 -0.005069 0.000000 0.000000 0.282457 -0.000494 0.460788 -0.005855 0.445773 -0.005947 1.020000 0.590000
1772410291727807417 0.356043 -0.005069 0.000000 0.000000 0.282457 -0.000494 0.460788 -0.005855 0.445773 -0.005947 1.020000 0.590000
1772410291747583644 0.356043 -0.005069 0.000000 0.000000 0.282457 -0.000494 0.460788 -0.005855 0.445773 -0.005947 1.020000 0.590000
1772410291766027201 0.412482 -0.006714 0.000000 0.000000 0.282457 -0.000494 0.460788 -0.005855 0.445773 -0.005947 1.020000 0.590000
1772410291767680265 0.412482 -0.006714 0.000000 0.000000 0.287590 -0.000536 0.460788 -0.005855 0.445773 -0.005947 1.020000 0.590000
1772410291786620940 0.412482 -0.006714 0.000000 0.000000 0.287590 -0.000536 0.460788 -0.005855 0.445773 -0.005947 1.050000 0.570000
1772410291787723422 0.412482 -0.006714 0.000000 0.000000 0.287590 -0.000536 0.460788 -0.005855 0.445773 -0.005947 1.050000 0.570000
1772410291787818601 0.412482 -0.006714 0.120209 -0.041373 0.287590 -0.000536 0.460788 -0.005855 0.445773 -0.005947 1.050000 0.570000
1772410291793270635 0.412482 -0.006714 0.120209 -0.041373 0.287590 -0.000536 0.469833 -0.006682 0.445773 -0.005947 1.050000 0.570000
1772410291807782086 0.412482 -0.006714 0.120209 -0.041373 0.135836 -0.037680 0.469833 -0.006682 0.445773 -0.005947 1.050000 0.570000
1772410291818717021 0.412482 -0.006714 0.120209 -0.041373 0.135836 -0.037680 0.469833 -0.006682 0.167095 -0.041566 1.050000 0.570000
1772410291827812163 0.412482 -0.006714 0.120209 -0.041373 0.135836 -0.037680 0.469833 -0.006682 0.167095 -0.041566 1.050000 0.570000
1772410291847603875 0.412482 -0.006714 0.120209 -0.041373 0.135836 -0.037680 0.469833 -0.006682 0.167095 -0.041566 1.050000 0.570000
1772410291867587803 0.412482 -0.006714 0.120209 -0.041373 0.135836 -0.037680 0.469833 -0.006682 0.167095 -0.041566 1.050000 0.570000
1772410291867852298 0.414902 -0.006787 0.120209 -0.041373 0.135836 -0.037680 0.469833 -0.006682 0.167095 -0.041566 1.050000 0.570000
1772410291886849080 0.414902 -0.006787 0.120209 -0.041373 0.135836 -0.037680 0.469833 -0.006682 0.167095 -0.041566 1.070000 0.570000
1772410291887671260 0.414902 -0.006787 0.140209 -0.041368 0.135836 -0.037680 0.469833 -0.006682 0.167095 -0.041566 1.070000 0.570000
1772410291887722621 0.414902 -0.006787 0.140209 -0.041368 0.137763 -0.037696 0.469833 -0.006682 0.167095 -0.041566 1.070000 0.570000
1772410291907727245 0.414902 -0.006787 0.140209 -0.041368 0.139190 -0.039449 0.469833 -0.006682 0.167095 -0.041566 1.070000 0.570000
1772410291927824041 0.414902 -0.006787 0.140209 -0.041368 0.139190 -0.039449 0.469833 -0.006682 0.167095 -0.041566 1.070000 0.570000
1772410291943566717 0.414902 -0.006787 0.140209 -0.041368 0.139190 -0.039449 0.451953 -0.006578 0.167095 -0.041566 1.070000 0.570000
1772410291943694257 0.414902 -0.006787 0.140209 -0.041368 0.139190 -0.039449 0.451953 -0.006578 0.152269 -0.041425 1.070000 0.570000
1772410291947617116 0.414902 -0.006787 0.140209 -0.041368 0.139190 -0.039449 0.451953 -0.006578 0.152269 -0.041425 1.070000 0.570000
1772410291967656177 0.414902 -0.006787 0.140209 -0.041368 0.139190 -0.039449 0.451953 -0.006578 0.152269 -0.041425 1.070000 0.570000
1772410291987794921 0.414902 -0.006787 0.140209 -0.041368 0.139190 -0.039449 0.451953 -0.006578 0.152269 -0.041425 1.070000 0.570000
1772410291987841743 0.471125 -0.008590 0.140209 -0.041368 0.139190 -0.039449 0.451953 -0.006578 0.152269 -0.041425 1.070000 0.570000
1772410291987874242 0.471125 -0.008590 0.140209 -0.041368 0.139190 -0.039449 0.451953 -0.006578 0.152269 -0.041425 1.100000 0.560000
1772410291988640792 0.471125 -0.008590 0.170212 -0.051362 0.139190 -0.039449 0.451953 -0.006578 0.152269 -0.041425 1.100000 0.560000
1772410292007850389 0.471125 -0.008590 0.170212 -0.051362 0.180870 -0.043536 0.451953 -0.006578 0.152269 -0.041425 1.100000 0.560000
1772410292027716022 0.471125 -0.008590 0.170212 -0.051362 0.180870 -0.043536 0.451953 -0.006578 0.152269 -0.041425 1.100000 0.560000
1772410292047716312 0.471125 -0.008590 0.170212 -0.051362 0.180870 -0.043535 0.451953 -0.006578 0.152269 -0.041425 1.100000 0.560000
1772410292067696878 0.471125 -0.008590 0.170212 -0.051362 0.180870 -0.043535 0.451953 -0.006578 0.152269 -0.041425 1.100000 0.560000
1772410292068397250 0.471125 -0.008590 0.170212 -0.051362 0.180870 -0.043535 0.451953 -0.006578 0.225652 -0.046913 1.100000 0.560000
1772410292068405665 0.471125 -0.008590 0.170212 -0.051362 0.180870 -0.043535 0.550726 -0.008929 0.225652 -0.046913 1.100000 0.560000
1772410292086869725 0.471125 -0.008590 0.170212 -0.051362 0.180870 -0.043535 0.550726 -0.008929 0.225652 -0.046913 1.130000 0.550000
1772410292086882292 0.473860 -0.008683 0.170212 -0.051362 0.180870 -0.043535 0.550726 -0.008929 0.225652 -0.046913 1.130000 0.550000
1772410292087421122 0.473860 -0.008683 0.200214 -0.061355 0.180870 -0.043535 0.550726 -0.008929 0.225652 -0.046913 1.130000 0.550000
1772410292087623225 0.473860 -0.008683 0.200214 -0.061355 0.183597 -0.043554 0.550726 -0.008929 0.225652 -0.046913 1.130000 0.550000
1772410292107912345 0.473860 -0.008683 0.200214 -0.061355 0.187692 -0.047928 0.550726 -0.008929 0.225652 -0.046913 1.130000 0.550000
1772410292127872851 0.473860 -0.008683 0.200214 -0.061355 0.187692 -0.047928 0.550726 -0.008929 0.225652 -0.046913 1.130000 0.550000
1772410292147769958 0.473860 -0.008683 0.200214 -0.061355 0.187692 -0.047929 0.550726 -0.008929 0.225652 -0.046913 1.130000 0.550000
1772410292167809247 0.473860 -0.008683 0.200214 -0.061355 0.187692 -0.047929 0.550726 -0.008929 0.225652 -0.046913 1.130000 0.550000
1772410292168296838 0.473860 -0.008683 0.200214 -0.061355 0.187692 -0.047929 0.514798 -0.008528 0.225652 -0.046913 1.130000 0.550000
1772410292168337149 0.473860 -0.008683 0.200214 -0.061355 0.187692 -0.047929 0.514798 -0.008528 0.212556 -0.050372 1.130000 0.550000
1772410292186484153 0.473860 -0.008683 0.200214 -0.061355 0.187692 -0.047929 0.514798 -0.008528 0.212556 -0.050372 1.150000 0.550000
1772410292187162620 0.473860 -0.008683 0.220214 -0.061350 0.187692 -0.047929 0.514798 -0.008528 0.212556 -0.050372 1.150000 0.550000
1772410292187388745 0.473860 -0.008683 0.220214 -0.061350 0.187692 -0.047929 0.514798 -0.008528 0.212556 -0.050372 1.150000 0.550000
1772410292205973678 0.503416 -0.009696 0.220214 -0.061350 0.187692 -0.047929 0.514798 -0.008528 0.212556 -0.050372 1.150000 0.550000
1772410292207712141 0.503416 -0.009696 0.220214 -0.061350 0.201142 -0.050651 0.514798 -0.008528 0.212556 -0.050372 1.150000 0.550000
1772410292227672861 0.503416 -0.009696 0.220214 -0.061350 0.201142 -0.050651 0.514798 -0.008528 0.212556 -0.050372 1.150000 0.550000
1772410292247676024 0.503416 -0.009696 0.220214 -0.061350 0.201142 -0.050648 0.514798 -0.008528 0.212556 -0.050372 1.150000 0.550000
1772410292267782736 0.503416 -0.009696 0.220214 -0.061350 0.201142 -0.050648 0.514798 -0.008528 0.212556 -0.050372 1.150000 0.550000
1772410292287211993 0.503416 -0.009696 0.220214 -0.061350 0.201142 -0.050648 0.514798 -0.008528 0.212556 -0.050372 1.190000 0.540000
1772410292287511177 0.503416 -0.009696 0.220214 -0.061350 0.201142 -0.050647 0.514798 -0.008528 0.212556 -0.050372 1.190000 0.540000
1772410292287561878 0.503416 -0.009696 0.260216 -0.071341 0.201142 -0.050647 0.514798 -0.008528 0.212556 -0.050372 1.190000 0.540000
1772410292292991284 0.503416 -0.009696 0.260216 -0.071341 0.201142 -0.050647 0.564233 -0.009883 0.212556 -0.050372 1.190000 0.540000
1772410292306547661 0.532918 -0.010743 0.260216 -0.071341 0.201142 -0.050647 0.564233 -0.009883 0.212556 -0.050372 1.190000 0.540000
1772410292307999453 0.532918 -0.010743 0.260216 -0.071341 0.233274 -0.054281 0.564233 -0.009883 0.212556 -0.050372 1.190000 0.540000
1772410292327492314 0.532918 -0.010743 0.260216 -0.071341 0.233274 -0.054280 0.564233 -0.009883 0.212556 -0.050372 1.190000 0.540000
1772410292347708662 0.532918 -0.010743 0.260216 -0.071341 0.233274 -0.054280 0.564233 -0.009883 0.212556 -0.050372 1.190000 0.540000
1772410292367740211 0.532918 -0.010743 0.260216 -0.071341 0.233274 -0.054280 0.564233 -0.009883 0.212556 -0.050372 1.190000 0.540000
1772410292368722033 0.532918 -0.010743 0.260216 -0.071341 0.233274 -0.054280 0.564233 -0.009883 0.281583 -0.057952 1.190000 0.540000
1772410292386327376 0.532918 -0.010743 0.260216 -0.071341 0.233274 -0.054280 0.564233 -0.009883 0.281583 -0.057952 1.210000 0.540000
1772410292386981555 0.532918 -0.010743 0.280216 -0.071337 0.233274 -0.054280 0.564233 -0.009883 0.281583 -0.057952 1.210000 0.540000
1772410292387850553 0.532918 -0.010743 0.280216 -0.071337 0.260347 -0.056905 0.564233 -0.009883 0.281583 -0.057952 1.210000 0.540000
1772410292392993628 0.532918 -0.010743 0.280216 -0.071337 0.260347 -0.056905 0.597519 -0.011028 0.281583 -0.057952 1.210000 0.540000
1772410292407827220 0.532918 -0.010743 0.280216 -0.071337 0.260347 -0.056905 0.597519 -0.011028 0.281583 -0.057952 1.210000 0.540000
1772410292426590977 0.592235 -0.012922 0.280216 -0.071337 0.260347 -0.056905 0.597519 -0.011028 0.281583 -0.057952 1.210000 0.540000
1772410292427603436 0.592235 -0.012922 0.280216 -0.071337 0.280031 -0.057042 0.597519 -0.011028 0.281583 -0.057952 1.210000 0.540000
1772410292447510528 0.592235 -0.012922 0.280216 -0.071337 0.280031 -0.057042 0.597519 -0.011028 0.281583 -0.057952 1.210000 0.540000
1772410292467741026 0.592235 -0.012922 0.280216 -0.071337 0.280031 -0.057042 0.597519 -0.011028 0.281583 -0.057952 1.210000 0.540000
1772410292486082889 0.592235 -0.012922 0.280216 -0.071337 0.280031 -0.057042 0.597519 -0.011028 0.281583 -0.057952 1.240000 0.540000
1772410292486400238 0.592235 -0.012922 0.310216 -0.071330 0.280031 -0.057042 0.597519 -0.011028 0.281583 -0.057952 1.240000 0.540000
1772410292487570512 0.592235 -0.012922 0.310216 -0.071330 0.309821 -0.059036 0.597519 -0.011028 0.281583 -0.057952 1.240000 0.540000
1772410292492892908 0.592235 -0.012922 0.310216 -0.071330 0.309821 -0.059036 0.662445 -0.013186 0.281583 -0.057952 1.240000 0.540000
1772410292507767386 0.592235 -0.012922 0.310216 -0.071330 0.309821 -0.059036 0.662445 -0.013186 0.281583 -0.057952 1.240000 0.540000
1772410292527807097 0.592235 -0.012922 0.310216 -0.071330 0.309821 -0.059040 0.662445 -0.013186 0.281583 -0.057952 1.240000 0.540000
1772410292543284979 0.592235 -0.012922 0.310216 -0.071330 0.309821 -0.059040 0.662445 -0.013186 0.382398 -0.065204 1.240000 0.540000
1772410292547653160 0.592235 -0.012922 0.310216 -0.071330 0.309821 -0.059040 0.662445 -0.013186 0.382398 -0.065204 1.240000 0.540000
1772410292567457379 0.592235 -0.012922 0.310216 -0.071330 0.309821 -0.059041 0.662445 -0.013186 0.382398 -0.065204 1.240000 0.540000
1772410292586661876 0.592235 -0.012922 0.310216 -0.071330 0.309821 -0.059041 0.662445 -0.013186 0.382398 -0.065204 1.260000 0.540000
1772410292586844900 0.592235 -0.012922 0.330216 -0.071326 0.309821 -0.059041 0.662445 -0.013186 0.382398 -0.065204 1.260000 0.540000
1772410292587533583 0.592235 -0.012922 0.330216 -0.071326 0.355928 -0.060748 0.662445 -0.013186 0.382398 -0.065204 1.260000 0.540000
1772410292607639880 0.592235 -0.012922 0.330216 -0.071326 0.355928 -0.060748 0.662445 -0.013186 0.382398 -0.065204 1.260000 0.540000
1772410292627623059 0.592235 -0.012922 0.330216 -0.071326 0.355928 -0.060744 0.662445 -0.013186 0.382398 -0.065204 1.260000 0.540000
1772410292643423145 0.592235 -0.012922 0.330216 -0.071326 0.355928 -0.060744 0.742101 -0.016284 0.382398 -0.065204 1.260000 0.540000
1772410292646134042 0.621420 -0.014015 0.330216 -0.071326 0.355928 -0.060744 0.742101 -0.016284 0.382398 -0.065204 1.260000 0.540000
1772410292647570543 0.621420 -0.014015 0.330216 -0.071326 0.363854 -0.060800 0.742101 -0.016284 0.382398 -0.065204 1.260000 0.540000
1772410292667586170 0.621420 -0.014015 0.330216 -0.071326 0.363854 -0.060796 0.742101 -0.016284 0.382398 -0.065204 1.260000 0.540000
1772410292687125949 0.621420 -0.014015 0.330216 -0.071326 0.363854 -0.060796 0.742101 -0.016284 0.382398 -0.065204 1.280000 0.540000
1772410292687385567 0.621420 -0.014015 0.330216 -0.071326 0.363854 -0.060796 0.742101 -0.016284 0.382398 -0.065204 1.280000 0.540000
1772410292687456152 0.621420 -0.014015 0.350216 -0.071321 0.363854 -0.060796 0.742101 -0.016284 0.382398 -0.065204 1.280000 0.540000
1772410292707684423 0.621420 -0.014015 0.350216 -0.071321 0.367268 -0.061920 0.742101 -0.016284 0.382398 -0.065204 1.280000 0.540000
1772410292718269661 0.621420 -0.014015 0.350216 -0.071321 0.367268 -0.061920 0.742101 -0.016284 0.379356 -0.066847 1.280000 0.540000
1772410292727717556 0.621420 -0.014015 0.350216 -0.071321 0.367268 -0.061920 0.742101 -0.016284 0.379356 -0.066847 1.280000 0.540000
1772410292746122051 0.651077 -0.015134 0.350216 -0.071321 0.367268 -0.061920 0.742101 -0.016284 0.379356 -0.066847 1.280000 0.540000
1772410292747580898 0.651077 -0.015134 0.350216 -0.071321 0.384900 -0.062020 0.742101 -0.016284 0.379356 -0.066847 1.280000 0.540000
1772410292767595443 0.651077 -0.015134 0.350216 -0.071321 0.384900 -0.062022 0.742101 -0.016284 0.379356 -0.066847 1.280000 0.540000
1772410292786304744 0.651077 -0.015134 0.350216 -0.071321 0.384900 -0.062022 0.742101 -0.016284 0.379356 -0.066847 1.320000 0.550000
1772410292786762741 0.651077 -0.015134 0.390214 -0.061312 0.384900 -0.062022 0.742101 -0.016284 0.379356 -0.066847 1.320000 0.550000
1772410292787605658 0.651077 -0.015134 0.390214 -0.061312 0.396247 -0.062017 0.742101 -0.016284 0.379356 -0.066847 1.320000 0.550000
1772410292792865684 0.651077 -0.015134 0.390214 -0.061312 0.396247 -0.062017 0.729681 -0.016296 0.379356 -0.066847 1.320000 0.550000
1772410292807687649 0.651077 -0.015134 0.390214 -0.061312 0.396247 -0.062017 0.729681 -0.016296 0.379356 -0.066847 1.320000 0.550000
1772410292827601608 0.651077 -0.015134 0.390214 -0.061312 0.396247 -0.062017 0.729681 -0.016296 0.379356 -0.066847 1.320000 0.550000
1772410292843554201 0.651077 -0.015134 0.390214 -0.061312 0.396247 -0.062017 0.729681 -0.016296 0.426188 -0.068071 1.320000 0.550000
1772410292847623503 0.651077 -0.015134 0.390214 -0.061312 0.396247 -0.062017 0.729681 -0.016296 0.426188 -0.068071 1.320000 0.550000
1772410292866178531 0.680471 -0.016264 0.390214 -0.061312 0.396247 -0.062017 0.729681 -0.016296 0.426188 -0.068071 1.320000 0.550000
1772410292867570527 0.680471 -0.016264 0.390214 -0.061312 0.415770 -0.062119 0.729681 -0.016296 0.426188 -0.068071 1.320000 0.550000
1772410292886169325 0.680471 -0.016264 0.390214 -0.061312 0.415770 -0.062119 0.729681 -0.016296 0.426188 -0.068071 1.350000 0.570000
1772410292886722384 0.680471 -0.016264 0.420209 -0.041305 0.415770 -0.062119 0.729681 -0.016296 0.426188 -0.068071 1.350000 0.570000
1772410292887536242 0.680471 -0.016264 0.420209 -0.041305 0.420736 -0.060288 0.729681 -0.016296 0.426188 -0.068071 1.350000 0.570000
1772410292892869582 0.680471 -0.016264 0.420209 -0.041305 0.420736 -0.060288 0.756597 -0.017326 0.426188 -0.068071 1.350000 0.570000
1772410292907796264 0.680471 -0.016264 0.420209 -0.041305 0.420736 -0.060293 0.756597 -0.017326 0.426188 -0.068071 1.350000 0.570000
1772410292927834002 0.680471 -0.016264 0.420209 -0.041305 0.420736 -0.060293 0.756597 -0.017326 0.426188 -0.068071 1.350000 0.570000
1772410292947630115 0.680471 -0.016264 0.420209 -0.041305 0.420736 -0.060293 0.756597 -0.017326 0.426188 -0.068071 1.350000 0.570000
1772410292967515697 0.680471 -0.016264 0.420209 -0.041305 0.420736 -0.060295 0.756597 -0.017326 0.426188 -0.068071 1.350000 0.570000
1772410292968178179 0.680471 -0.016264 0.420209 -0.041305 0.420736 -0.060295 0.756597 -0.017326 0.453573 -0.066473 1.350000 0.570000
1772410292972245202 0.739888 -0.018592 0.420209 -0.041305 0.420736 -0.060295 0.756597 -0.017326 0.453573 -0.066473 1.350000 0.570000
1772410292986467363 0.739888 -0.018592 0.420209 -0.041305 0.420736 -0.060295 0.756597 -0.017326 0.453573 -0.066473 1.390000 0.580000
1772410292987126949 0.739888 -0.018592 0.460207 -0.031296 0.420736 -0.060295 0.756597 -0.017326 0.453573 -0.066473 1.390000 0.580000
1772410292987628985 0.739888 -0.018592 0.460207 -0.031296 0.467989 -0.060615 0.756597 -0.017326 0.453573 -0.066473 1.390000 0.580000
1772410293007776629 0.739888 -0.018592 0.460207 -0.031296 0.478574 -0.058241 0.756597 -0.017326 0.453573 -0.066473 1.390000 0.580000
1772410293027895840 0.739888 -0.018592 0.460207 -0.031296 0.478574 -0.058241 0.756597 -0.017326 0.453573 -0.066473 1.390000 0.580000
1772410293043740151 0.739888 -0.018592 0.460207 -0.031296 0.478574 -0.058241 0.873930 -0.021689 0.453573 -0.066473 1.390000 0.580000
1772410293047519768 0.739888 -0.018592 0.460207 -0.031296 0.478574 -0.058239 0.873930 -0.021689 0.453573 -0.066473 1.390000 0.580000
1772410293067567188 0.739888 -0.018592 0.460207 -0.031296 0.478574 -0.058236 0.873930 -0.021689 0.453573 -0.066473 1.390000 0.580000
1772410293068306777 0.739888 -0.018592 0.460207 -0.031296 0.478574 -0.058236 0.873930 -0.021689 0.530341 -0.066160 1.390000 0.580000
1772410293086630995 0.739888 -0.018592 0.460207 -0.031296 0.478574 -0.058236 0.873930 -0.021689 0.530341 -0.066160 1.430000 0.590000
1772410293087193400 0.739888 -0.018592 0.500205 -0.021287 0.478574 -0.058236 0.873930 -0.021689 0.530341 -0.066160 1.430000 0.590000
1772410293087588005 0.739888 -0.018592 0.500205 -0.021287 0.478574 -0.058236 0.873930 -0.021689 0.530341 -0.066160 1.430000 0.590000
1772410293107764125 0.739888 -0.018592 0.500205 -0.021287 0.535099 -0.055698 0.873930 -0.021689 0.530341 -0.066160 1.430000 0.590000
1772410293127648519 0.739888 -0.018592 0.500205 -0.021287 0.535099 -0.055698 0.873930 -0.021689 0.530341 -0.066160 1.430000 0.590000
1772410293147683022 0.739888 -0.018592 0.500205 -0.021287 0.535099 -0.055697 0.873930 -0.021689 0.530341 -0.066160 1.430000 0.590000
1772410293167555933 0.739888 -0.018592 0.500205 -0.021287 0.535099 -0.055697 0.873930 -0.021689 0.530341 -0.066160 1.430000 0.590000
1772410293168336208 0.739888 -0.018592 0.500205 -0.021287 0.535099 -0.055697 0.955504 -0.025040 0.530341 -0.066160 1.430000 0.590000
1772410293186319549 0.739888 -0.018592 0.500205 -0.021287 0.535099 -0.055697 0.955504 -0.025040 0.530341 -0.066160 1.460000 0.610000
1772410293186379580 0.769071 -0.019742 0.500205 -0.021287 0.535099 -0.055697 0.955504 -0.025040 0.530341 -0.066160 1.460000 0.610000
1772410293187007131 0.769071 -0.019742 0.530200 -0.001281 0.535099 -0.055697 0.955504 -0.025040 0.530341 -0.066160 1.460000 0.610000
1772410293187794595 0.769071 -0.019742 0.530200 -0.001281 0.547033 -0.051740 0.955504 -0.025040 0.530341 -0.066160 1.460000 0.610000
1772410293207830849 0.769071 -0.019742 0.530200 -0.001281 0.547033 -0.051739 0.955504 -0.025040 0.530341 -0.066160 1.460000 0.610000
1772410293218616137 0.769071 -0.019742 0.530200 -0.001281 0.547033 -0.051739 0.955504 -0.025040 0.526937 -0.056777 1.460000 0.610000
1772410293227638490 0.769071 -0.019742 0.530200 -0.001281 0.547033 -0.051739 0.955504 -0.025040 0.526937 -0.056777 1.460000 0.610000
1772410293247709648 0.769071 -0.019742 0.530200 -0.001281 0.547033 -0.051739 0.955504 -0.025040 0.526937 -0.056777 1.460000 0.610000
1772410293267690076 0.769071 -0.019742 0.530200 -0.001281 0.547033 -0.051739 0.955504 -0.025040 0.526937 -0.056777 1.460000 0.610000
1772410293268306024 0.769071 -0.019742 0.530200 -0.001281 0.547033 -0.051739 0.893660 -0.023072 0.526937 -0.056777 1.460000 0.610000
1772410293287818630 0.769071 -0.019742 0.530200 -0.001281 0.547033 -0.051739 0.893660 -0.023072 0.526937 -0.056777 1.460000 0.610000
1772410293287879263 0.769071 -0.019742 0.530200 -0.001281 0.547033 -0.051739 0.893660 -0.023072 0.526937 -0.056777 1.490000 0.610000
1772410293288628715 0.769071 -0.019742 0.560200 -0.001274 0.547033 -0.051739 0.893660 -0.023072 0.526937 -0.056777 1.490000 0.610000
1772410293305958587 0.828329 -0.022079 0.560200 -0.001274 0.547033 -0.051739 0.893660 -0.023072 0.526937 -0.056777 1.490000 0.610000
1772410293307564162 0.828329 -0.022079 0.560200 -0.001274 0.569950 -0.048319 0.893660 -0.023072 0.526937 -0.056777 1.490000 0.610000
1772410293327729953 0.828329 -0.022079 0.560200 -0.001274 0.569950 -0.048319 0.893660 -0.023072 0.526937 -0.056777 1.490000 0.610000
1772410293347706184 0.828329 -0.022079 0.560200 -0.001274 0.569950 -0.048318 0.893660 -0.023072 0.526937 -0.056777 1.490000 0.610000
1772410293367727549 0.828329 -0.022079 0.560200 -0.001274 0.569950 -0.048318 0.893660 -0.023072 0.526937 -0.056777 1.490000 0.610000
1772410293368376483 0.828329 -0.022079 0.560200 -0.001274 0.569950 -0.048318 0.893660 -0.023072 0.622773 -0.055857 1.490000 0.610000
1772410293368388630 0.828329 -0.022079 0.560200 -0.001274 0.569950 -0.048318 0.969521 -0.025844 0.622773 -0.055857 1.490000 0.610000
1772410293386627320 0.828329 -0.022079 0.560200 -0.001274 0.569950 -0.048318 0.969521 -0.025844 0.622773 -0.055857 1.530000 0.620000
1772410293386845803 0.828329 -0.022079 0.600198 0.008735 0.569950 -0.048318 0.969521 -0.025844 0.622773 -0.055857 1.530000 0.620000
1772410293387530197 0.828329 -0.022079 0.600198 0.008735 0.609154 -0.044629 0.969521 -0.025844 0.622773 -0.055857 1.530000 0.620000
1772410293407831660 0.828329 -0.022079 0.600198 0.008735 0.609154 -0.044629 0.969521 -0.025844 0.622773 -0.055857 1.530000 0.620000
1772410293428085346 0.828329 -0.022079 0.600198 0.008735 0.609154 -0.044629 0.969521 -0.025844 0.622773 -0.055857 1.530000 0.620000
1772410293447776417 0.828329 -0.022079 0.600198 0.008735 0.609154 -0.044622 0.969521 -0.025844 0.622773 -0.055857 1.530000 0.620000
1772410293467872291 0.828329 -0.022079 0.600198 0.008735 0.609154 -0.044622 0.969521 -0.025844 0.622773 -0.055857 1.530000 0.620000
1772410293468719023 0.828329 -0.022079 0.600198 0.008735 0.609154 -0.044622 1.021575 -0.027981 0.622773 -0.055857 1.530000 0.620000
1772410293468744384 0.828329 -0.022079 0.600198 0.008735 0.609154 -0.044622 1.021575 -0.027981 0.675802 -0.052551 1.530000 0.620000
1772410293486172112 0.828329 -0.022079 0.600198 0.008735 0.609154 -0.044622 1.021575 -0.027981 0.675802 -0.052551 1.550000 0.620000
1772410293486688461 0.828329 -0.022079 0.620198 0.008740 0.609154 -0.044622 1.021575 -0.027981 0.675802 -0.052551 1.550000 0.620000
1772410293487638624 0.828329 -0.022079 0.620198 0.008740 0.656185 -0.041251 1.021575 -0.027981 0.675802 -0.052551 1.550000 0.620000
1772410293507782998 0.828329 -0.022079 0.620198 0.008740 0.656185 -0.041251 1.021575 -0.027981 0.675802 -0.052551 1.550000 0.620000
1772410293526077015 0.857775 -0.023232 0.620198 0.008740 0.656185 -0.041251 1.021575 -0.027981 0.675802 -0.052551 1.550000 0.620000
1772410293527660172 0.857775 -0.023232 0.620198 0.008740 0.661470 -0.041245 1.021575 -0.027981 0.675802 -0.052551 1.550000 0.620000
1772410293547918809 0.857775 -0.023232 0.620198 0.008740 0.661470 -0.041261 1.021575 -0.027981 0.675802 -0.052551 1.550000 0.620000
1772410293567918920 0.857775 -0.023232 0.620198 0.008740 0.661470 -0.041261 1.021575 -0.027981 0.675802 -0.052551 1.550000 0.620000
1772410293586113028 0.857775 -0.023232 0.620198 0.008740 0.661470 -0.041261 1.021575 -0.027981 0.675802 -0.052551 1.580000 0.630000
1772410293586901924 0.857775 -0.023232 0.650196 0.018746 0.661470 -0.041261 1.021575 -0.027981 0.675802 -0.052551 1.580000 0.630000
1772410293588018084 0.857775 -0.023232 0.650196 0.018746 0.668328 -0.037561 1.021575 -0.027981 0.675802 -0.052551 1.580000 0.630000
1772410293593208570 0.857775 -0.023232 0.650196 0.018746 0.668328 -0.037561 0.991529 -0.027074 0.675802 -0.052551 1.580000 0.630000
1772410293607971212 0.857775 -0.023232 0.650196 0.018746 0.668328 -0.037561 0.991529 -0.027074 0.675802 -0.052551 1.580000 0.630000
1772410293618293316 0.857775 -0.023232 0.650196 0.018746 0.668328 -0.037561 0.991529 -0.027074 0.648931 -0.041499 1.580000 0.630000
1772410293626209536 0.916981 -0.025552 0.650196 0.018746 0.668328 -0.037561 0.991529 -0.027074 0.648931 -0.041499 1.580000 0.630000
1772410293627616126 0.916981 -0.025552 0.650196 0.018746 0.691928 -0.037542 0.991529 -0.027074 0.648931 -0.041499 1.580000 0.630000
1772410293647759154 0.916981 -0.025552 0.650196 0.018746 0.691928 -0.037542 0.991529 -0.027074 0.648931 -0.041499 1.580000 0.630000
1772410293667724445 0.916981 -0.025552 0.650196 0.018746 0.691928 -0.037542 0.991529 -0.027074 0.648931 -0.041499 1.580000 0.630000
1772410293686133242 0.916981 -0.025552 0.650196 0.018746 0.691928 -0.037542 0.991529 -0.027074 0.648931 -0.041499 1.610000 0.640000
1772410293686445149 0.916981 -0.025552 0.680194 0.028753 0.691928 -0.037542 0.991529 -0.027074 0.648931 -0.041499 1.610000 0.640000
1772410293687429615 0.916981 -0.025552 0.680194 0.028753 0.724897 -0.033560 0.991529 -0.027074 0.648931 -0.041499 1.610000 0.640000
1772410293707637827 0.916981 -0.025552 0.680194 0.028753 0.724897 -0.033560 0.991529 -0.027074 0.648931 -0.041499 1.610000 0.640000
1772410293718470730 0.916981 -0.025552 0.680194 0.028753 0.724897 -0.033560 1.098461 -0.031090 0.648931 -0.041499 1.610000 0.640000
1772410293727596819 0.916981 -0.025552 0.680194 0.028753 0.724897 -0.033562 1.098461 -0.031090 0.648931 -0.041499 1.610000 0.640000
1772410293747701469 0.916981 -0.025552 0.680194 0.028753 0.724897 -0.033562 1.098461 -0.031090 0.648931 -0.041499 1.610000 0.640000
1772410293767711840 0.916981 -0.025552 0.680194 0.028753 0.724897 -0.033562 1.098461 -0.031090 0.648931 -0.041499 1.610000 0.640000
1772410293768616076 0.916981 -0.025552 0.680194 0.028753 0.724897 -0.033562 1.098461 -0.031090 0.765132 -0.040472 1.610000 0.640000
1772410293786229896 0.916981 -0.025552 0.680194 0.028753 0.724897 -0.033562 1.098461 -0.031090 0.765132 -0.040472 1.640000 0.640000
1772410293786653013 0.916981 -0.025552 0.710194 0.028760 0.724897 -0.033562 1.098461 -0.031090 0.765132 -0.040472 1.640000 0.640000
1772410293787612185 0.916981 -0.025552 0.710194 0.028760 0.779859 -0.029985 1.098461 -0.031090 0.765132 -0.040472 1.640000 0.640000
1772410293807855450 0.916981 -0.025552 0.710194 0.028760 0.779859 -0.029985 1.098461 -0.031090 0.765132 -0.040472 1.640000 0.640000
1772410293819309616 0.916981 -0.025552 0.710194 0.028760 0.779859 -0.029985 1.161948 -0.033683 0.765132 -0.040472 1.640000 0.640000
1772410293827670851 0.916981 -0.025552 0.710194 0.028760 0.779859 -0.029988 1.161948 -0.033683 0.765132 -0.040472 1.640000 0.640000
1772410293845724722 0.975820 -0.027843 0.710194 0.028760 0.779859 -0.029988 1.161948 -0.033683 0.765132 -0.040472 1.640000 0.640000
1772410293847711887 0.975820 -0.027843 0.710194 0.028760 0.795848 -0.029991 1.161948 -0.033683 0.765132 -0.040472 1.640000 0.640000
1772410293868055262 0.975820 -0.027843 0.710194 0.028760 0.795848 -0.029991 1.161948 -0.033683 0.765132 -0.040472 1.640000 0.640000
1772410293886467418 0.975820 -0.027843 0.710194 0.028760 0.795848 -0.029991 1.161948 -0.033683 0.765132 -0.040472 1.650000 0.620000
1772410293886790257 0.975820 -0.027843 0.720198 0.008762 0.795848 -0.029991 1.161948 -0.033683 0.765132 -0.040472 1.650000 0.620000
1772410293887769937 0.975820 -0.027843 0.720198 0.008762 0.801792 -0.027809 1.161948 -0.033683 0.765132 -0.040472 1.650000 0.620000
1772410293907987504 0.975820 -0.027843 0.720198 0.008762 0.801792 -0.027809 1.161948 -0.033683 0.765132 -0.040472 1.650000 0.620000
1772410293918668785 0.975820 -0.027843 0.720198 0.008762 0.801792 -0.027809 1.161948 -0.033683 0.780827 -0.032585 1.650000 0.620000
1772410293927760594 0.975820 -0.027843 0.720198 0.008762 0.801792 -0.027808 1.161948 -0.033683 0.780827 -0.032585 1.650000 0.620000
1772410293947924643 0.975820 -0.027843 0.720198 0.008762 0.801792 -0.027808 1.161948 -0.033683 0.780827 -0.032585 1.650000 0.620000
1772410293967870817 0.975820 -0.027843 0.720198 0.008762 0.801792 -0.027809 1.161948 -0.033683 0.780827 -0.032585 1.650000 0.620000
1772410293968526405 0.975820 -0.027843 0.720198 0.008762 0.801792 -0.027809 1.156426 -0.033690 0.780827 -0.032585 1.650000 0.620000
1772410293986526864 0.975820 -0.027843 0.720198 0.008762 0.801792 -0.027809 1.156426 -0.033690 0.780827 -0.032585 1.680000 0.620000
1772410293987150779 0.975820 -0.027843 0.750198 0.008769 0.801792 -0.027809 1.156426 -0.033690 0.780827 -0.032585 1.680000 0.620000
1772410293987822433 0.975820 -0.027843 0.750198 0.008769 0.801792 -0.027809 1.156426 -0.033690 0.780827 -0.032585 1.680000 0.620000
1772410294007900018 0.975820 -0.027843 0.750198 0.008769 0.824379 -0.025814 1.156426 -0.033690 0.780827 -0.032585 1.680000 0.620000
1772410294018752260 0.975820 -0.027843 0.750198 0.008769 0.824379 -0.025814 1.156426 -0.033690 0.802785 -0.030372 1.680000 0.620000
1772410294027864719 0.975820 -0.027843 0.750198 0.008769 0.824379 -0.025811 1.156426 -0.033690 0.802785 -0.030372 1.680000 0.620000
1772410294047678479 0.975820 -0.027843 0.750198 0.008769 0.824379 -0.025811 1.156426 -0.033690 0.802785 -0.030372 1.680000 0.620000
1772410294065914134 1.032083 -0.030020 0.750198 0.008769 0.824379 -0.025811 1.156426 -0.033690 0.802785 -0.030372 1.680000 0.620000
1772410294067590588 1.032083 -0.030020 0.750198 0.008769 0.844746 -0.025780 1.156426 -0.033690 0.802785 -0.030372 1.680000 0.620000
1772410294086540130 1.032083 -0.030020 0.750198 0.008769 0.844746 -0.025780 1.156426 -0.033690 0.802785 -0.030372 1.710000 0.610000
1772410294087135218 1.032083 -0.030020 0.780200 -0.001224 0.844746 -0.025780 1.156426 -0.033690 0.802785 -0.030372 1.710000 0.610000
1772410294088006519 1.032083 -0.030020 0.780200 -0.001224 0.846291 -0.024472 1.156426 -0.033690 0.802785 -0.030372 1.710000 0.610000
1772410294093142713 1.032083 -0.030020 0.780200 -0.001224 0.846291 -0.024472 1.187625 -0.034954 0.802785 -0.030372 1.710000 0.610000
1772410294107717439 1.032083 -0.030020 0.780200 -0.001224 0.846291 -0.024472 1.187625 -0.034954 0.802785 -0.030372 1.710000 0.610000
1772410294127739659 1.032083 -0.030020 0.780200 -0.001224 0.846291 -0.024471 1.187625 -0.034954 0.802785 -0.030372 1.710000 0.610000
1772410294147881016 1.032083 -0.030020 0.780200 -0.001224 0.846291 -0.024471 1.187625 -0.034954 0.802785 -0.030372 1.710000 0.610000
1772410294167795131 1.032083 -0.030020 0.780200 -0.001224 0.846291 -0.024471 1.187625 -0.034954 0.802785 -0.030372 1.710000 0.610000
1772410294168726642 1.032083 -0.030020 0.780200 -0.001224 0.846291 -0.024471 1.187625 -0.034954 0.840328 -0.029660 1.710000 0.610000
1772410294186323006 1.032083 -0.030020 0.780200 -0.001224 0.846291 -0.024471 1.187625 -0.034954 0.840328 -0.029660 1.750000 0.600000
1772410294186399934 1.034818 -0.030126 0.780200 -0.001224 0.846291 -0.024471 1.187625 -0.034954 0.840328 -0.029660 1.750000 0.600000
1772410294187046849 1.034818 -0.030126 0.820203 -0.011215 0.846291 -0.024471 1.187625 -0.034954 0.840328 -0.029660 1.750000 0.600000
1772410294187994841 1.034818 -0.030126 0.820203 -0.011215 0.847093 -0.023776 1.187625 -0.034954 0.840328 -0.029660 1.750000 0.600000
1772410294207782648 1.034818 -0.030126 0.820203 -0.011215 0.847093 -0.023775 1.187625 -0.034954 0.840328 -0.029660 1.750000 0.600000
1772410294218670619 1.034818 -0.030126 0.820203 -0.011215 0.847093 -0.023775 1.174089 -0.034516 0.840328 -0.029660 1.750000 0.600000
1772410294227832783 1.034818 -0.030126 0.820203 -0.011215 0.847093 -0.023775 1.174089 -0.034516 0.840328 -0.029660 1.750000 0.600000
1772410294247740938 1.034818 -0.030126 0.820203 -0.011215 0.847093 -0.023775 1.174089 -0.034516 0.840328 -0.029660 1.750000 0.600000
1772410294267920771 1.034818 -0.030126 0.820203 -0.011215 0.847093 -0.023775 1.174089 -0.034516 0.840328 -0.029660 1.750000 0.600000
1772410294268797217 1.034818 -0.030126 0.820203 -0.011215 0.847093 -0.023775 1.174089 -0.034516 0.829517 -0.027891 1.750000 0.600000
1772410294286274790 1.034818 -0.030126 0.820203 -0.011215 0.847093 -0.023775 1.174089 -0.034516 0.829517 -0.027891 1.770000 0.610000
1772410294286341963 1.091133 -0.032318 0.820203 -0.011215 0.847093 -0.023775 1.174089 -0.034516 0.829517 -0.027891 1.770000 0.610000
1772410294286904504 1.091133 -0.032318 0.840200 -0.001211 0.847093 -0.023775 1.174089 -0.034516 0.829517 -0.027891 1.770000 0.610000
1772410294287886183 1.091133 -0.032318 0.840200 -0.001211 0.900277 -0.022426 1.174089 -0.034516 0.829517 -0.027891 1.770000 0.610000
1772410294307667184 1.091133 -0.032318 0.840200 -0.001211 0.900277 -0.022433 1.174089 -0.034516 0.829517 -0.027891 1.770000 0.610000
1772410294327710765 1.091133 -0.032318 0.840200 -0.001211 0.900277 -0.022433 1.174089 -0.034516 0.829517 -0.027891 1.770000 0.610000
1772410294347460150 1.091133 -0.032318 0.840200 -0.001211 0.900277 -0.022433 1.174089 -0.034516 0.829517 -0.027891 1.770000 0.610000
1772410294367784618 1.091133 -0.032318 0.840200 -0.001211 0.900277 -0.022432 1.174089 -0.034516 0.829517 -0.027891 1.770000 0.610000
1772410294368668944 1.091133 -0.032318 0.840200 -0.001211 0.900277 -0.022432 1.297503 -0.039254 0.829517 -0.027891 1.770000 0.610000
1772410294386460474 1.091133 -0.032318 0.840200 -0.001211 0.900277 -0.022432 1.297503 -0.039254 0.829517 -0.027891 1.800000 0.620000
1772410294386986779 1.091133 -0.032318 0.870198 0.008796 0.900277 -0.022432 1.297503 -0.039254 0.829517 -0.027891 1.800000 0.620000
1772410294388231902 1.091133 -0.032318 0.870198 0.008796 0.952238 -0.020678 1.297503 -0.039254 0.829517 -0.027891 1.800000 0.620000
1772410294406676309 1.093867 -0.032425 0.870198 0.008796 0.952238 -0.020678 1.297503 -0.039254 0.829517 -0.027891 1.800000 0.620000
1772410294407674599 1.093867 -0.032425 0.870198 0.008796 0.952687 -0.020674 1.297503 -0.039254 0.829517 -0.027891 1.800000 0.620000
1772410294427978454 1.093867 -0.032425 0.870198 0.008796 0.952687 -0.020674 1.297503 -0.039254 0.829517 -0.027891 1.800000 0.620000
1772410294447573288 1.093867 -0.032425 0.870198 0.008796 0.952687 -0.020676 1.297503 -0.039254 0.829517 -0.027891 1.800000 0.620000
1772410294467647815 1.093867 -0.032425 0.870198 0.008796 0.952687 -0.020676 1.297503 -0.039254 0.829517 -0.027891 1.800000 0.620000
1772410294468174192 1.093867 -0.032425 0.870198 0.008796 0.952687 -0.020676 1.297503 -0.039254 0.904853 -0.026117 1.800000 0.620000
1772410294486281991 1.093867 -0.032425 0.870198 0.008796 0.952687 -0.020676 1.297503 -0.039254 0.904853 -0.026117 1.830000 0.620000
1772410294486630173 1.093867 -0.032425 0.900198 0.008803 0.952687 -0.020676 1.297503 -0.039254 0.904853 -0.026117 1.830000 0.620000
1772410294487844571 1.093867 -0.032425 0.900198 0.008803 0.951846 -0.019220 1.297503 -0.039254 0.904853 -0.026117 1.830000 0.620000
1772410294492829279 1.093867 -0.032425 0.900198 0.008803 0.951846 -0.019220 1.261193 -0.038011 0.904853 -0.026117 1.830000 0.620000
1772410294505808382 1.123365 -0.033588 0.900198 0.008803 0.951846 -0.019220 1.261193 -0.038011 0.904853 -0.026117 1.830000 0.620000
1772410294507704375 1.123365 -0.033588 0.900198 0.008803 0.957635 -0.019204 1.261193 -0.038011 0.904853 -0.026117 1.830000 0.620000
1772410294527872485 1.123365 -0.033588 0.900198 0.008803 0.957635 -0.019204 1.261193 -0.038011 0.904853 -0.026117 1.830000 0.620000
1772410294547683692 1.123365 -0.033588 0.900198 0.008803 0.957635 -0.019204 1.261193 -0.038011 0.904853 -0.026117 1.830000 0.620000
1772410294567818618 1.123365 -0.033588 0.900198 0.008803 0.957635 -0.019204 1.261193 -0.038011 0.904853 -0.026117 1.830000 0.620000
1772410294568672583 1.123365 -0.033588 0.900198 0.008803 0.957635 -0.019204 1.261193 -0.038011 0.933815 -0.024597 1.830000 0.620000
1772410294586666618 1.123365 -0.033588 0.900198 0.008803 0.957635 -0.019204 1.261193 -0.038011 0.933815 -0.024597 1.860000 0.600000
1772410294587223363 1.123365 -0.033588 0.930203 -0.011190 0.957635 -0.019204 1.261193 -0.038011 0.933815 -0.024597 1.860000 0.600000
1772410294587708413 1.123365 -0.033588 0.930203 -0.011190 0.957635 -0.019204 1.261193 -0.038011 0.933815 -0.024597 1.860000 0.600000
1772410294593149670 1.123365 -0.033588 0.930203 -0.011190 0.957635 -0.019204 1.310291 -0.039912 0.933815 -0.024597 1.860000 0.600000
1772410294608012579 1.123365 -0.033588 0.930203 -0.011190 0.978920 -0.018755 1.310291 -0.039912 0.933815 -0.024597 1.860000 0.600000
1772410294627002588 1.153020 -0.034765 0.930203 -0.011190 0.978920 -0.018755 1.310291 -0.039912 0.933815 -0.024597 1.860000 0.600000
1772410294627551766 1.153020 -0.034765 0.930203 -0.011190 0.978920 -0.018755 1.310291 -0.039912 0.933815 -0.024597 1.860000 0.600000
1772410294647882489 1.153020 -0.034765 0.930203 -0.011190 0.988718 -0.018727 1.310291 -0.039912 0.933815 -0.024597 1.860000 0.600000
1772410294667750585 1.153020 -0.034765 0.930203 -0.011190 0.988718 -0.018727 1.310291 -0.039912 0.933815 -0.024597 1.860000 0.600000
1772410294686984981 1.153020 -0.034765 0.930203 -0.011190 0.988718 -0.018727 1.310291 -0.039912 0.933815 -0.024597 1.890000 0.610000
1772410294687557719 1.153020 -0.034765 0.930203 -0.011190 0.988718 -0.018726 1.310291 -0.039912 0.933815 -0.024597 1.890000 0.610000
1772410294687584272 1.153020 -0.034765 0.960200 -0.001184 0.988718 -0.018726 1.310291 -0.039912 0.933815 -0.024597 1.890000 0.610000
1772410294692969704 1.153020 -0.034765 0.960200 -0.001184 0.988718 -0.018726 1.331671 -0.040821 0.933815 -0.024597 1.890000 0.610000
1772410294707959204 1.153020 -0.034765 0.960200 -0.001184 1.001564 -0.017834 1.331671 -0.040821 0.933815 -0.024597 1.890000 0.610000
1772410294719098997 1.153020 -0.034765 0.960200 -0.001184 1.001564 -0.017834 1.331671 -0.040821 0.969710 -0.023340 1.890000 0.610000
1772410294726529372 1.209334 -0.036985 0.960200 -0.001184 1.001564 -0.017834 1.331671 -0.040821 0.969710 -0.023340 1.890000 0.610000
1772410294727726647 1.209334 -0.036985 0.960200 -0.001184 1.023821 -0.017758 1.331671 -0.040821 0.969710 -0.023340 1.890000 0.610000
1772410294747755927 1.209334 -0.036985 0.960200 -0.001184 1.023821 -0.017757 1.331671 -0.040821 0.969710 -0.023340 1.890000 0.610000
1772410294767980308 1.209334 -0.036985 0.960200 -0.001184 1.023821 -0.017757 1.331671 -0.040821 0.969710 -0.023340 1.890000 0.610000
1772410294787491950 1.209334 -0.036985 0.960200 -0.001184 1.023821 -0.017757 1.331671 -0.040821 0.969710 -0.023340 1.920000 0.600000
1772410294787523110 1.209334 -0.036985 0.960200 -0.001184 1.023821 -0.017753 1.331671 -0.040821 0.969710 -0.023340 1.920000 0.600000
1772410294787825987 1.209334 -0.036985 0.990203 -0.011177 1.023821 -0.017753 1.331671 -0.040821 0.969710 -0.023340 1.920000 0.600000
1772410294807958307 1.209334 -0.036985 0.990203 -0.011177 1.054647 -0.017308 1.331671 -0.040821 0.969710 -0.023340 1.920000 0.600000
1772410294818816656 1.209334 -0.036985 0.990203 -0.011177 1.054647 -0.017308 1.423967 -0.044545 0.969710 -0.023340 1.920000 0.600000
1772410294828035820 1.209334 -0.036985 0.990203 -0.011177 1.054647 -0.017308 1.423967 -0.044545 0.969710 -0.023340 1.920000 0.600000
1772410294846215273 1.212069 -0.037092 0.990203 -0.011177 1.054647 -0.017308 1.423967 -0.044545 0.969710 -0.023340 1.920000 0.600000
1772410294847691323 1.212069 -0.037092 0.990203 -0.011177 1.056006 -0.017300 1.423967 -0.044545 0.969710 -0.023340 1.920000 0.600000
1772410294867844994 1.212069 -0.037092 0.990203 -0.011177 1.056006 -0.017300 1.423967 -0.044545 0.969710 -0.023340 1.920000 0.600000
1772410294886723163 1.212069 -0.037092 0.990203 -0.011177 1.056006 -0.017300 1.423967 -0.044545 0.969710 -0.023340 1.960000 0.570000
1772410294887271780 1.212069 -0.037092 1.030209 -0.041168 1.056006 -0.017300 1.423967 -0.044545 0.969710 -0.023340 1.960000 0.570000
1772410294887653215 1.212069 -0.037092 1.030209 -0.041168 1.056006 -0.017300 1.423967 -0.044545 0.969710 -0.023340 1.960000 0.570000
1772410294907988307 1.212069 -0.037092 1.030209 -0.041168 1.055660 -0.018429 1.423967 -0.044545 0.969710 -0.023340 1.960000 0.570000
1772410294918858288 1.212069 -0.037092 1.030209 -0.041168 1.055660 -0.018429 1.423967 -0.044545 1.036627 -0.026028 1.960000 0.570000
1772410294927542330 1.212069 -0.037092 1.030209 -0.041168 1.055660 -0.018429 1.423967 -0.044545 1.036627 -0.026028 1.960000 0.570000
1772410294946001786 1.241251 -0.038243 1.030209 -0.041168 1.055660 -0.018429 1.423967 -0.044545 1.036627 -0.026028 1.960000 0.570000
1772410294947669801 1.241251 -0.038243 1.030209 -0.041168 1.073053 -0.018346 1.423967 -0.044545 1.036627 -0.026028 1.960000 0.570000
1772410294967780014 1.241251 -0.038243 1.030209 -0.041168 1.073053 -0.018346 1.423967 -0.044545 1.036627 -0.026028 1.960000 0.570000
1772410294986228917 1.241251 -0.038243 1.030209 -0.041168 1.073053 -0.018346 1.423967 -0.044545 1.036627 -0.026028 1.980000 0.570000
1772410294986993185 1.241251 -0.038243 1.050209 -0.041163 1.073053 -0.018346 1.423967 -0.044545 1.036627 -0.026028 1.980000 0.570000
1772410294988298566 1.241251 -0.038243 1.050209 -0.041163 1.083185 -0.019360 1.423967 -0.044545 1.036627 -0.026028 1.980000 0.570000
1772410294993365968 1.241251 -0.038243 1.050209 -0.041163 1.083185 -0.019360 1.422605 -0.044617 1.036627 -0.026028 1.980000 0.570000
1772410295007832961 1.241251 -0.038243 1.050209 -0.041163 1.083185 -0.019360 1.422605 -0.044617 1.036627 -0.026028 1.980000 0.570000
1772410295018553994 1.241251 -0.038243 1.050209 -0.041163 1.083185 -0.019360 1.422605 -0.044617 1.066417 -0.028188 1.980000 0.570000
1772410295027720473 1.241251 -0.038243 1.050209 -0.041163 1.083185 -0.019358 1.422605 -0.044617 1.066417 -0.028188 1.980000 0.570000
1772410295047840969 1.241251 -0.038243 1.050209 -0.041163 1.083185 -0.019358 1.422605 -0.044617 1.066417 -0.028188 1.980000 0.570000
1772410295066116516 1.300402 -0.040633 1.050209 -0.041163 1.083185 -0.019358 1.422605 -0.044617 1.066417 -0.028188 1.980000 0.570000
1772410295067577441 1.300402 -0.040633 1.050209 -0.041163 1.122510 -0.019106 1.422605 -0.044617 1.066417 -0.028188 1.980000 0.570000
1772410295087210740 1.300402 -0.040633 1.050209 -0.041163 1.122510 -0.019106 1.422605 -0.044617 1.066417 -0.028188 2.010000 0.560000
1772410295087885826 1.300402 -0.040633 1.050209 -0.041163 1.122510 -0.019117 1.422605 -0.044617 1.066417 -0.028188 2.010000 0.560000
1772410295087986294 1.300402 -0.040633 1.080212 -0.051157 1.122510 -0.019117 1.422605 -0.044617 1.066417 -0.028188 2.010000 0.560000
1772410295093319370 1.300402 -0.040633 1.080212 -0.051157 1.122510 -0.019117 1.495999 -0.047556 1.066417 -0.028188 2.010000 0.560000
1772410295107968500 1.300402 -0.040633 1.080212 -0.051157 1.130101 -0.020557 1.495999 -0.047556 1.066417 -0.028188 2.010000 0.560000
1772410295119232524 1.300402 -0.040633 1.080212 -0.051157 1.130101 -0.020557 1.495999 -0.047556 1.128248 -0.032134 2.010000 0.560000
1772410295128082645 1.300402 -0.040633 1.080212 -0.051157 1.130101 -0.020555 1.495999 -0.047556 1.128248 -0.032134 2.010000 0.560000
1772410295148008045 1.300402 -0.040633 1.080212 -0.051157 1.130101 -0.020555 1.495999 -0.047556 1.128248 -0.032134 2.010000 0.560000
1772410295167458341 1.300402 -0.040633 1.080212 -0.051157 1.130101 -0.020553 1.495999 -0.047556 1.128248 -0.032134 2.010000 0.560000
1772410295186262213 1.300402 -0.040633 1.080212 -0.051157 1.130101 -0.020553 1.495999 -0.047556 1.128248 -0.032134 2.050000 0.550000
1772410295187033843 1.300402 -0.040633 1.120214 -0.061148 1.130101 -0.020553 1.495999 -0.047556 1.128248 -0.032134 2.050000 0.550000
1772410295188179119 1.300402 -0.040633 1.120214 -0.061148 1.176670 -0.022068 1.495999 -0.047556 1.128248 -0.032134 2.050000 0.550000
1772410295207784839 1.300402 -0.040633 1.120214 -0.061148 1.176670 -0.022068 1.495999 -0.047556 1.128248 -0.032134 2.050000 0.550000
1772410295218303545 1.300402 -0.040633 1.120214 -0.061148 1.176670 -0.022068 1.560700 -0.050316 1.128248 -0.032134 2.050000 0.550000
1772410295227825316 1.300402 -0.040633 1.120214 -0.061148 1.176670 -0.022080 1.560700 -0.050316 1.128248 -0.032134 2.050000 0.550000
1772410295247829627 1.300402 -0.040633 1.120214 -0.061148 1.176670 -0.022080 1.560700 -0.050316 1.128248 -0.032134 2.050000 0.550000
1772410295267756383 1.300402 -0.040633 1.120214 -0.061148 1.176670 -0.022085 1.560700 -0.050316 1.128248 -0.032134 2.050000 0.550000
1772410295268351848 1.300402 -0.040633 1.120214 -0.061148 1.176670 -0.022085 1.560700 -0.050316 1.210292 -0.037463 2.050000 0.550000
1772410295286092222 1.300402 -0.040633 1.120214 -0.061148 1.176670 -0.022085 1.560700 -0.050316 1.210292 -0.037463 2.070000 0.570000
1772410295286166401 1.329898 -0.041853 1.120214 -0.061148 1.176670 -0.022085 1.560700 -0.050316 1.210292 -0.037463 2.070000 0.570000
1772410295286840532 1.329898 -0.041853 1.140209 -0.041143 1.176670 -0.022085 1.560700 -0.050316 1.210292 -0.037463 2.070000 0.570000
1772410295287641141 1.329898 -0.041853 1.140209 -0.041143 1.187836 -0.022879 1.560700 -0.050316 1.210292 -0.037463 2.070000 0.570000
1772410295307867796 1.329898 -0.041853 1.140209 -0.041143 1.187836 -0.022879 1.560700 -0.050316 1.210292 -0.037463 2.070000 0.570000
1772410295318546462 1.329898 -0.041853 1.140209 -0.041143 1.187836 -0.022879 1.526281 -0.048984 1.210292 -0.037463 2.070000 0.570000
1772410295327870693 1.329898 -0.041853 1.140209 -0.041143 1.187836 -0.022877 1.526281 -0.048984 1.210292 -0.037463 2.070000 0.570000
1772410295347662812 1.329898 -0.041853 1.140209 -0.041143 1.187836 -0.022877 1.526281 -0.048984 1.210292 -0.037463 2.070000 0.570000
1772410295367623944 1.329898 -0.041853 1.140209 -0.041143 1.187836 -0.022877 1.526281 -0.048984 1.210292 -0.037463 2.070000 0.570000
1772410295387106699 1.329898 -0.041853 1.140209 -0.041143 1.187836 -0.022877 1.526281 -0.048984 1.210292 -0.037463 2.090000 0.570000
1772410295387161769 1.359287 -0.043084 1.140209 -0.041143 1.187836 -0.022877 1.526281 -0.048984 1.210292 -0.037463 2.090000 0.570000
1772410295387784941 1.359287 -0.043084 1.140209 -0.041143 1.187836 -0.022877 1.526281 -0.048984 1.210292 -0.037463 2.090000 0.570000
1772410295387832415 1.359287 -0.043084 1.160209 -0.041139 1.187836 -0.022877 1.526281 -0.048984 1.210292 -0.037463 2.090000 0.570000
1772410295407856574 1.359287 -0.043084 1.160209 -0.041139 1.214677 -0.023560 1.526281 -0.048984 1.210292 -0.037463 2.090000 0.570000
1772410295418449371 1.359287 -0.043084 1.160209 -0.041139 1.214677 -0.023560 1.526281 -0.048984 1.197882 -0.037877 2.090000 0.570000
1772410295427668982 1.359287 -0.043084 1.160209 -0.041139 1.214677 -0.023559 1.526281 -0.048984 1.197882 -0.037877 2.090000 0.570000
1772410295447666879 1.359287 -0.043084 1.160209 -0.041139 1.214677 -0.023559 1.526281 -0.048984 1.197882 -0.037877 2.090000 0.570000
1772410295467612734 1.359287 -0.043084 1.160209 -0.041139 1.214677 -0.023560 1.526281 -0.048984 1.197882 -0.037877 2.090000 0.570000
1772410295468260482 1.359287 -0.043084 1.160209 -0.041139 1.214677 -0.023560 1.581301 -0.051334 1.197882 -0.037877 2.090000 0.570000
1772410295487747685 1.359287 -0.043084 1.160209 -0.041139 1.214677 -0.023560 1.581301 -0.051334 1.197882 -0.037877 2.090000 0.570000
1772410295506721239 1.418591 -0.045611 1.160209 -0.041139 1.214677 -0.023560 1.581301 -0.051334 1.197882 -0.037877 2.090000 0.570000
1772410295507621352 1.418591 -0.045611 1.160209 -0.041139 1.273867 -0.023276 1.581301 -0.051334 1.197882 -0.037877 2.090000 0.570000
1772410295527823041 1.418591 -0.045611 1.160209 -0.041139 1.273867 -0.023276 1.581301 -0.051334 1.197882 -0.037877 2.090000 0.570000
1772410295547924452 1.418591 -0.045611 1.160209 -0.041139 1.273867 -0.023276 1.581301 -0.051334 1.197882 -0.037877 2.090000 0.570000
1772410295567777530 1.418591 -0.045611 1.160209 -0.041139 1.273867 -0.023271 1.581301 -0.051334 1.197882 -0.037877 2.090000 0.570000
1772410295568487419 1.418591 -0.045611 1.160209 -0.041139 1.273867 -0.023271 1.581301 -0.051334 1.290330 -0.041648 2.090000 0.570000
1772410295568520710 1.418591 -0.045611 1.160209 -0.041139 1.273867 -0.023271 1.644355 -0.054072 1.290330 -0.041648 2.090000 0.570000
1772410295586434119 1.418591 -0.045611 1.160209 -0.041139 1.273867 -0.023271 1.644355 -0.054072 1.290330 -0.041648 2.150000 0.570000
1772410295586996674 1.418591 -0.045611 1.220209 -0.041125 1.273867 -0.023271 1.644355 -0.054072 1.290330 -0.041648 2.150000 0.570000
1772410295587908135 1.418591 -0.045611 1.220209 -0.041125 1.309343 -0.023885 1.644355 -0.054072 1.290330 -0.041648 2.150000 0.570000
1772410295607829186 1.418591 -0.045611 1.220209 -0.041125 1.309343 -0.023884 1.644355 -0.054072 1.290330 -0.041648 2.150000 0.570000
1772410295628064541 1.418591 -0.045611 1.220209 -0.041125 1.309343 -0.023884 1.644355 -0.054072 1.290330 -0.041648 2.150000 0.570000
1772410295648128484 1.418591 -0.045611 1.220209 -0.041125 1.309343 -0.023884 1.644355 -0.054072 1.290330 -0.041648 2.150000 0.570000
1772410295667716570 1.418591 -0.045611 1.220209 -0.041125 1.309343 -0.023886 1.644355 -0.054072 1.290330 -0.041648 2.150000 0.570000
1772410295686493240 1.418591 -0.045611 1.220209 -0.041125 1.309343 -0.023886 1.644355 -0.054072 1.290330 -0.041648 2.180000 0.570000
1772410295686902979 1.418591 -0.045611 1.250209 -0.041118 1.309343 -0.023886 1.644355 -0.054072 1.290330 -0.041648 2.180000 0.570000
1772410295687401618 1.418591 -0.045611 1.250209 -0.041118 1.354039 -0.024402 1.644355 -0.054072 1.290330 -0.041648 2.180000 0.570000
1772410295692990565 1.418591 -0.045611 1.250209 -0.041118 1.354039 -0.024402 1.708959 -0.057005 1.290330 -0.041648 2.180000 0.570000
1772410295707547490 1.418591 -0.045611 1.250209 -0.041118 1.354039 -0.024395 1.708959 -0.057005 1.290330 -0.041648 2.180000 0.570000
1772410295726107224 1.447768 -0.046876 1.250209 -0.041118 1.354039 -0.024395 1.708959 -0.057005 1.290330 -0.041648 2.180000 0.570000
1772410295727638060 1.447768 -0.046876 1.250209 -0.041118 1.359293 -0.024365 1.708959 -0.057005 1.290330 -0.041648 2.180000 0.570000
1772410295747649570 1.447768 -0.046876 1.250209 -0.041118 1.359293 -0.024363 1.708959 -0.057005 1.290330 -0.041648 2.180000 0.570000
1772410295767766612 1.447768 -0.046876 1.250209 -0.041118 1.359293 -0.024363 1.708959 -0.057005 1.290330 -0.041648 2.180000 0.570000
1772410295768606004 1.447768 -0.046876 1.250209 -0.041118 1.359293 -0.024363 1.708959 -0.057005 1.284125 -0.041707 2.180000 0.570000
1772410295786267910 1.447768 -0.046876 1.250209 -0.041118 1.359293 -0.024363 1.708959 -0.057005 1.284125 -0.041707 2.210000 0.580000
1772410295786657641 1.447768 -0.046876 1.280207 -0.031112 1.359293 -0.024363 1.708959 -0.057005 1.284125 -0.041707 2.210000 0.580000
1772410295787566288 1.447768 -0.046876 1.280207 -0.031112 1.363448 -0.024606 1.708959 -0.057005 1.284125 -0.041707 2.210000 0.580000
1772410295807904726 1.447768 -0.046876 1.280207 -0.031112 1.363448 -0.024607 1.708959 -0.057005 1.284125 -0.041707 2.210000 0.580000
1772410295825977365 1.477366 -0.048174 1.280207 -0.031112 1.363448 -0.024607 1.708959 -0.057005 1.284125 -0.041707 2.210000 0.580000
1772410295827680831 1.477366 -0.048174 1.280207 -0.031112 1.375221 -0.024516 1.708959 -0.057005 1.284125 -0.041707 2.210000 0.580000
1772410295847715443 1.477366 -0.048174 1.280207 -0.031112 1.375221 -0.024517 1.708959 -0.057005 1.284125 -0.041707 2.210000 0.580000
1772410295867594266 1.477366 -0.048174 1.280207 -0.031112 1.375221 -0.024517 1.708959 -0.057005 1.284125 -0.041707 2.210000 0.580000
1772410295868193174 1.477366 -0.048174 1.280207 -0.031112 1.375221 -0.024517 1.708959 -0.057005 1.326023 -0.042665 2.210000 0.580000
1772410295868240261 1.477366 -0.048174 1.280207 -0.031112 1.375221 -0.024517 1.708239 -0.057112 1.326023 -0.042665 2.210000 0.580000
1772410295886455666 1.477366 -0.048174 1.280207 -0.031112 1.375221 -0.024517 1.708239 -0.057112 1.326023 -0.042665 2.250000 0.580000
1772410295887293056 1.477366 -0.048174 1.320207 -0.031103 1.375221 -0.024517 1.708239 -0.057112 1.326023 -0.042665 2.250000 0.580000
1772410295887600629 1.477366 -0.048174 1.320207 -0.031103 1.375221 -0.024517 1.708239 -0.057112 1.326023 -0.042665 2.250000 0.580000
1772410295907773559 1.477366 -0.048174 1.320207 -0.031103 1.389874 -0.024669 1.708239 -0.057112 1.326023 -0.042665 2.250000 0.580000
1772410295927896365 1.477366 -0.048174 1.320207 -0.031103 1.389874 -0.024669 1.708239 -0.057112 1.326023 -0.042665 2.250000 0.580000
1772410295946026152 1.506700 -0.049467 1.320207 -0.031103 1.389874 -0.024669 1.708239 -0.057112 1.326023 -0.042665 2.250000 0.580000
1772410295947679925 1.506700 -0.049467 1.320207 -0.031103 1.404484 -0.024537 1.708239 -0.057112 1.326023 -0.042665 2.250000 0.580000
1772410295967723040 1.506700 -0.049467 1.320207 -0.031103 1.404484 -0.024537 1.708239 -0.057112 1.326023 -0.042665 2.250000 0.580000
1772410295986653136 1.506700 -0.049467 1.320207 -0.031103 1.404484 -0.024537 1.708239 -0.057112 1.326023 -0.042665 2.280000 0.580000
1772410295987514015 1.506700 -0.049467 1.350207 -0.031096 1.404484 -0.024537 1.708239 -0.057112 1.326023 -0.042665 2.280000 0.580000
1772410295987611994 1.506700 -0.049467 1.350207 -0.031096 1.404484 -0.024539 1.708239 -0.057112 1.326023 -0.042665 2.280000 0.580000
1772410295993117444 1.506700 -0.049467 1.350207 -0.031096 1.404484 -0.024539 1.741298 -0.058642 1.326023 -0.042665 2.280000 0.580000
1772410296007817812 1.506700 -0.049467 1.350207 -0.031096 1.411639 -0.024744 1.741298 -0.058642 1.326023 -0.042665 2.280000 0.580000
1772410296018271641 1.506700 -0.049467 1.350207 -0.031096 1.411639 -0.024744 1.741298 -0.058642 1.360571 -0.042457 2.280000 0.580000
1772410296027618686 1.506700 -0.049467 1.350207 -0.031096 1.411639 -0.024744 1.741298 -0.058642 1.360571 -0.042457 2.280000 0.580000
1772410296045923142 1.536139 -0.050779 1.350207 -0.031096 1.411639 -0.024744 1.741298 -0.058642 1.360571 -0.042457 2.280000 0.580000
1772410296047667036 1.536139 -0.050779 1.350207 -0.031096 1.429068 -0.024604 1.741298 -0.058642 1.360571 -0.042457 2.280000 0.580000
1772410296067721761 1.536139 -0.050779 1.350207 -0.031096 1.429068 -0.024604 1.741298 -0.058642 1.360571 -0.042457 2.280000 0.580000
1772410296087722929 1.536139 -0.050779 1.350207 -0.031096 1.429068 -0.024603 1.741298 -0.058642 1.360571 -0.042457 2.280000 0.580000
1772410296093634947 1.536139 -0.050779 1.350207 -0.031096 1.429068 -0.024603 1.774446 -0.060173 1.360571 -0.042457 2.280000 0.580000
1772410296107711736 1.536139 -0.050779 1.350207 -0.031096 1.429068 -0.024603 1.774446 -0.060173 1.360571 -0.042457 2.280000 0.580000
1772410296118468021 1.536139 -0.050779 1.350207 -0.031096 1.429068 -0.024603 1.774446 -0.060173 1.393448 -0.043869 2.280000 0.580000
1772410296127792344 1.536139 -0.050779 1.350207 -0.031096 1.429068 -0.024603 1.774446 -0.060173 1.393448 -0.043869 2.280000 0.580000
1772410296147649049 1.536139 -0.050779 1.350207 -0.031096 1.429068 -0.024602 1.774446 -0.060173 1.393448 -0.043869 2.280000 0.580000
1772410296167523654 1.536139 -0.050779 1.350207 -0.031096 1.429068 -0.024602 1.774446 -0.060173 1.393448 -0.043869 2.280000 0.580000
1772410296168130603 1.565840 -0.052125 1.350207 -0.031096 1.429068 -0.024602 1.774446 -0.060173 1.393448 -0.043869 2.280000 0.580000
1772410296186076477 1.565840 -0.052125 1.350207 -0.031096 1.429068 -0.024602 1.774446 -0.060173 1.393448 -0.043869 2.330000 0.560000
1772410296186754574 1.565840 -0.052125 1.400212 -0.051085 1.429068 -0.024602 1.774446 -0.060173 1.393448 -0.043869 2.330000 0.560000
1772410296187612402 1.565840 -0.052125 1.400212 -0.051085 1.460963 -0.025525 1.774446 -0.060173 1.393448 -0.043869 2.330000 0.560000
1772410296207674791 1.565840 -0.052125 1.400212 -0.051085 1.460963 -0.025525 1.774446 -0.060173 1.393448 -0.043869 2.330000 0.560000
1772410296218746941 1.565840 -0.052125 1.400212 -0.051085 1.460963 -0.025525 1.802051 -0.061510 1.393448 -0.043869 2.330000 0.560000
1772410296227461743 1.565840 -0.052125 1.400212 -0.051085 1.460963 -0.025524 1.802051 -0.061510 1.393448 -0.043869 2.330000 0.560000
1772410296247962342 1.565840 -0.052125 1.400212 -0.051085 1.460963 -0.025524 1.802051 -0.061510 1.393448 -0.043869 2.330000 0.560000
1772410296267092261 1.595225 -0.053470 1.400212 -0.051085 1.460963 -0.025524 1.802051 -0.061510 1.393448 -0.043869 2.330000 0.560000
1772410296267414973 1.595225 -0.053470 1.400212 -0.051085 1.460963 -0.025524 1.802051 -0.061510 1.393448 -0.043869 2.330000 0.560000
1772410296286595059 1.595225 -0.053470 1.400212 -0.051085 1.460963 -0.025524 1.802051 -0.061510 1.393448 -0.043869 2.360000 0.550000
1772410296286986954 1.595225 -0.053470 1.430214 -0.061078 1.460963 -0.025524 1.802051 -0.061510 1.393448 -0.043869 2.360000 0.550000
1772410296287645412 1.595225 -0.053470 1.430214 -0.061078 1.487688 -0.026871 1.802051 -0.061510 1.393448 -0.043869 2.360000 0.550000
1772410296307768361 1.595225 -0.053470 1.430214 -0.061078 1.487688 -0.026871 1.802051 -0.061510 1.393448 -0.043869 2.360000 0.550000
1772410296318492584 1.595225 -0.053470 1.430214 -0.061078 1.487688 -0.026871 1.834751 -0.063069 1.393448 -0.043869 2.360000 0.550000
1772410296318535270 1.595225 -0.053470 1.430214 -0.061078 1.487688 -0.026871 1.834751 -0.063069 1.448926 -0.047957 2.360000 0.550000
1772410296327767284 1.595225 -0.053470 1.430214 -0.061078 1.487688 -0.026867 1.834751 -0.063069 1.448926 -0.047957 2.360000 0.550000
1772410296348033725 1.595225 -0.053470 1.430214 -0.061078 1.487688 -0.026867 1.834751 -0.063069 1.448926 -0.047957 2.360000 0.550000
1772410296367696367 1.595225 -0.053470 1.430214 -0.061078 1.487688 -0.026867 1.834751 -0.063069 1.448926 -0.047957 2.360000 0.550000
1772410296386439130 1.595225 -0.053470 1.430214 -0.061078 1.487688 -0.026867 1.834751 -0.063069 1.448926 -0.047957 2.390000 0.560000
1772410296386502269 1.624872 -0.054836 1.430214 -0.061078 1.487688 -0.026867 1.834751 -0.063069 1.448926 -0.047957 2.390000 0.560000
1772410296387020367 1.624872 -0.054836 1.460212 -0.051071 1.487688 -0.026867 1.834751 -0.063069 1.448926 -0.047957 2.390000 0.560000
1772410296388453667 1.624872 -0.054836 1.460212 -0.051071 1.510016 -0.027698 1.834751 -0.063069 1.448926 -0.047957 2.390000 0.560000
1772410296407637355 1.624872 -0.054836 1.460212 -0.051071 1.510016 -0.027698 1.834751 -0.063069 1.448926 -0.047957 2.390000 0.560000
1772410296427992963 1.624872 -0.054836 1.460212 -0.051071 1.510016 -0.027700 1.834751 -0.063069 1.448926 -0.047957 2.390000 0.560000
1772410296448023605 1.624872 -0.054836 1.460212 -0.051071 1.510016 -0.027700 1.834751 -0.063069 1.448926 -0.047957 2.390000 0.560000
1772410296467451878 1.624872 -0.054836 1.460212 -0.051071 1.510016 -0.027699 1.834751 -0.063069 1.448926 -0.047957 2.390000 0.560000
1772410296467998396 1.624872 -0.054836 1.460212 -0.051071 1.510016 -0.027699 1.868349 -0.064726 1.448926 -0.047957 2.390000 0.560000
1772410296468020260 1.624872 -0.054836 1.460212 -0.051071 1.510016 -0.027699 1.868349 -0.064726 1.485153 -0.049797 2.390000 0.560000
1772410296486355685 1.654204 -0.056186 1.460212 -0.051071 1.510016 -0.027699 1.868349 -0.064726 1.485153 -0.049797 2.390000 0.560000
1772410296486391867 1.654204 -0.056186 1.460212 -0.051071 1.510016 -0.027699 1.868349 -0.064726 1.485153 -0.049797 2.420000 0.570000
1772410296486808064 1.654204 -0.056186 1.490209 -0.041064 1.510016 -0.027699 1.868349 -0.064726 1.485153 -0.049797 2.420000 0.570000
1772410296487660371 1.654204 -0.056186 1.490209 -0.041064 1.537237 -0.027986 1.868349 -0.064726 1.485153 -0.049797 2.420000 0.570000
1772410296507639761 1.654204 -0.056186 1.490209 -0.041064 1.537237 -0.027986 1.868349 -0.064726 1.485153 -0.049797 2.420000 0.570000
1772410296527889443 1.654204 -0.056186 1.490209 -0.041064 1.537237 -0.027984 1.868349 -0.064726 1.485153 -0.049797 2.420000 0.570000
1772410296548004967 1.654204 -0.056186 1.490209 -0.041064 1.537237 -0.027984 1.868349 -0.064726 1.485153 -0.049797 2.420000 0.570000
1772410296567758944 1.654204 -0.056186 1.490209 -0.041064 1.537237 -0.027982 1.868349 -0.064726 1.485153 -0.049797 2.420000 0.570000
1772410296568281171 1.654204 -0.056186 1.490209 -0.041064 1.537237 -0.027982 1.868349 -0.064726 1.518063 -0.050574 2.420000 0.570000
1772410296568291434 1.654204 -0.056186 1.490209 -0.041064 1.537237 -0.027982 1.901117 -0.066306 1.518063 -0.050574 2.420000 0.570000
1772410296586540693 1.654204 -0.056186 1.490209 -0.041064 1.537237 -0.027982 1.901117 -0.066306 1.518063 -0.050574 2.450000 0.550000
1772410296587015389 1.654204 -0.056186 1.520214 -0.061058 1.537237 -0.027982 1.901117 -0.066306 1.518063 -0.050574 2.450000 0.550000
1772410296587805729 1.654204 -0.056186 1.520214 -0.061058 1.564629 -0.029075 1.901117 -0.066306 1.518063 -0.050574 2.450000 0.550000
1772410296606167623 1.683799 -0.057542 1.520214 -0.061058 1.564629 -0.029075 1.901117 -0.066306 1.518063 -0.050574 2.450000 0.550000
1772410296607605113 1.683799 -0.057542 1.520214 -0.061058 1.569488 -0.029011 1.901117 -0.066306 1.518063 -0.050574 2.450000 0.550000
1772410296627732458 1.683799 -0.057542 1.520214 -0.061058 1.569488 -0.029015 1.901117 -0.066306 1.518063 -0.050574 2.450000 0.550000
1772410296647965135 1.683799 -0.057542 1.520214 -0.061058 1.569488 -0.029015 1.901117 -0.066306 1.518063 -0.050574 2.450000 0.550000
1772410296667694797 1.683799 -0.057542 1.520214 -0.061058 1.569488 -0.029015 1.901117 -0.066306 1.518063 -0.050574 2.450000 0.550000
1772410296668294639 1.683799 -0.057542 1.520214 -0.061058 1.569488 -0.029015 1.922624 -0.067370 1.518063 -0.050574 2.450000 0.550000
1772410296668326597 1.683799 -0.057542 1.520214 -0.061058 1.569488 -0.029015 1.922624 -0.067370 1.540146 -0.052379 2.450000 0.550000
1772410296686602399 1.683799 -0.057542 1.520214 -0.061058 1.569488 -0.029015 1.922624 -0.067370 1.540146 -0.052379 2.480000 0.540000
1772410296687255654 1.683799 -0.057542 1.550216 -0.071051 1.569488 -0.029015 1.922624 -0.067370 1.540146 -0.052379 2.480000 0.540000
1772410296687601337 1.683799 -0.057542 1.550216 -0.071051 1.569488 -0.029015 1.922624 -0.067370 1.540146 -0.052379 2.480000 0.540000
1772410296705978794 1.713131 -0.058878 1.550216 -0.071051 1.569488 -0.029015 1.922624 -0.067370 1.540146 -0.052379 2.480000 0.540000
1772410296707656882 1.713131 -0.058878 1.550216 -0.071051 1.593368 -0.030525 1.922624 -0.067370 1.540146 -0.052379 2.480000 0.540000
1772410296727741827 1.713131 -0.058878 1.550216 -0.071051 1.593368 -0.030524 1.922624 -0.067370 1.540146 -0.052379 2.480000 0.540000
1772410296747797345 1.713131 -0.058878 1.550216 -0.071051 1.593368 -0.030524 1.922624 -0.067370 1.540146 -0.052379 2.480000 0.540000
1772410296767661044 1.713131 -0.058878 1.550216 -0.071051 1.593368 -0.030523 1.922624 -0.067370 1.540146 -0.052379 2.480000 0.540000
1772410296786415758 1.713131 -0.058878 1.550216 -0.071051 1.593368 -0.030523 1.922624 -0.067370 1.540146 -0.052379 2.510000 0.540000
1772410296787041846 1.713131 -0.058878 1.580216 -0.071044 1.593368 -0.030523 1.922624 -0.067370 1.540146 -0.052379 2.510000 0.540000
1772410296787601409 1.713131 -0.058878 1.580216 -0.071044 1.593368 -0.030523 1.922624 -0.067370 1.540146 -0.052379 2.510000 0.540000
1772410296793278405 1.713131 -0.058878 1.580216 -0.071044 1.593368 -0.030523 1.962451 -0.069283 1.540146 -0.052379 2.510000 0.540000
1772410296807665125 1.713131 -0.058878 1.580216 -0.071044 1.615385 -0.031981 1.962451 -0.069283 1.540146 -0.052379 2.510000 0.540000
1772410296818144594 1.713131 -0.058878 1.580216 -0.071044 1.615385 -0.031981 1.962451 -0.069283 1.590139 -0.057118 2.510000 0.540000
1772410296826109085 1.742516 -0.060224 1.580216 -0.071044 1.615385 -0.031981 1.962451 -0.069283 1.590139 -0.057118 2.510000 0.540000
1772410296827599172 1.742516 -0.060224 1.580216 -0.071044 1.625118 -0.031849 1.962451 -0.069283 1.590139 -0.057118 2.510000 0.540000
1772410296847880172 1.742516 -0.060224 1.580216 -0.071044 1.625118 -0.031849 1.962451 -0.069283 1.590139 -0.057118 2.510000 0.540000
1772410296867590241 1.742516 -0.060224 1.580216 -0.071044 1.625118 -0.031850 1.962451 -0.069283 1.590139 -0.057118 2.510000 0.540000
1772410296886382361 1.742516 -0.060224 1.580216 -0.071044 1.625118 -0.031850 1.962451 -0.069283 1.590139 -0.057118 2.540000 0.530000
1772410296887053969 1.742516 -0.060224 1.610218 -0.081037 1.625118 -0.031850 1.962451 -0.069283 1.590139 -0.057118 2.540000 0.530000
1772410296887529980 1.742516 -0.060224 1.610218 -0.081037 1.625118 -0.031850 1.962451 -0.069283 1.590139 -0.057118 2.540000 0.530000
1772410296893355043 1.742516 -0.060224 1.610218 -0.081037 1.625118 -0.031850 1.983655 -0.070321 1.590139 -0.057118 2.540000 0.530000
1772410296907804492 1.742516 -0.060224 1.610218 -0.081037 1.638564 -0.033814 1.983655 -0.070321 1.590139 -0.057118 2.540000 0.530000
1772410296918758673 1.742516 -0.060224 1.610218 -0.081037 1.638564 -0.033814 1.983655 -0.070321 1.613328 -0.059857 2.540000 0.530000
1772410296926094878 1.772216 -0.061584 1.610218 -0.081037 1.638564 -0.033814 1.983655 -0.070321 1.613328 -0.059857 2.540000 0.530000
1772410296927699267 1.772216 -0.061584 1.610218 -0.081037 1.650381 -0.033659 1.983655 -0.070321 1.613328 -0.059857 2.540000 0.530000
1772410296947979326 1.772216 -0.061584 1.610218 -0.081037 1.650381 -0.033659 1.983655 -0.070321 1.613328 -0.059857 2.540000 0.530000
1772410296967731843 1.772216 -0.061584 1.610218 -0.081037 1.650381 -0.033658 1.983655 -0.070321 1.613328 -0.059857 2.540000 0.530000
1772410296987974732 1.772216 -0.061584 1.610218 -0.081037 1.650381 -0.033658 1.983655 -0.070321 1.613328 -0.059857 2.570000 0.530000
1772410296988038044 1.772216 -0.061584 1.610218 -0.081037 1.650381 -0.033658 1.983655 -0.070321 1.613328 -0.059857 2.570000 0.530000
1772410296988650686 1.772216 -0.061584 1.640218 -0.081031 1.650381 -0.033658 1.983655 -0.070321 1.613328 -0.059857 2.570000 0.530000
1772410296993240473 1.772216 -0.061584 1.640218 -0.081031 1.650381 -0.033658 2.016854 -0.071926 1.613328 -0.059857 2.570000 0.530000
1772410297007788543 1.772216 -0.061584 1.640218 -0.081031 1.667077 -0.035496 2.016854 -0.071926 1.613328 -0.059857 2.570000 0.530000
1772410297027772665 1.772216 -0.061584 1.640218 -0.081031 1.667077 -0.035496 2.016854 -0.071926 1.613328 -0.059857 2.570000 0.530000
1772410297045920900 1.801549 -0.062920 1.640218 -0.081031 1.667077 -0.035496 2.016854 -0.071926 1.613328 -0.059857 2.570000 0.530000
1772410297047671961 1.801549 -0.062920 1.640218 -0.081031 1.681702 -0.035298 2.016854 -0.071926 1.613328 -0.059857 2.570000 0.530000
1772410297067557429 1.801549 -0.062920 1.640218 -0.081031 1.681702 -0.035298 2.016854 -0.071926 1.613328 -0.059857 2.570000 0.530000
1772410297087759202 1.801549 -0.062920 1.640218 -0.081031 1.681702 -0.035298 2.016854 -0.071926 1.613328 -0.059857 2.570000 0.530000
1772410297090825875 1.801549 -0.062920 1.640218 -0.081031 1.681702 -0.035298 2.016854 -0.071926 1.613328 -0.059857 2.600000 0.540000
1772410297091353075 1.801549 -0.062920 1.670216 -0.071024 1.681702 -0.035298 2.016854 -0.071926 1.613328 -0.059857 2.600000 0.540000
1772410297107839118 1.801549 -0.062920 1.670216 -0.071024 1.690645 -0.036728 2.016854 -0.071926 1.613328 -0.059857 2.600000 0.540000
1772410297118627455 1.801549 -0.062920 1.670216 -0.071024 1.690645 -0.036728 2.043901 -0.073243 1.613328 -0.059857 2.600000 0.540000
1772410297118683235 1.801549 -0.062920 1.670216 -0.071024 1.690645 -0.036728 2.043901 -0.073243 1.674234 -0.064585 2.600000 0.540000
1772410297127799641 1.801549 -0.062920 1.670216 -0.071024 1.690645 -0.036728 2.043901 -0.073243 1.674234 -0.064585 2.600000 0.540000
1772410297145892153 1.831144 -0.064261 1.670216 -0.071024 1.690645 -0.036728 2.043901 -0.073243 1.674234 -0.064585 2.600000 0.540000
1772410297147627497 1.831144 -0.064261 1.670216 -0.071024 1.708301 -0.036477 2.043901 -0.073243 1.674234 -0.064585 2.600000 0.540000
1772410297167819695 1.831144 -0.064261 1.670216 -0.071024 1.708301 -0.036477 2.043901 -0.073243 1.674234 -0.064585 2.600000 0.540000
1772410297186755964 1.831144 -0.064261 1.670216 -0.071024 1.708301 -0.036477 2.043901 -0.073243 1.674234 -0.064585 2.620000 0.520000
1772410297187364423 1.831144 -0.064261 1.690221 -0.091019 1.708301 -0.036477 2.043901 -0.073243 1.674234 -0.064585 2.620000 0.520000
1772410297187649697 1.831144 -0.064261 1.690221 -0.091019 1.708301 -0.036477 2.043901 -0.073243 1.674234 -0.064585 2.620000 0.520000
1772410297207842580 1.831144 -0.064261 1.690221 -0.091019 1.718933 -0.038700 2.043901 -0.073243 1.674234 -0.064585 2.620000 0.520000
1772410297227578541 1.831144 -0.064261 1.690221 -0.091019 1.718933 -0.038700 2.043901 -0.073243 1.674234 -0.064585 2.620000 0.520000
1772410297247592145 1.831144 -0.064261 1.690221 -0.091019 1.718933 -0.038700 2.043901 -0.073243 1.674234 -0.064585 2.620000 0.520000
1772410297266054899 1.860477 -0.065583 1.690221 -0.091019 1.718933 -0.038700 2.043901 -0.073243 1.674234 -0.064585 2.620000 0.520000
1772410297267508239 1.860477 -0.065583 1.690221 -0.091019 1.738423 -0.038435 2.043901 -0.073243 1.674234 -0.064585 2.620000 0.520000
1772410297287580000 1.860477 -0.065583 1.690221 -0.091019 1.738423 -0.038429 2.043901 -0.073243 1.674234 -0.064585 2.620000 0.520000
1772410297293234143 1.860477 -0.065583 1.690221 -0.091019 1.738423 -0.038429 2.092847 -0.075601 1.674234 -0.064585 2.620000 0.520000
1772410297293250540 1.860477 -0.065583 1.690221 -0.091019 1.738423 -0.038429 2.092847 -0.075601 1.722603 -0.068664 2.620000 0.520000
1772410297307877987 1.860477 -0.065583 1.690221 -0.091019 1.738423 -0.038429 2.092847 -0.075601 1.722603 -0.068664 2.620000 0.520000
1772410297327907648 1.860477 -0.065583 1.690221 -0.091019 1.738423 -0.038429 2.092847 -0.075601 1.722603 -0.068664 2.620000 0.520000
1772410297347630955 1.860477 -0.065583 1.690221 -0.091019 1.738423 -0.038426 2.092847 -0.075601 1.722603 -0.068664 2.620000 0.520000
1772410297366479415 1.890021 -0.066915 1.690221 -0.091019 1.738423 -0.038426 2.092847 -0.075601 1.722603 -0.068664 2.620000 0.520000
1772410297367556085 1.890021 -0.066915 1.690221 -0.091019 1.767992 -0.037975 2.092847 -0.075601 1.722603 -0.068664 2.620000 0.520000
1772410297386810596 1.890021 -0.066915 1.690221 -0.091019 1.767992 -0.037975 2.092847 -0.075601 1.722603 -0.068664 2.660000 0.500000
1772410297387129849 1.890021 -0.066915 1.730225 -0.111010 1.767992 -0.037975 2.092847 -0.075601 1.722603 -0.068664 2.660000 0.500000
1772410297387572818 1.890021 -0.066915 1.730225 -0.111010 1.767992 -0.037981 2.092847 -0.075601 1.722603 -0.068664 2.660000 0.500000
1772410297407953690 1.890021 -0.066915 1.730225 -0.111010 1.772073 -0.041149 2.092847 -0.075601 1.722603 -0.068664 2.660000 0.500000
1772410297418552292 1.890021 -0.066915 1.730225 -0.111010 1.772073 -0.041149 2.131599 -0.077452 1.722603 -0.068664 2.660000 0.500000
1772410297418576319 1.890021 -0.066915 1.730225 -0.111010 1.772073 -0.041149 2.131599 -0.077452 1.761801 -0.073646 2.660000 0.500000
1772410297427753317 1.890021 -0.066915 1.730225 -0.111010 1.772073 -0.041149 2.131599 -0.077452 1.761801 -0.073646 2.660000 0.500000
1772410297447671820 1.890021 -0.066915 1.730225 -0.111010 1.772073 -0.041148 2.131599 -0.077452 1.761801 -0.073646 2.660000 0.500000
1772410297467651345 1.890021 -0.066915 1.730225 -0.111010 1.772073 -0.041148 2.131599 -0.077452 1.761801 -0.073646 2.660000 0.500000
1772410297486032900 1.919248 -0.068246 1.730225 -0.111010 1.772073 -0.041148 2.131599 -0.077452 1.761801 -0.073646 2.660000 0.500000
1772410297486052224 1.919248 -0.068246 1.730225 -0.111010 1.772073 -0.041148 2.131599 -0.077452 1.761801 -0.073646 2.690000 0.500000
1772410297486577988 1.919248 -0.068246 1.760225 -0.111004 1.772073 -0.041148 2.131599 -0.077452 1.761801 -0.073646 2.690000 0.500000
1772410297487607165 1.919248 -0.068246 1.760225 -0.111004 1.794782 -0.043879 2.131599 -0.077452 1.761801 -0.073646 2.690000 0.500000
1772410297507778410 1.919248 -0.068246 1.760225 -0.111004 1.794782 -0.043879 2.131599 -0.077452 1.761801 -0.073646 2.690000 0.500000
1772410297527506336 1.919248 -0.068246 1.760225 -0.111004 1.794782 -0.043882 2.131599 -0.077452 1.761801 -0.073646 2.690000 0.500000
1772410297547621901 1.919248 -0.068246 1.760225 -0.111004 1.794782 -0.043882 2.131599 -0.077452 1.761801 -0.073646 2.690000 0.500000
1772410297567597257 1.919248 -0.068246 1.760225 -0.111004 1.794782 -0.043882 2.131599 -0.077452 1.761801 -0.073646 2.690000 0.500000
1772410297568168392 1.919248 -0.068246 1.760225 -0.111004 1.794782 -0.043882 2.164323 -0.079025 1.761801 -0.073646 2.690000 0.500000
1772410297568202483 1.919248 -0.068246 1.760225 -0.111004 1.794782 -0.043882 2.164323 -0.079025 1.794610 -0.078019 2.690000 0.500000
1772410297586313342 1.919248 -0.068246 1.760225 -0.111004 1.794782 -0.043882 2.164323 -0.079025 1.794610 -0.078019 2.710000 0.500000
1772410297586345604 1.948632 -0.069606 1.760225 -0.111004 1.794782 -0.043882 2.164323 -0.079025 1.794610 -0.078019 2.710000 0.500000
1772410297586826804 1.948632 -0.069606 1.780225 -0.110999 1.794782 -0.043882 2.164323 -0.079025 1.794610 -0.078019 2.710000 0.500000
1772410297587603265 1.948632 -0.069606 1.780225 -0.110999 1.822281 -0.046425 2.164323 -0.079025 1.794610 -0.078019 2.710000 0.500000
1772410297607887842 1.948632 -0.069606 1.780225 -0.110999 1.822281 -0.046425 2.164323 -0.079025 1.794610 -0.078019 2.710000 0.500000
1772410297627693907 1.948632 -0.069606 1.780225 -0.110999 1.822281 -0.046426 2.164323 -0.079025 1.794610 -0.078019 2.710000 0.500000
1772410297647562438 1.948632 -0.069606 1.780225 -0.110999 1.822281 -0.046426 2.164323 -0.079025 1.794610 -0.078019 2.710000 0.500000
1772410297667671687 1.948632 -0.069606 1.780225 -0.110999 1.822281 -0.046426 2.164323 -0.079025 1.794610 -0.078019 2.710000 0.500000
1772410297686208625 1.948632 -0.069606 1.780225 -0.110999 1.822281 -0.046426 2.164323 -0.079025 1.794610 -0.078019 2.750000 0.490000
1772410297686965227 1.948632 -0.069606 1.820227 -0.120990 1.822281 -0.046426 2.164323 -0.079025 1.794610 -0.078019 2.750000 0.490000
1772410297688041196 1.948632 -0.069606 1.820227 -0.120990 1.850312 -0.049237 2.164323 -0.079025 1.794610 -0.078019 2.750000 0.490000
1772410297693134837 1.948632 -0.069606 1.820227 -0.120990 1.850312 -0.049237 2.204715 -0.080997 1.794610 -0.078019 2.750000 0.490000
1772410297706082591 1.978226 -0.070991 1.820227 -0.120990 1.850312 -0.049237 2.204715 -0.080997 1.794610 -0.078019 2.750000 0.490000
1772410297707594463 1.978226 -0.070991 1.820227 -0.120990 1.855195 -0.049162 2.204715 -0.080997 1.794610 -0.078019 2.750000 0.490000
1772410297727673026 1.978226 -0.070991 1.820227 -0.120990 1.855195 -0.049163 2.204715 -0.080997 1.794610 -0.078019 2.750000 0.490000
1772410297747496903 1.978226 -0.070991 1.820227 -0.120990 1.855195 -0.049163 2.204715 -0.080997 1.794610 -0.078019 2.750000 0.490000
1772410297767599259 1.978226 -0.070991 1.820227 -0.120990 1.855195 -0.049162 2.204715 -0.080997 1.794610 -0.078019 2.750000 0.490000
1772410297768006669 1.978226 -0.070991 1.820227 -0.120990 1.855195 -0.049162 2.204715 -0.080997 1.851121 -0.086166 2.750000 0.490000
1772410297786245967 1.978226 -0.070991 1.820227 -0.120990 1.855195 -0.049162 2.204715 -0.080997 1.851121 -0.086166 2.790000 0.490000
1772410297786656135 1.978226 -0.070991 1.860227 -0.120981 1.855195 -0.049162 2.204715 -0.080997 1.851121 -0.086166 2.790000 0.490000
1772410297787477008 1.978226 -0.070991 1.860227 -0.120981 1.874375 -0.051997 2.204715 -0.080997 1.851121 -0.086166 2.790000 0.490000
1772410297806995121 2.007556 -0.072370 1.860227 -0.120981 1.874375 -0.051997 2.204715 -0.080997 1.851121 -0.086166 2.790000 0.490000
1772410297807519292 2.007556 -0.072370 1.860227 -0.120981 1.880156 -0.051909 2.204715 -0.080997 1.851121 -0.086166 2.790000 0.490000
1772410297827817213 2.007556 -0.072370 1.860227 -0.120981 1.880156 -0.051907 2.204715 -0.080997 1.851121 -0.086166 2.790000 0.490000
1772410297847758099 2.007556 -0.072370 1.860227 -0.120981 1.880156 -0.051907 2.204715 -0.080997 1.851121 -0.086166 2.790000 0.490000
1772410297867675894 2.007556 -0.072370 1.860227 -0.120981 1.880156 -0.051906 2.204715 -0.080997 1.851121 -0.086166 2.790000 0.490000
1772410297868333462 2.007556 -0.072370 1.860227 -0.120981 1.880156 -0.051906 2.204715 -0.080997 1.882653 -0.090340 2.790000 0.490000
1772410297868352408 2.007556 -0.072370 1.860227 -0.120981 1.880156 -0.051906 2.250222 -0.083264 1.882653 -0.090340 2.790000 0.490000
1772410297886352762 2.007556 -0.072370 1.860227 -0.120981 1.880156 -0.051906 2.250222 -0.083264 1.882653 -0.090340 2.820000 0.500000
1772410297887183108 2.007556 -0.072370 1.890225 -0.110974 1.880156 -0.051906 2.250222 -0.083264 1.882653 -0.090340 2.820000 0.500000
1772410297887739555 2.007556 -0.072370 1.890225 -0.110974 1.880156 -0.051906 2.250222 -0.083264 1.882653 -0.090340 2.820000 0.500000
1772410297907820034 2.007556 -0.072370 1.890225 -0.110974 1.903168 -0.054116 2.250222 -0.083264 1.882653 -0.090340 2.820000 0.500000
1772410297926331791 2.037097 -0.073759 1.890225 -0.110974 1.903168 -0.054116 2.250222 -0.083264 1.882653 -0.090340 2.820000 0.500000
1772410297927641813 2.037097 -0.073759 1.890225 -0.110974 1.912955 -0.053957 2.250222 -0.083264 1.882653 -0.090340 2.820000 0.500000
1772410297947704176 2.037097 -0.073759 1.890225 -0.110974 1.912955 -0.053957 2.250222 -0.083264 1.882653 -0.090340 2.820000 0.500000
1772410297967654073 2.037097 -0.073759 1.890225 -0.110974 1.912955 -0.053957 2.250222 -0.083264 1.882653 -0.090340 2.820000 0.500000
1772410297986690863 2.037097 -0.073759 1.890225 -0.110974 1.912955 -0.053957 2.250222 -0.083264 1.882653 -0.090340 2.870000 0.480000
1772410297987619058 2.037097 -0.073759 1.940230 -0.130963 1.912955 -0.053957 2.250222 -0.083264 1.882653 -0.090340 2.870000 0.480000
1772410297987667930 2.037097 -0.073759 1.940230 -0.130963 1.912955 -0.053957 2.250222 -0.083264 1.882653 -0.090340 2.870000 0.480000
1772410297993151582 2.037097 -0.073759 1.940230 -0.130963 1.912955 -0.053957 2.279232 -0.084721 1.882653 -0.090340 2.870000 0.480000
1772410298007517094 2.037097 -0.073759 1.940230 -0.130963 1.928344 -0.057076 2.279232 -0.084721 1.882653 -0.090340 2.870000 0.480000
1772410298019030936 2.037097 -0.073759 1.940230 -0.130963 1.928344 -0.057076 2.279232 -0.084721 1.920996 -0.096335 2.870000 0.480000
1772410298026125577 2.066533 -0.075143 1.940230 -0.130963 1.928344 -0.057076 2.279232 -0.084721 1.920996 -0.096335 2.870000 0.480000
1772410298027644051 2.066533 -0.075143 1.940230 -0.130963 1.940024 -0.056883 2.279232 -0.084721 1.920996 -0.096335 2.870000 0.480000
1772410298047990490 2.066533 -0.075143 1.940230 -0.130963 1.940024 -0.056883 2.279232 -0.084721 1.920996 -0.096335 2.870000 0.480000
1772410298067783055 2.066533 -0.075143 1.940230 -0.130963 1.940024 -0.056881 2.279232 -0.084721 1.920996 -0.096335 2.870000 0.480000
1772410298086500685 2.066533 -0.075143 1.940230 -0.130963 1.940024 -0.056881 2.279232 -0.084721 1.920996 -0.096335 2.920000 0.470000
1772410298087036759 2.066533 -0.075143 1.990232 -0.140952 1.940024 -0.056881 2.279232 -0.084721 1.920996 -0.096335 2.920000 0.470000
1772410298087551999 2.066533 -0.075143 1.990232 -0.140952 1.940024 -0.056881 2.279232 -0.084721 1.920996 -0.096335 2.920000 0.470000
1772410298107626112 2.066533 -0.075143 1.990232 -0.140952 1.959215 -0.060248 2.279232 -0.084721 1.920996 -0.096335 2.920000 0.470000
1772410298118842060 2.066533 -0.075143 1.990232 -0.140952 1.959215 -0.060248 2.319662 -0.086735 1.920996 -0.096335 2.920000 0.470000
1772410298127832535 2.066533 -0.075143 1.990232 -0.140952 1.959215 -0.060248 2.319662 -0.086735 1.920996 -0.096335 2.920000 0.470000
1772410298146171660 2.096178 -0.076538 1.990232 -0.140952 1.959215 -0.060248 2.319662 -0.086735 1.920996 -0.096335 2.920000 0.470000
1772410298147577484 2.096178 -0.076538 1.990232 -0.140952 1.973974 -0.059978 2.319662 -0.086735 1.920996 -0.096335 2.920000 0.470000
1772410298167617320 2.096178 -0.076538 1.990232 -0.140952 1.973974 -0.059980 2.319662 -0.086735 1.920996 -0.096335 2.920000 0.470000
1772410298186660504 2.096178 -0.076538 1.990232 -0.140952 1.973974 -0.059980 2.319662 -0.086735 1.920996 -0.096335 2.940000 0.460000
1772410298186955605 2.096178 -0.076538 2.010234 -0.150947 1.973974 -0.059980 2.319662 -0.086735 1.920996 -0.096335 2.940000 0.460000
1772410298187783705 2.096178 -0.076538 2.010234 -0.150947 1.985130 -0.063766 2.319662 -0.086735 1.920996 -0.096335 2.940000 0.460000
1772410298207819006 2.096178 -0.076538 2.010234 -0.150947 1.985130 -0.063767 2.319662 -0.086735 1.920996 -0.096335 2.940000 0.460000
1772410298218601914 2.096178 -0.076538 2.010234 -0.150947 1.985130 -0.063767 2.319662 -0.086735 1.987000 -0.105829 2.940000 0.460000
1772410298227826165 2.096178 -0.076538 2.010234 -0.150947 1.985130 -0.063767 2.319662 -0.086735 1.987000 -0.105829 2.940000 0.460000
1772410298246242424 2.125561 -0.077927 2.010234 -0.150947 1.985130 -0.063767 2.319662 -0.086735 1.987000 -0.105829 2.940000 0.460000
1772410298247562789 2.125561 -0.077927 2.010234 -0.150947 2.002632 -0.063440 2.319662 -0.086735 1.987000 -0.105829 2.940000 0.460000
1772410298267536854 2.125561 -0.077927 2.010234 -0.150947 2.002632 -0.063439 2.319662 -0.086735 1.987000 -0.105829 2.940000 0.460000
1772410298286340513 2.125561 -0.077927 2.010234 -0.150947 2.002632 -0.063439 2.319662 -0.086735 1.987000 -0.105829 2.980000 0.440000
1772410298286793555 2.125561 -0.077927 2.050239 -0.170938 2.002632 -0.063439 2.319662 -0.086735 1.987000 -0.105829 2.980000 0.440000
1772410298287472103 2.125561 -0.077927 2.050239 -0.170938 2.016078 -0.067908 2.319662 -0.086735 1.987000 -0.105829 2.980000 0.440000
1772410298292966503 2.125561 -0.077927 2.050239 -0.170938 2.016078 -0.067908 2.365133 -0.089015 1.987000 -0.105829 2.980000 0.440000
1772410298307803933 2.125561 -0.077927 2.050239 -0.170938 2.016078 -0.067907 2.365133 -0.089015 1.987000 -0.105829 2.980000 0.440000
1772410298327860092 2.125561 -0.077927 2.050239 -0.170938 2.016078 -0.067907 2.365133 -0.089015 1.987000 -0.105829 2.980000 0.440000
1772410298347733784 2.125561 -0.077927 2.050239 -0.170938 2.016078 -0.067908 2.365133 -0.089015 1.987000 -0.105829 2.980000 0.440000
1772410298365985137 2.154943 -0.079330 2.050239 -0.170938 2.016078 -0.067908 2.365133 -0.089015 1.987000 -0.105829 2.980000 0.440000
1772410298367628087 2.154943 -0.079330 2.050239 -0.170938 2.035584 -0.067531 2.365133 -0.089015 1.987000 -0.105829 2.980000 0.440000
1772410298386391106 2.154943 -0.079330 2.050239 -0.170938 2.035584 -0.067531 2.365133 -0.089015 1.987000 -0.105829 3.020000 0.440000
1772410298386848457 2.154943 -0.079330 2.090239 -0.170929 2.035584 -0.067531 2.365133 -0.089015 1.987000 -0.105829 3.020000 0.440000
1772410298387873257 2.154943 -0.079330 2.090239 -0.170929 2.042771 -0.071948 2.365133 -0.089015 1.987000 -0.105829 3.020000 0.440000
1772410298392921939 2.154943 -0.079330 2.090239 -0.170929 2.042771 -0.071948 2.387802 -0.090164 1.987000 -0.105829 3.020000 0.440000
1772410298407979968 2.154943 -0.079330 2.090239 -0.170929 2.042771 -0.071956 2.387802 -0.090164 1.987000 -0.105829 3.020000 0.440000
1772410298418313691 2.154943 -0.079330 2.090239 -0.170929 2.042771 -0.071956 2.387802 -0.090164 2.051670 -0.117392 3.020000 0.440000
1772410298427858523 2.154943 -0.079330 2.090239 -0.170929 2.042771 -0.071956 2.387802 -0.090164 2.051670 -0.117392 3.020000 0.440000
1772410298447696938 2.154943 -0.079330 2.090239 -0.170929 2.042771 -0.071956 2.387802 -0.090164 2.051670 -0.117392 3.020000 0.440000
1772410298465994935 2.184641 -0.080748 2.090239 -0.170929 2.042771 -0.071956 2.387802 -0.090164 2.051670 -0.117392 3.020000 0.440000
1772410298467525269 2.184641 -0.080748 2.090239 -0.170929 2.066404 -0.071549 2.387802 -0.090164 2.051670 -0.117392 3.020000 0.440000
1772410298486290500 2.184641 -0.080748 2.090239 -0.170929 2.066404 -0.071549 2.387802 -0.090164 2.051670 -0.117392 3.050000 0.430000
1772410298486911301 2.184641 -0.080748 2.120241 -0.180922 2.066404 -0.071549 2.387802 -0.090164 2.051670 -0.117392 3.050000 0.430000
1772410298487862653 2.184641 -0.080748 2.120241 -0.180922 2.074540 -0.076224 2.387802 -0.090164 2.051670 -0.117392 3.050000 0.430000
1772410298492913955 2.184641 -0.080748 2.120241 -0.180922 2.074540 -0.076224 2.421288 -0.091858 2.051670 -0.117392 3.050000 0.430000
1772410298507736929 2.184641 -0.080748 2.120241 -0.180922 2.074539 -0.076217 2.421288 -0.091858 2.051670 -0.117392 3.050000 0.430000
1772410298518430312 2.184641 -0.080748 2.120241 -0.180922 2.074539 -0.076217 2.421288 -0.091858 2.088115 -0.123662 3.050000 0.430000
1772410298527843525 2.184641 -0.080748 2.120241 -0.180922 2.074539 -0.076217 2.421288 -0.091858 2.088115 -0.123662 3.050000 0.430000
1772410298547714300 2.184641 -0.080748 2.120241 -0.180922 2.074539 -0.076217 2.421288 -0.091858 2.088115 -0.123662 3.050000 0.430000
1772410298567736352 2.184641 -0.080748 2.120241 -0.180922 2.074539 -0.076217 2.421288 -0.091858 2.088115 -0.123662 3.050000 0.430000
1772410298587827343 2.184641 -0.080748 2.120241 -0.180922 2.074539 -0.076217 2.421288 -0.091858 2.088115 -0.123662 3.050000 0.430000
1772410298593593913 2.184641 -0.080748 2.120241 -0.180922 2.074539 -0.076217 2.451292 -0.093370 2.088115 -0.123662 3.050000 0.430000
1772410298607506430 2.184641 -0.080748 2.120241 -0.180922 2.074539 -0.076217 2.451292 -0.093370 2.088115 -0.123662 3.050000 0.430000
1772410298627482671 2.184641 -0.080748 2.120241 -0.180922 2.074539 -0.076217 2.451292 -0.093370 2.088115 -0.123662 3.050000 0.430000
1772410298642826667 2.184641 -0.080748 2.120241 -0.180922 2.074539 -0.076217 2.451292 -0.093370 2.125855 -0.125599 3.050000 0.430000
1772410298647452617 2.184641 -0.080748 2.120241 -0.180922 2.074539 -0.076217 2.451292 -0.093370 2.125855 -0.125599 3.050000 0.430000
1772410298667557321 2.184641 -0.080748 2.120241 -0.180922 2.074539 -0.076216 2.451292 -0.093370 2.125855 -0.125599 3.050000 0.430000
1772410298686059230 2.184641 -0.080748 2.120241 -0.180922 2.074539 -0.076216 2.451292 -0.093370 2.125855 -0.125599 3.100000 0.440000
1772410298686239521 2.184641 -0.080748 2.170239 -0.170911 2.074539 -0.076216 2.451292 -0.093370 2.125855 -0.125599 3.100000 0.440000
1772410298687393936 2.184641 -0.080748 2.170239 -0.170911 2.084318 -0.080155 2.451292 -0.093370 2.125855 -0.125599 3.100000 0.440000
1772410298707537396 2.184641 -0.080748 2.170239 -0.170911 2.084318 -0.080155 2.451292 -0.093370 2.125855 -0.125599 3.100000 0.440000
1772410298727635706 2.184641 -0.080748 2.170239 -0.170911 2.084318 -0.080155 2.451292 -0.093370 2.125855 -0.125599 3.100000 0.440000
1772410298742977136 2.184641 -0.080748 2.170239 -0.170911 2.084318 -0.080155 2.496526 -0.095627 2.125855 -0.125599 3.100000 0.440000
1772410298742988153 2.184641 -0.080748 2.170239 -0.170911 2.084318 -0.080155 2.496526 -0.095627 2.159834 -0.130723 3.100000 0.440000
1772410298747478365 2.184641 -0.080748 2.170239 -0.170911 2.084318 -0.080154 2.496526 -0.095627 2.159834 -0.130723 3.100000 0.440000
1772410298767545200 2.184641 -0.080748 2.170239 -0.170911 2.084318 -0.080154 2.496526 -0.095627 2.159834 -0.130723 3.100000 0.440000
1772410298786203663 2.184641 -0.080748 2.170239 -0.170911 2.084318 -0.080154 2.496526 -0.095627 2.159834 -0.130723 3.140000 0.430000
1772410298786361783 2.184641 -0.080748 2.210241 -0.180902 2.084318 -0.080154 2.496526 -0.095627 2.159834 -0.130723 3.140000 0.430000
1772410298787538385 2.184641 -0.080748 2.210241 -0.180902 2.118018 -0.083816 2.496526 -0.095627 2.159834 -0.130723 3.140000 0.430000
1772410298807758326 2.184641 -0.080748 2.210241 -0.180902 2.118018 -0.083816 2.496526 -0.095627 2.159834 -0.130723 3.140000 0.430000
1772410298827513653 2.184641 -0.080748 2.210241 -0.180902 2.118018 -0.083812 2.496526 -0.095627 2.159834 -0.130723 3.140000 0.430000
1772410298847614521 2.184641 -0.080748 2.210241 -0.180902 2.118018 -0.083812 2.496526 -0.095627 2.159834 -0.130723 3.140000 0.430000
1772410298867575646 2.184641 -0.080748 2.210241 -0.180902 2.118018 -0.083812 2.496526 -0.095627 2.159834 -0.130723 3.140000 0.430000
1772410298868161581 2.184641 -0.080748 2.210241 -0.180902 2.118018 -0.083812 2.496526 -0.095627 2.202366 -0.136588 3.140000 0.430000
1772410298868188471 2.184641 -0.080748 2.210241 -0.180902 2.118018 -0.083812 2.534599 -0.097500 2.202366 -0.136588 3.140000 0.430000
1772410298886353571 2.184641 -0.080748 2.210241 -0.180902 2.118018 -0.083812 2.534599 -0.097500 2.202366 -0.136588 3.180000 0.430000
1772410298886851038 2.184641 -0.080748 2.250241 -0.180893 2.118018 -0.083812 2.534599 -0.097500 2.202366 -0.136588 3.180000 0.430000
1772410298887518417 2.184641 -0.080748 2.250241 -0.180893 2.152001 -0.087205 2.534599 -0.097500 2.202366 -0.136588 3.180000 0.430000
1772410298907606292 2.184641 -0.080748 2.250241 -0.180893 2.152001 -0.087205 2.534599 -0.097500 2.202366 -0.136588 3.180000 0.430000
1772410298927658075 2.184641 -0.080748 2.250241 -0.180893 2.152001 -0.087207 2.534599 -0.097500 2.202366 -0.136588 3.180000 0.430000
1772410298947645193 2.184641 -0.080748 2.250241 -0.180893 2.152001 -0.087207 2.534599 -0.097500 2.202366 -0.136588 3.180000 0.430000
1772410298967537951 2.184641 -0.080748 2.250241 -0.180893 2.152001 -0.087207 2.534599 -0.097500 2.202366 -0.136588 3.180000 0.430000
1772410298987792039 2.184641 -0.080748 2.250241 -0.180893 2.152001 -0.087205 2.534599 -0.097500 2.202366 -0.136588 3.180000 0.430000
1772410298993580414 2.184641 -0.080748 2.250241 -0.180893 2.152001 -0.087205 2.572996 -0.099364 2.202366 -0.136588 3.180000 0.430000
1772410298993620881 2.184641 -0.080748 2.250241 -0.180893 2.152001 -0.087205 2.572996 -0.099364 2.245295 -0.142029 3.180000 0.430000
1772410299007776948 2.184641 -0.080748 2.250241 -0.180893 2.152001 -0.087205 2.572996 -0.099364 2.245295 -0.142029 3.180000 0.430000
1772410299027752238 2.184641 -0.080748 2.250241 -0.180893 2.152001 -0.087204 2.572996 -0.099364 2.245295 -0.142029 3.180000 0.430000
1772410299048010677 2.184641 -0.080748 2.250241 -0.180893 2.152001 -0.087204 2.572996 -0.099364 2.245295 -0.142029 3.180000 0.430000
1772410299067848540 2.184641 -0.080748 2.250241 -0.180893 2.152001 -0.087204 2.572996 -0.099364 2.245295 -0.142029 3.180000 0.430000
1772410299086213661 2.184641 -0.080748 2.250241 -0.180893 2.152001 -0.087204 2.572996 -0.099364 2.245295 -0.142029 3.190000 0.410000
1772410299086585021 2.184641 -0.080748 2.260245 -0.200891 2.152001 -0.087204 2.572996 -0.099364 2.245295 -0.142029 3.190000 0.410000
1772410299087459176 2.184641 -0.080748 2.260245 -0.200891 2.213411 -0.090519 2.572996 -0.099364 2.245295 -0.142029 3.190000 0.410000
1772410299107719714 2.184641 -0.080748 2.260245 -0.200891 2.213411 -0.090519 2.572996 -0.099364 2.245295 -0.142029 3.190000 0.410000
1772410299127865581 2.184641 -0.080748 2.260245 -0.200891 2.213411 -0.090521 2.572996 -0.099364 2.245295 -0.142029 3.190000 0.410000
1772410299143897322 2.184641 -0.080748 2.260245 -0.200891 2.213411 -0.090521 2.619375 -0.101588 2.245295 -0.142029 3.190000 0.410000
1772410299143983609 2.184641 -0.080748 2.260245 -0.200891 2.213411 -0.090521 2.619375 -0.101588 2.294262 -0.149050 3.190000 0.410000
1772410299147837058 2.184641 -0.080748 2.260245 -0.200891 2.213411 -0.090521 2.619375 -0.101588 2.294262 -0.149050 3.190000 0.410000
1772410299167590916 2.184641 -0.080748 2.260245 -0.200891 2.213411 -0.090524 2.619375 -0.101588 2.294262 -0.149050 3.190000 0.410000
1772410299186247737 2.184641 -0.080748 2.260245 -0.200891 2.213411 -0.090524 2.619375 -0.101588 2.294262 -0.149050 3.240000 0.410000
1772410299186670828 2.184641 -0.080748 2.310245 -0.200880 2.213411 -0.090524 2.619375 -0.101588 2.294262 -0.149050 3.240000 0.410000
1772410299187614253 2.184641 -0.080748 2.310245 -0.200880 2.245812 -0.094256 2.619375 -0.101588 2.294262 -0.149050 3.240000 0.410000
1772410299207645778 2.184641 -0.080748 2.310245 -0.200880 2.245812 -0.094256 2.619375 -0.101588 2.294262 -0.149050 3.240000 0.410000
1772410299227670616 2.184641 -0.080748 2.310245 -0.200880 2.245812 -0.094258 2.619375 -0.101588 2.294262 -0.149050 3.240000 0.410000
1772410299247855879 2.184641 -0.080748 2.310245 -0.200880 2.245812 -0.094258 2.619375 -0.101588 2.294262 -0.149050 3.240000 0.410000
1772410299267909699 2.184641 -0.080748 2.310245 -0.200880 2.245812 -0.094259 2.619375 -0.101588 2.294262 -0.149050 3.240000 0.410000
1772410299268616934 2.184641 -0.080748 2.310245 -0.200880 2.245812 -0.094259 2.658356 -0.103429 2.294262 -0.149050 3.240000 0.410000
1772410299268650099 2.184641 -0.080748 2.310245 -0.200880 2.245812 -0.094259 2.658356 -0.103429 2.335958 -0.155210 3.240000 0.410000
1772410299286882019 2.184641 -0.080748 2.310245 -0.200880 2.245812 -0.094259 2.658356 -0.103429 2.335958 -0.155210 3.260000 0.420000
1772410299287473138 2.184641 -0.080748 2.330243 -0.190875 2.245812 -0.094259 2.658356 -0.103429 2.335958 -0.155210 3.260000 0.420000
1772410299287668415 2.184641 -0.080748 2.330243 -0.190875 2.245812 -0.094259 2.658356 -0.103429 2.335958 -0.155210 3.260000 0.420000
1772410299307822455 2.184641 -0.080748 2.330243 -0.190875 2.277710 -0.097382 2.658356 -0.103429 2.335958 -0.155210 3.260000 0.420000
1772410299327828294 2.184641 -0.080748 2.330243 -0.190875 2.277710 -0.097386 2.658356 -0.103429 2.335958 -0.155210 3.260000 0.420000
1772410299347865069 2.184641 -0.080748 2.330243 -0.190875 2.277710 -0.097386 2.658356 -0.103429 2.335958 -0.155210 3.260000 0.420000
1772410299359488168 2.213812 -0.082142 2.330243 -0.190875 2.277710 -0.097386 2.658356 -0.103429 2.335958 -0.155210 3.260000 0.420000
1772410299359530531 2.240934 -0.083444 2.330243 -0.190875 2.277710 -0.097386 2.658356 -0.103429 2.335958 -0.155210 3.260000 0.420000
1772410299359546099 2.265165 -0.084601 2.330243 -0.190875 2.277710 -0.097386 2.658356 -0.103429 2.335958 -0.155210 3.260000 0.420000
1772410299359559342 2.286978 -0.085632 2.330243 -0.190875 2.277710 -0.097386 2.658356 -0.103429 2.335958 -0.155210 3.260000 0.420000
1772410299359600516 2.306164 -0.086530 2.330243 -0.190875 2.277710 -0.097386 2.658356 -0.103429 2.335958 -0.155210 3.260000 0.420000
1772410299359617666 2.322880 -0.087308 2.330243 -0.190875 2.277710 -0.097386 2.658356 -0.103429 2.335958 -0.155210 3.260000 0.420000
1772410299359633510 2.337388 -0.087990 2.330243 -0.190875 2.277710 -0.097386 2.658356 -0.103429 2.335958 -0.155210 3.260000 0.420000
1772410299359646934 2.349529 -0.088570 2.330243 -0.190875 2.277710 -0.097386 2.658356 -0.103429 2.335958 -0.155210 3.260000 0.420000
1772410299368029886 2.349529 -0.088570 2.330243 -0.190875 2.284950 -0.097215 2.658356 -0.103429 2.335958 -0.155210 3.260000 0.420000
1772410299386576029 2.349529 -0.088570 2.330243 -0.190875 2.284950 -0.097215 2.658356 -0.103429 2.335958 -0.155210 3.310000 0.420000
1772410299387305101 2.349529 -0.088570 2.380243 -0.190864 2.284950 -0.097215 2.658356 -0.103429 2.335958 -0.155210 3.310000 0.420000
1772410299387811475 2.349529 -0.088570 2.380243 -0.190864 2.284950 -0.097215 2.658356 -0.103429 2.335958 -0.155210 3.310000 0.420000
1772410299393227068 2.349529 -0.088570 2.380243 -0.190864 2.284950 -0.097215 2.627556 -0.102079 2.335958 -0.155210 3.310000 0.420000
1772410299407687075 2.349529 -0.088570 2.380243 -0.190864 2.293457 -0.100805 2.627556 -0.102079 2.335958 -0.155210 3.310000 0.420000
1772410299418694118 2.349529 -0.088570 2.380243 -0.190864 2.293457 -0.100805 2.627556 -0.102079 2.323677 -0.159851 3.310000 0.420000
1772410299427708920 2.349529 -0.088570 2.380243 -0.190864 2.293457 -0.100805 2.627556 -0.102079 2.323677 -0.159851 3.310000 0.420000
1772410299447869316 2.349529 -0.088570 2.380243 -0.190864 2.293457 -0.100805 2.627556 -0.102079 2.323677 -0.159851 3.310000 0.420000
1772410299466131797 2.359621 -0.089054 2.380243 -0.190864 2.293457 -0.100805 2.627556 -0.102079 2.323677 -0.159851 3.310000 0.420000
1772410299467767789 2.359621 -0.089054 2.380243 -0.190864 2.300146 -0.100642 2.627556 -0.102079 2.323677 -0.159851 3.310000 0.420000
1772410299486963646 2.359621 -0.089054 2.380243 -0.190864 2.300146 -0.100642 2.627556 -0.102079 2.323677 -0.159851 3.370000 0.430000
1772410299487617831 2.359621 -0.089054 2.440241 -0.180850 2.300146 -0.100642 2.627556 -0.102079 2.323677 -0.159851 3.370000 0.430000
1772410299487677579 2.359621 -0.089054 2.440241 -0.180850 2.300146 -0.100642 2.627556 -0.102079 2.323677 -0.159851 3.370000 0.430000
1772410299493011987 2.359621 -0.089054 2.440241 -0.180850 2.300146 -0.100642 2.631087 -0.102253 2.323677 -0.159851 3.370000 0.430000
1772410299507651071 2.359621 -0.089054 2.440241 -0.180850 2.307386 -0.103800 2.631087 -0.102253 2.323677 -0.159851 3.370000 0.430000
1772410299527747568 2.359621 -0.089054 2.440241 -0.180850 2.307386 -0.103800 2.631087 -0.102253 2.323677 -0.159851 3.370000 0.430000
1772410299543419972 2.359621 -0.089054 2.440241 -0.180850 2.307386 -0.103800 2.631087 -0.102253 2.340275 -0.161846 3.370000 0.430000
1772410299547861680 2.359621 -0.089054 2.440241 -0.180850 2.307386 -0.103800 2.631087 -0.102253 2.340275 -0.161846 3.370000 0.430000
1772410299565907554 2.367610 -0.089438 2.440241 -0.180850 2.307386 -0.103800 2.631087 -0.102253 2.340275 -0.161846 3.370000 0.430000
1772410299567780325 2.367610 -0.089438 2.440241 -0.180850 2.313742 -0.103642 2.631087 -0.102253 2.340275 -0.161846 3.370000 0.430000
1772410299586576666 2.367610 -0.089438 2.440241 -0.180850 2.313742 -0.103642 2.631087 -0.102253 2.340275 -0.161846 3.410000 0.430000
1772410299587236466 2.367610 -0.089438 2.480241 -0.180841 2.313742 -0.103642 2.631087 -0.102253 2.340275 -0.161846 3.410000 0.430000
1772410299587726014 2.367610 -0.089438 2.480241 -0.180841 2.313742 -0.103642 2.631087 -0.102253 2.340275 -0.161846 3.410000 0.430000
1772410299607806708 2.367610 -0.089438 2.480241 -0.180841 2.322000 -0.106707 2.631087 -0.102253 2.340275 -0.161846 3.410000 0.430000
1772410299627770836 2.367610 -0.089438 2.480241 -0.180841 2.322000 -0.106707 2.631087 -0.102253 2.340275 -0.161846 3.410000 0.430000
1772410299643290401 2.367610 -0.089438 2.480241 -0.180841 2.322000 -0.106707 2.642121 -0.102790 2.340275 -0.161846 3.410000 0.430000
1772410299643315987 2.367610 -0.089438 2.480241 -0.180841 2.322000 -0.106707 2.642121 -0.102790 2.357944 -0.163656 3.410000 0.430000
1772410299647437642 2.367610 -0.089438 2.480241 -0.180841 2.322000 -0.106706 2.642121 -0.102790 2.357944 -0.163656 3.410000 0.430000
1772410299667558357 2.367610 -0.089438 2.480241 -0.180841 2.322000 -0.106706 2.642121 -0.102790 2.357944 -0.163656 3.410000 0.430000
1772410299686286055 2.367610 -0.089438 2.480241 -0.180841 2.322000 -0.106706 2.642121 -0.102790 2.357944 -0.163656 3.430000 0.450000
1772410299686313929 2.373760 -0.089729 2.480241 -0.180841 2.322000 -0.106706 2.642121 -0.102790 2.357944 -0.163656 3.430000 0.450000
1772410299686823014 2.373760 -0.089729 2.500236 -0.160837 2.322000 -0.106706 2.642121 -0.102790 2.357944 -0.163656 3.430000 0.450000
1772410299687534774 2.373760 -0.089729 2.500236 -0.160837 2.334135 -0.108772 2.642121 -0.102790 2.357944 -0.163656 3.430000 0.450000
1772410299707552533 2.373760 -0.089729 2.500236 -0.160837 2.334135 -0.108773 2.642121 -0.102790 2.357944 -0.163656 3.430000 0.450000
1772410299727832485 2.373760 -0.089729 2.500236 -0.160837 2.334135 -0.108773 2.642121 -0.102790 2.357944 -0.163656 3.430000 0.450000
1772410299747679911 2.373760 -0.089729 2.500236 -0.160837 2.334135 -0.108773 2.642121 -0.102790 2.357944 -0.163656 3.430000 0.450000
1772410299767560435 2.373760 -0.089729 2.500236 -0.160837 2.334135 -0.108773 2.642121 -0.102790 2.357944 -0.163656 3.430000 0.450000
1772410299767579810 2.373760 -0.089729 2.500236 -0.160837 2.334135 -0.108773 2.647010 -0.103028 2.357944 -0.163656 3.430000 0.450000
1772410299767790051 2.373760 -0.089729 2.500236 -0.160837 2.334135 -0.108773 2.647010 -0.103028 2.372872 -0.163671 3.430000 0.450000
1772410299785984679 2.373760 -0.089729 2.500236 -0.160837 2.334135 -0.108773 2.647010 -0.103028 2.372872 -0.163671 3.470000 0.420000
1772410299786027599 2.377965 -0.089922 2.500236 -0.160837 2.334135 -0.108773 2.647010 -0.103028 2.372872 -0.163671 3.470000 0.420000
1772410299786296799 2.377965 -0.089922 2.540243 -0.190828 2.334135 -0.108773 2.647010 -0.103028 2.372872 -0.163671 3.470000 0.420000
1772410299787584472 2.377965 -0.089922 2.540243 -0.190828 2.346572 -0.112011 2.647010 -0.103028 2.372872 -0.163671 3.470000 0.420000
1772410299807682553 2.377965 -0.089922 2.540243 -0.190828 2.346572 -0.112011 2.647010 -0.103028 2.372872 -0.163671 3.470000 0.420000
1772410299827892374 2.377965 -0.089922 2.540243 -0.190828 2.346572 -0.112011 2.647010 -0.103028 2.372872 -0.163671 3.470000 0.420000
1772410299847723342 2.377965 -0.089922 2.540243 -0.190828 2.346572 -0.112011 2.647010 -0.103028 2.372872 -0.163671 3.470000 0.420000
1772410299867580319 2.377965 -0.089922 2.540243 -0.190828 2.346572 -0.112011 2.647010 -0.103028 2.372872 -0.163671 3.470000 0.420000
1772410299868047773 2.377965 -0.089922 2.540243 -0.190828 2.346572 -0.112011 2.650936 -0.103214 2.372872 -0.163671 3.470000 0.420000
1772410299868101572 2.377965 -0.089922 2.540243 -0.190828 2.346572 -0.112011 2.650936 -0.103214 2.388796 -0.165881 3.470000 0.420000
1772410299886097647 2.377965 -0.089922 2.540243 -0.190828 2.346572 -0.112011 2.650936 -0.103214 2.388796 -0.165881 3.480000 0.420000
1772410299886588726 2.377965 -0.089922 2.550243 -0.190826 2.346572 -0.112011 2.650936 -0.103214 2.388796 -0.165881 3.480000 0.420000
1772410299887591304 2.377965 -0.089922 2.550243 -0.190826 2.358788 -0.115063 2.650936 -0.103214 2.388796 -0.165881 3.480000 0.420000
1772410299906002361 2.380331 -0.090030 2.550243 -0.190826 2.358788 -0.115063 2.650936 -0.103214 2.388796 -0.165881 3.480000 0.420000
1772410299907574434 2.380331 -0.090030 2.550243 -0.190826 2.359172 -0.115052 2.650936 -0.103214 2.388796 -0.165881 3.480000 0.420000
1772410299927860335 2.380331 -0.090030 2.550243 -0.190826 2.359172 -0.115052 2.650936 -0.103214 2.388796 -0.165881 3.480000 0.420000
1772410299947800738 2.380331 -0.090030 2.550243 -0.190826 2.359172 -0.115052 2.650936 -0.103214 2.388796 -0.165881 3.480000 0.420000
1772410299967854344 2.380331 -0.090030 2.550243 -0.190826 2.359172 -0.115052 2.650936 -0.103214 2.388796 -0.165881 3.480000 0.420000
1772410299969063069 2.380331 -0.090030 2.550243 -0.190826 2.359172 -0.115052 2.650936 -0.103214 2.401388 -0.167761 3.480000 0.420000
1772410299969081298 2.380331 -0.090030 2.550243 -0.190826 2.359172 -0.115052 2.651763 -0.103251 2.401388 -0.167761 3.480000 0.420000
1772410299986407581 2.380331 -0.090030 2.550243 -0.190826 2.359172 -0.115052 2.651763 -0.103251 2.401388 -0.167761 3.470000 0.420000
1772410299986810412 2.380331 -0.090030 2.540243 -0.190828 2.359172 -0.115052 2.651763 -0.103251 2.401388 -0.167761 3.470000 0.420000
1772410299987807677 2.380331 -0.090030 2.540243 -0.190828 2.368009 -0.118072 2.651763 -0.103251 2.401388 -0.167761 3.470000 0.420000
1772410300006245549 2.381014 -0.090060 2.540243 -0.190828 2.368009 -0.118072 2.651763 -0.103251 2.401388 -0.167761 3.470000 0.420000
1772410300007709872 2.381014 -0.090060 2.540243 -0.190828 2.368142 -0.118069 2.651763 -0.103251 2.401388 -0.167761 3.470000 0.420000
1772410300027893288 2.381014 -0.090060 2.540243 -0.190828 2.368142 -0.118069 2.651763 -0.103251 2.401388 -0.167761 3.470000 0.420000
1772410300047871275 2.381014 -0.090060 2.540243 -0.190828 2.368142 -0.118069 2.651763 -0.103251 2.401388 -0.167761 3.470000 0.420000
1772410300068243973 2.381014 -0.090060 2.540243 -0.190828 2.368142 -0.118069 2.651763 -0.103251 2.401388 -0.167761 3.470000 0.420000
1772410300069016730 2.381014 -0.090060 2.540243 -0.190828 2.368142 -0.118069 2.651763 -0.103251 2.411308 -0.169441 3.470000 0.420000
1772410300069027433 2.381014 -0.090060 2.540243 -0.190828 2.368142 -0.118069 2.651804 -0.103253 2.411308 -0.169441 3.470000 0.420000
1772410300086266795 2.381014 -0.090060 2.540243 -0.190828 2.368142 -0.118069 2.651804 -0.103253 2.411308 -0.169441 3.490000 0.420000
1772410300086976945 2.381014 -0.090060 2.560243 -0.190823 2.368142 -0.118069 2.651804 -0.103253 2.411308 -0.169441 3.490000 0.420000
1772410300088213757 2.381014 -0.090060 2.560243 -0.190823 2.376481 -0.121013 2.651804 -0.103253 2.411308 -0.169441 3.490000 0.420000
1772410300107538562 2.381014 -0.090060 2.560243 -0.190823 2.376481 -0.121013 2.651804 -0.103253 2.411308 -0.169441 3.490000 0.420000
1772410300126872293 2.380962 -0.090058 2.560243 -0.190823 2.376481 -0.121013 2.651804 -0.103253 2.411308 -0.169441 3.490000 0.420000
1772410300127738406 2.380962 -0.090058 2.560243 -0.190823 2.376481 -0.121013 2.651804 -0.103253 2.411308 -0.169441 3.490000 0.420000
1772410300147852675 2.380962 -0.090058 2.560243 -0.190823 2.376463 -0.121014 2.651804 -0.103253 2.411308 -0.169441 3.490000 0.420000
1772410300167792731 2.380962 -0.090058 2.560243 -0.190823 2.376463 -0.121014 2.651804 -0.103253 2.411308 -0.169441 3.490000 0.420000
1772410300186154776 2.380962 -0.090058 2.560243 -0.190823 2.376463 -0.121014 2.651804 -0.103253 2.411308 -0.169441 3.500000 0.420000
1772410300186638474 2.380962 -0.090058 2.570243 -0.190821 2.376463 -0.121014 2.651804 -0.103253 2.411308 -0.169441 3.500000 0.420000
1772410300187757092 2.380962 -0.090058 2.570243 -0.190821 2.384367 -0.123871 2.651804 -0.103253 2.411308 -0.169441 3.500000 0.420000
1772410300192844866 2.380962 -0.090058 2.570243 -0.190821 2.384367 -0.123871 2.651056 -0.103220 2.411308 -0.169441 3.500000 0.420000
1772410300207850645 2.380962 -0.090058 2.570243 -0.190821 2.384367 -0.123871 2.651056 -0.103220 2.411308 -0.169441 3.500000 0.420000
1772410300218849503 2.380962 -0.090058 2.570243 -0.190821 2.384367 -0.123871 2.651056 -0.103220 2.430201 -0.172241 3.500000 0.420000
1772410300226095192 2.380962 -0.090058 2.570243 -0.190821 2.384367 -0.123871 2.651056 -0.103220 2.430201 -0.172241 3.500000 0.420000
1772410300227628124 2.380962 -0.090058 2.570243 -0.190821 2.384367 -0.123871 2.651056 -0.103220 2.430201 -0.172241 3.500000 0.420000
1772410300247992187 2.380962 -0.090058 2.570243 -0.190821 2.384367 -0.123871 2.651056 -0.103220 2.430201 -0.172241 3.500000 0.420000
1772410300267707915 2.380962 -0.090058 2.570243 -0.190821 2.384367 -0.123871 2.651056 -0.103220 2.430201 -0.172241 3.500000 0.420000
1772410300286555542 2.380962 -0.090058 2.570243 -0.190821 2.384367 -0.123871 2.651056 -0.103220 2.430201 -0.172241 3.510000 0.420000
1772410300287011945 2.380962 -0.090058 2.580243 -0.190819 2.384367 -0.123871 2.651056 -0.103220 2.430201 -0.172241 3.510000 0.420000
1772410300287948875 2.380962 -0.090058 2.580243 -0.190819 2.392427 -0.126626 2.651056 -0.103220 2.430201 -0.172241 3.510000 0.420000
1772410300293103597 2.380962 -0.090058 2.580243 -0.190819 2.392427 -0.126626 2.651297 -0.103233 2.430201 -0.172241 3.510000 0.420000
1772410300307681471 2.380962 -0.090058 2.580243 -0.190819 2.392427 -0.126626 2.651297 -0.103233 2.430201 -0.172241 3.510000 0.420000
1772410300327666459 2.380962 -0.090058 2.580243 -0.190819 2.392427 -0.126626 2.651297 -0.103233 2.430201 -0.172241 3.510000 0.420000
1772410300343875784 2.380962 -0.090058 2.580243 -0.190819 2.392427 -0.126626 2.651297 -0.103233 2.440395 -0.173527 3.510000 0.420000
1772410300346154536 2.380962 -0.090058 2.580243 -0.190819 2.392427 -0.126626 2.651297 -0.103233 2.440395 -0.173527 3.510000 0.420000
1772410300347587167 2.380962 -0.090058 2.580243 -0.190819 2.392427 -0.126626 2.651297 -0.103233 2.440395 -0.173527 3.510000 0.420000
1772410300367573939 2.380962 -0.090058 2.580243 -0.190819 2.392427 -0.126626 2.651297 -0.103233 2.440395 -0.173527 3.510000 0.420000
1772410300386605074 2.380962 -0.090058 2.580243 -0.190819 2.392427 -0.126626 2.651297 -0.103233 2.440395 -0.173527 3.510000 0.410000
1772410300387193850 2.380962 -0.090058 2.580245 -0.200819 2.392427 -0.126626 2.651297 -0.103233 2.440395 -0.173527 3.510000 0.410000
1772410300387606680 2.380962 -0.090058 2.580245 -0.200819 2.392427 -0.126626 2.651297 -0.103233 2.440395 -0.173527 3.510000 0.410000
1772410300407598879 2.380962 -0.090058 2.580245 -0.200819 2.400196 -0.129695 2.651297 -0.103233 2.440395 -0.173527 3.510000 0.410000
1772410300427718195 2.380962 -0.090058 2.580245 -0.200819 2.400196 -0.129695 2.651297 -0.103233 2.440395 -0.173527 3.510000 0.410000
1772410300443671758 2.380962 -0.090058 2.580245 -0.200819 2.400196 -0.129695 2.650687 -0.103207 2.440395 -0.173527 3.510000 0.410000
1772410300446109143 2.380962 -0.090058 2.580245 -0.200819 2.400196 -0.129695 2.650687 -0.103207 2.440395 -0.173527 3.510000 0.410000
1772410300447572914 2.380962 -0.090058 2.580245 -0.200819 2.400196 -0.129695 2.650687 -0.103207 2.440395 -0.173527 3.510000 0.410000
1772410300467697432 2.380962 -0.090058 2.580245 -0.200819 2.400196 -0.129695 2.650687 -0.103207 2.440395 -0.173527 3.510000 0.410000
1772410300486508920 2.380962 -0.090058 2.580245 -0.200819 2.400196 -0.129695 2.650687 -0.103207 2.440395 -0.173527 3.520000 0.410000
1772410300486997840 2.380962 -0.090058 2.590245 -0.200817 2.400196 -0.129695 2.650687 -0.103207 2.440395 -0.173527 3.520000 0.410000
1772410300487750842 2.380962 -0.090058 2.590245 -0.200817 2.408095 -0.132651 2.650687 -0.103207 2.440395 -0.173527 3.520000 0.410000
1772410300507865429 2.380962 -0.090058 2.590245 -0.200817 2.408095 -0.132651 2.650687 -0.103207 2.440395 -0.173527 3.520000 0.410000
1772410300518035944 2.380962 -0.090058 2.590245 -0.200817 2.408095 -0.132651 2.650687 -0.103207 2.458274 -0.177074 3.520000 0.410000
1772410300527565583 2.380962 -0.090058 2.590245 -0.200817 2.408095 -0.132651 2.650687 -0.103207 2.458274 -0.177074 3.520000 0.410000
1772410300547664876 2.380962 -0.090058 2.590245 -0.200817 2.408095 -0.132651 2.650687 -0.103207 2.458274 -0.177074 3.520000 0.410000
1772410300566218451 2.380962 -0.090058 2.590245 -0.200817 2.408095 -0.132651 2.650687 -0.103207 2.458274 -0.177074 3.520000 0.410000
1772410300567615222 2.380962 -0.090058 2.590245 -0.200817 2.408095 -0.132651 2.650687 -0.103207 2.458274 -0.177074 3.520000 0.410000
1772410300586046829 2.380962 -0.090058 2.590245 -0.200817 2.408095 -0.132651 2.650687 -0.103207 2.458274 -0.177074 3.520000 0.400000
1772410300586540488 2.380962 -0.090058 2.590248 -0.210817 2.408095 -0.132651 2.650687 -0.103207 2.458274 -0.177074 3.520000 0.400000
1772410300587507038 2.380962 -0.090058 2.590248 -0.210817 2.415699 -0.135914 2.650687 -0.103207 2.458274 -0.177074 3.520000 0.400000
1772410300593008632 2.380962 -0.090058 2.590248 -0.210817 2.415699 -0.135914 2.650470 -0.103199 2.458274 -0.177074 3.520000 0.400000
1772410300607649905 2.380962 -0.090058 2.590248 -0.210817 2.415699 -0.135914 2.650470 -0.103199 2.458274 -0.177074 3.520000 0.400000
1772410300627885645 2.380962 -0.090058 2.590248 -0.210817 2.415699 -0.135914 2.650470 -0.103199 2.458274 -0.177074 3.520000 0.400000
1772410300647874957 2.380962 -0.090058 2.590248 -0.210817 2.415699 -0.135914 2.650470 -0.103199 2.458274 -0.177074 3.520000 0.400000
1772410300666216874 2.380962 -0.090058 2.590248 -0.210817 2.415699 -0.135914 2.650470 -0.103199 2.458274 -0.177074 3.520000 0.400000
1772410300667554920 2.380962 -0.090058 2.590248 -0.210817 2.415699 -0.135914 2.650470 -0.103199 2.458274 -0.177074 3.520000 0.400000
1772410300687835184 2.380962 -0.090058 2.590248 -0.210817 2.415699 -0.135914 2.650470 -0.103199 2.458274 -0.177074 3.520000 0.400000
1772410300693887001 2.380962 -0.090058 2.590248 -0.210817 2.415699 -0.135914 2.650827 -0.103217 2.458274 -0.177074 3.520000 0.400000
1772410300693895729 2.380962 -0.090058 2.590248 -0.210817 2.415699 -0.135914 2.650827 -0.103217 2.466946 -0.179399 3.520000 0.400000
1772410300707756165 2.380962 -0.090058 2.590248 -0.210817 2.415699 -0.135914 2.650827 -0.103217 2.466946 -0.179399 3.520000 0.400000
1772410300727687013 2.380962 -0.090058 2.590248 -0.210817 2.415699 -0.135914 2.650827 -0.103217 2.466946 -0.179399 3.520000 0.400000
1772410300747725215 2.380962 -0.090058 2.590248 -0.210817 2.415699 -0.135914 2.650827 -0.103217 2.466946 -0.179399 3.520000 0.400000
1772410300767746286 2.380962 -0.090058 2.590248 -0.210817 2.415699 -0.135914 2.650827 -0.103217 2.466946 -0.179399 3.520000 0.400000
1772410300785976506 2.380962 -0.090058 2.590248 -0.210817 2.415699 -0.135914 2.650827 -0.103217 2.466946 -0.179399 3.490000 0.360000
1772410300786016267 2.380962 -0.090058 2.590248 -0.210817 2.415699 -0.135914 2.650827 -0.103217 2.466946 -0.179399 3.490000 0.360000
1772410300786386408 2.380962 -0.090058 2.560257 -0.250823 2.415699 -0.135914 2.650827 -0.103217 2.466946 -0.179399 3.490000 0.360000
1772410300787587328 2.380962 -0.090058 2.560257 -0.250823 2.421890 -0.140836 2.650827 -0.103217 2.466946 -0.179399 3.490000 0.360000
1772410300807874366 2.380962 -0.090058 2.560257 -0.250823 2.421890 -0.140836 2.650827 -0.103217 2.466946 -0.179399 3.490000 0.360000
1772410300818984023 2.380962 -0.090058 2.560257 -0.250823 2.421890 -0.140836 2.650687 -0.103211 2.466946 -0.179399 3.490000 0.360000
1772410300819036378 2.380962 -0.090058 2.560257 -0.250823 2.421890 -0.140836 2.650687 -0.103211 2.473903 -0.184600 3.490000 0.360000
1772410300827610949 2.380962 -0.090058 2.560257 -0.250823 2.421890 -0.140836 2.650687 -0.103211 2.473903 -0.184600 3.490000 0.360000
1772410300847810780 2.380962 -0.090058 2.560257 -0.250823 2.421890 -0.140836 2.650687 -0.103211 2.473903 -0.184600 3.490000 0.360000
1772410300867789987 2.380962 -0.090058 2.560257 -0.250823 2.421890 -0.140836 2.650687 -0.103211 2.473903 -0.184600 3.490000 0.360000
1772410300885913448 2.380962 -0.090058 2.560257 -0.250823 2.421890 -0.140836 2.650687 -0.103211 2.473903 -0.184600 3.510000 0.370000
1772410300885949393 2.380962 -0.090058 2.560257 -0.250823 2.421890 -0.140836 2.650687 -0.103211 2.473903 -0.184600 3.510000 0.370000
1772410300886343875 2.380962 -0.090058 2.580254 -0.240819 2.421890 -0.140836 2.650687 -0.103211 2.473903 -0.184600 3.510000 0.370000
1772410300887565862 2.380962 -0.090058 2.580254 -0.240819 2.428685 -0.145125 2.650687 -0.103211 2.473903 -0.184600 3.510000 0.370000
1772410300907730342 2.380962 -0.090058 2.580254 -0.240819 2.428685 -0.145125 2.650687 -0.103211 2.473903 -0.184600 3.510000 0.370000
1772410300927834229 2.380962 -0.090058 2.580254 -0.240819 2.428685 -0.145125 2.650687 -0.103211 2.473903 -0.184600 3.510000 0.370000
1772410300947579593 2.380962 -0.090058 2.580254 -0.240819 2.428685 -0.145125 2.650687 -0.103211 2.473903 -0.184600 3.510000 0.370000
1772410300967828830 2.380962 -0.090058 2.580254 -0.240819 2.428685 -0.145125 2.650687 -0.103211 2.473903 -0.184600 3.510000 0.370000
1772410300968731300 2.380962 -0.090058 2.580254 -0.240819 2.428685 -0.145125 2.650435 -0.103201 2.473903 -0.184600 3.510000 0.370000
1772410300968771886 2.380962 -0.090058 2.580254 -0.240819 2.428685 -0.145125 2.650435 -0.103201 2.481441 -0.188700 3.510000 0.370000
1772410300986585523 2.380962 -0.090058 2.580254 -0.240819 2.428685 -0.145125 2.650435 -0.103201 2.481441 -0.188700 3.530000 0.380000
1772410300987135336 2.380962 -0.090058 2.600252 -0.230814 2.428685 -0.145125 2.650435 -0.103201 2.481441 -0.188700 3.530000 0.380000
1772410300987789202 2.380962 -0.090058 2.600252 -0.230814 2.435901 -0.148729 2.650435 -0.103201 2.481441 -0.188700 3.530000 0.380000
1772410301006021705 2.380962 -0.090058 2.600252 -0.230814 2.435901 -0.148729 2.650435 -0.103201 2.481441 -0.188700 3.530000 0.380000
1772410301007623581 2.380962 -0.090058 2.600252 -0.230814 2.435901 -0.148729 2.650435 -0.103201 2.481441 -0.188700 3.530000 0.380000
1772410301027812039 2.380962 -0.090058 2.600252 -0.230814 2.435901 -0.148729 2.650435 -0.103201 2.481441 -0.188700 3.530000 0.380000
1772410301047682695 2.380962 -0.090058 2.600252 -0.230814 2.435901 -0.148729 2.650435 -0.103201 2.481441 -0.188700 3.530000 0.380000
1772410301067767782 2.380962 -0.090058 2.600252 -0.230814 2.435901 -0.148729 2.650435 -0.103201 2.481441 -0.188700 3.530000 0.380000
1772410301068720631 2.380962 -0.090058 2.600252 -0.230814 2.435901 -0.148729 2.650730 -0.103215 2.481441 -0.188700 3.530000 0.380000
1772410301068759638 2.380962 -0.090058 2.600252 -0.230814 2.435901 -0.148729 2.650730 -0.103215 2.490437 -0.191850 3.530000 0.380000
1772410301086521952 2.380962 -0.090058 2.600252 -0.230814 2.435901 -0.148729 2.650730 -0.103215 2.490437 -0.191850 3.550000 0.410000
1772410301087071615 2.380962 -0.090058 2.620245 -0.200810 2.435901 -0.148729 2.650730 -0.103215 2.490437 -0.191850 3.550000 0.410000
1772410301087510388 2.380962 -0.090058 2.620245 -0.200810 2.435901 -0.148729 2.650730 -0.103215 2.490437 -0.191850 3.550000 0.410000
1772410301105852223 2.380962 -0.090058 2.620245 -0.200810 2.435901 -0.148729 2.650730 -0.103215 2.490437 -0.191850 3.550000 0.410000
1772410301107604281 2.380962 -0.090058 2.620245 -0.200810 2.443680 -0.150927 2.650730 -0.103215 2.490437 -0.191850 3.550000 0.410000
1772410301127858969 2.380962 -0.090058 2.620245 -0.200810 2.443680 -0.150927 2.650730 -0.103215 2.490437 -0.191850 3.550000 0.410000
1772410301147675860 2.380962 -0.090058 2.620245 -0.200810 2.443680 -0.150927 2.650730 -0.103215 2.490437 -0.191850 3.550000 0.410000
1772410301167784883 2.380962 -0.090058 2.620245 -0.200810 2.443680 -0.150927 2.650730 -0.103215 2.490437 -0.191850 3.550000 0.410000
1772410301187059881 2.380962 -0.090058 2.620245 -0.200810 2.443680 -0.150927 2.650730 -0.103215 2.490437 -0.191850 3.510000 0.380000
1772410301187436540 2.380962 -0.090058 2.580252 -0.230819 2.443680 -0.150927 2.650730 -0.103215 2.490437 -0.191850 3.510000 0.380000
1772410301187464439 2.380962 -0.090058 2.580252 -0.230819 2.443680 -0.150927 2.650730 -0.103215 2.490437 -0.191850 3.510000 0.380000
1772410301192832597 2.380962 -0.090058 2.580252 -0.230819 2.443680 -0.150927 2.650637 -0.103211 2.490437 -0.191850 3.510000 0.380000
1772410301207749213 2.380962 -0.090058 2.580252 -0.230819 2.449461 -0.154309 2.650637 -0.103211 2.490437 -0.191850 3.510000 0.380000
1772410301218917064 2.380962 -0.090058 2.580252 -0.230819 2.449461 -0.154309 2.650637 -0.103211 2.505252 -0.195129 3.510000 0.380000
1772410301227786758 2.380962 -0.090058 2.580252 -0.230819 2.449461 -0.154309 2.650637 -0.103211 2.505252 -0.195129 3.510000 0.380000
1772410301247737559 2.380962 -0.090058 2.580252 -0.230819 2.449461 -0.154309 2.650637 -0.103211 2.505252 -0.195129 3.510000 0.380000
1772410301267576187 2.380962 -0.090058 2.580252 -0.230819 2.449461 -0.154309 2.650637 -0.103211 2.505252 -0.195129 3.510000 0.380000
1772410301287617677 2.380962 -0.090058 2.580252 -0.230819 2.449461 -0.154309 2.650637 -0.103211 2.505252 -0.195129 3.510000 0.380000
1772410301288391499 2.380962 -0.090058 2.580252 -0.230819 2.449461 -0.154309 2.650637 -0.103211 2.505252 -0.195129 3.520000 0.380000
1772410301288906778 2.380962 -0.090058 2.590252 -0.230817 2.449461 -0.154309 2.650637 -0.103211 2.505252 -0.195129 3.520000 0.380000
1772410301307793504 2.380962 -0.090058 2.590252 -0.230817 2.455308 -0.157486 2.650637 -0.103211 2.505252 -0.195129 3.520000 0.380000
1772410301325984629 2.386697 -0.090157 2.590252 -0.230817 2.455308 -0.157486 2.650637 -0.103211 2.505252 -0.195129 3.520000 0.380000
1772410301327651277 2.386697 -0.090157 2.590252 -0.230817 2.456329 -0.157324 2.650637 -0.103211 2.505252 -0.195129 3.520000 0.380000
1772410301347666340 2.386697 -0.090157 2.590252 -0.230817 2.456329 -0.157327 2.650637 -0.103211 2.505252 -0.195129 3.520000 0.380000
1772410301367983198 2.386697 -0.090157 2.590252 -0.230817 2.456329 -0.157327 2.650637 -0.103211 2.505252 -0.195129 3.520000 0.380000
1772410301368667648 2.386697 -0.090157 2.590252 -0.230817 2.456329 -0.157327 2.656607 -0.103481 2.505252 -0.195129 3.520000 0.380000
1772410301368691945 2.386697 -0.090157 2.590252 -0.230817 2.456329 -0.157327 2.656607 -0.103481 2.516701 -0.197925 3.520000 0.380000
1772410301386785470 2.386697 -0.090157 2.590252 -0.230817 2.456329 -0.157327 2.656607 -0.103481 2.516701 -0.197925 3.530000 0.370000
1772410301387136258 2.386697 -0.090157 2.600254 -0.240814 2.456329 -0.157327 2.656607 -0.103481 2.516701 -0.197925 3.530000 0.370000
1772410301387827820 2.386697 -0.090157 2.600254 -0.240814 2.463805 -0.160476 2.656607 -0.103481 2.516701 -0.197925 3.530000 0.370000
1772410301407701946 2.386697 -0.090157 2.600254 -0.240814 2.463805 -0.160476 2.656607 -0.103481 2.516701 -0.197925 3.530000 0.370000
1772410301427399746 2.386697 -0.090157 2.600254 -0.240814 2.463804 -0.160472 2.656607 -0.103481 2.516701 -0.197925 3.530000 0.370000
1772410301446002969 2.398774 -0.089364 2.600254 -0.240814 2.463804 -0.160472 2.656607 -0.103481 2.516701 -0.197925 3.530000 0.370000
1772410301447380260 2.398774 -0.089364 2.600254 -0.240814 2.469559 -0.158761 2.656607 -0.103481 2.516701 -0.197925 3.530000 0.370000
1772410301467497832 2.398774 -0.089364 2.600254 -0.240814 2.469559 -0.158761 2.656607 -0.103481 2.516701 -0.197925 3.530000 0.370000
1772410301486195872 2.398774 -0.089364 2.600254 -0.240814 2.469559 -0.158761 2.656607 -0.103481 2.516701 -0.197925 3.550000 0.380000
1772410301486665861 2.398774 -0.089364 2.620252 -0.230810 2.469559 -0.158761 2.656607 -0.103481 2.516701 -0.197925 3.550000 0.380000
1772410301487532477 2.398774 -0.089364 2.620252 -0.230810 2.479552 -0.160491 2.656607 -0.103481 2.516701 -0.197925 3.550000 0.380000
1772410301492846574 2.398774 -0.089364 2.620252 -0.230810 2.479552 -0.160491 2.674337 -0.103736 2.516701 -0.197925 3.550000 0.380000
1772410301507733322 2.398774 -0.089364 2.620252 -0.230810 2.479552 -0.160491 2.674337 -0.103736 2.516701 -0.197925 3.550000 0.380000
1772410301527665434 2.398774 -0.089364 2.620252 -0.230810 2.479549 -0.160482 2.674337 -0.103736 2.516701 -0.197925 3.550000 0.380000
1772410301543416980 2.398774 -0.089364 2.620252 -0.230810 2.479549 -0.160482 2.674337 -0.103736 2.552008 -0.203476 3.550000 0.380000
1772410301546291709 2.411248 -0.087077 2.620252 -0.230810 2.479549 -0.160482 2.674337 -0.103736 2.552008 -0.203476 3.550000 0.380000
1772410301547572369 2.411248 -0.087077 2.620252 -0.230810 2.486525 -0.157557 2.674337 -0.103736 2.552008 -0.203476 3.550000 0.380000
1772410301567577635 2.411248 -0.087077 2.620252 -0.230810 2.486525 -0.157557 2.674337 -0.103736 2.552008 -0.203476 3.550000 0.380000
1772410301586004908 2.411248 -0.087077 2.620252 -0.230810 2.486525 -0.157557 2.674337 -0.103736 2.552008 -0.203476 3.530000 0.380000
1772410301586493948 2.411248 -0.087077 2.600252 -0.230814 2.486525 -0.157557 2.674337 -0.103736 2.552008 -0.203476 3.530000 0.380000
1772410301587437990 2.411248 -0.087077 2.600252 -0.230814 2.495724 -0.158552 2.674337 -0.103736 2.552008 -0.203476 3.530000 0.380000
1772410301592886648 2.411248 -0.087077 2.600252 -0.230814 2.495724 -0.158552 2.688553 -0.102316 2.552008 -0.203476 3.530000 0.380000
1772410301607776930 2.411248 -0.087077 2.600252 -0.230814 2.495724 -0.158552 2.688553 -0.102316 2.552008 -0.203476 3.530000 0.380000
1772410301627713981 2.411248 -0.087077 2.600252 -0.230814 2.495722 -0.158547 2.688553 -0.102316 2.552008 -0.203476 3.530000 0.380000
1772410301647707774 2.411248 -0.087077 2.600252 -0.230814 2.495722 -0.158547 2.688553 -0.102316 2.552008 -0.203476 3.530000 0.380000
1772410301666161515 2.422015 -0.083780 2.600252 -0.230814 2.495722 -0.158547 2.688553 -0.102316 2.552008 -0.203476 3.530000 0.380000
1772410301667524148 2.422015 -0.083780 2.600252 -0.230814 2.502257 -0.154893 2.688553 -0.102316 2.552008 -0.203476 3.530000 0.380000
1772410301686325147 2.422015 -0.083780 2.600252 -0.230814 2.502257 -0.154893 2.688553 -0.102316 2.552008 -0.203476 3.550000 0.380000
1772410301686703511 2.422015 -0.083780 2.620252 -0.230810 2.502257 -0.154893 2.688553 -0.102316 2.552008 -0.203476 3.550000 0.380000
1772410301687398639 2.422015 -0.083780 2.620252 -0.230810 2.508804 -0.157155 2.688553 -0.102316 2.552008 -0.203476 3.550000 0.380000
1772410301707809162 2.422015 -0.083780 2.620252 -0.230810 2.508804 -0.157155 2.688553 -0.102316 2.552008 -0.203476 3.550000 0.380000
1772410301727837756 2.422015 -0.083780 2.620252 -0.230810 2.508794 -0.157138 2.688553 -0.102316 2.552008 -0.203476 3.550000 0.380000
1772410301743398615 2.422015 -0.083780 2.620252 -0.230810 2.508794 -0.157138 2.688553 -0.102316 2.583014 -0.203475 3.550000 0.380000
1772410301743417538 2.422015 -0.083780 2.620252 -0.230810 2.508794 -0.157138 2.700162 -0.098943 2.583014 -0.203475 3.550000 0.380000
1772410301747614718 2.422015 -0.083780 2.620252 -0.230810 2.508794 -0.157138 2.700162 -0.098943 2.583014 -0.203475 3.550000 0.380000
1772410301766084562 2.429581 -0.080461 2.620252 -0.230810 2.508794 -0.157138 2.700162 -0.098943 2.583014 -0.203475 3.550000 0.380000
1772410301767580746 2.429581 -0.080461 2.620252 -0.230810 2.514035 -0.153146 2.700162 -0.098943 2.583014 -0.203475 3.550000 0.380000
1772410301786299565 2.429581 -0.080461 2.620252 -0.230810 2.514035 -0.153146 2.700162 -0.098943 2.583014 -0.203475 3.570000 0.370000
1772410301786593857 2.429581 -0.080461 2.640254 -0.240805 2.514035 -0.153146 2.700162 -0.098943 2.583014 -0.203475 3.570000 0.370000
1772410301787507961 2.429581 -0.080461 2.640254 -0.240805 2.520595 -0.155822 2.700162 -0.098943 2.583014 -0.203475 3.570000 0.370000
1772410301807765267 2.429581 -0.080461 2.640254 -0.240805 2.520595 -0.155822 2.700162 -0.098943 2.583014 -0.203475 3.570000 0.370000
1772410301827813447 2.429581 -0.080461 2.640254 -0.240805 2.520613 -0.155845 2.700162 -0.098943 2.583014 -0.203475 3.570000 0.370000
1772410301847773437 2.429581 -0.080461 2.640254 -0.240805 2.520613 -0.155845 2.700162 -0.098943 2.583014 -0.203475 3.570000 0.370000
1772410301867677330 2.429581 -0.080461 2.640254 -0.240805 2.520585 -0.155810 2.700162 -0.098943 2.583014 -0.203475 3.570000 0.370000
1772410301868217056 2.429581 -0.080461 2.640254 -0.240805 2.520585 -0.155810 2.708950 -0.095164 2.583014 -0.203475 3.570000 0.370000
1772410301868237767 2.429581 -0.080461 2.640254 -0.240805 2.520585 -0.155810 2.708950 -0.095164 2.594245 -0.202482 3.570000 0.370000
1772410301886319503 2.433788 -0.077961 2.640254 -0.240805 2.520585 -0.155810 2.708950 -0.095164 2.594245 -0.202482 3.570000 0.370000
1772410301886328631 2.433788 -0.077961 2.640254 -0.240805 2.520585 -0.155810 2.708950 -0.095164 2.594245 -0.202482 3.560000 0.360000
1772410301886543061 2.433788 -0.077961 2.630257 -0.250808 2.520585 -0.155810 2.708950 -0.095164 2.594245 -0.202482 3.560000 0.360000
1772410301887363585 2.433788 -0.077961 2.630257 -0.250808 2.528010 -0.157086 2.708950 -0.095164 2.594245 -0.202482 3.560000 0.360000
1772410301907462577 2.433788 -0.077961 2.630257 -0.250808 2.528010 -0.157086 2.708950 -0.095164 2.594245 -0.202482 3.560000 0.360000
1772410301927625720 2.433788 -0.077961 2.630257 -0.250808 2.528024 -0.157100 2.708950 -0.095164 2.594245 -0.202482 3.560000 0.360000
1772410301947663162 2.433788 -0.077961 2.630257 -0.250808 2.528024 -0.157100 2.708950 -0.095164 2.594245 -0.202482 3.560000 0.360000
1772410301967712440 2.433788 -0.077961 2.630257 -0.250808 2.528014 -0.157089 2.708950 -0.095164 2.594245 -0.202482 3.560000 0.360000
1772410301968136588 2.433788 -0.077961 2.630257 -0.250808 2.528014 -0.157089 2.709770 -0.093284 2.594245 -0.202482 3.560000 0.360000
1772410301968201631 2.433788 -0.077961 2.630257 -0.250808 2.528014 -0.157089 2.709770 -0.093284 2.597781 -0.204291 3.560000 0.360000
1772410301986618191 2.435780 -0.076408 2.630257 -0.250808 2.528014 -0.157089 2.709770 -0.093284 2.597781 -0.204291 3.560000 0.360000
1772410301986654708 2.435780 -0.076408 2.630257 -0.250808 2.528014 -0.157089 2.709770 -0.093284 2.597781 -0.204291 3.550000 0.370000
1772410301987004773 2.435780 -0.076408 2.620254 -0.240810 2.528014 -0.157089 2.709770 -0.093284 2.597781 -0.204291 3.550000 0.370000
1772410301987664631 2.435780 -0.076408 2.620254 -0.240810 2.533457 -0.158767 2.709770 -0.093284 2.597781 -0.204291 3.550000 0.370000
1772410302007511512 2.435780 -0.076408 2.620254 -0.240810 2.533468 -0.158777 2.709770 -0.093284 2.597781 -0.204291 3.550000 0.370000
1772410302027736214 2.435780 -0.076408 2.620254 -0.240810 2.533467 -0.158776 2.709770 -0.093284 2.597781 -0.204291 3.550000 0.370000
1772410302047751577 2.435780 -0.076408 2.620254 -0.240810 2.533467 -0.158776 2.709770 -0.093284 2.597781 -0.204291 3.550000 0.370000
1772410302067643668 2.435780 -0.076408 2.620254 -0.240810 2.533461 -0.158771 2.709770 -0.093284 2.597781 -0.204291 3.550000 0.370000
1772410302086232453 2.435780 -0.076408 2.620254 -0.240810 2.533461 -0.158771 2.709770 -0.093284 2.597781 -0.204291 3.510000 0.360000
1772410302086991453 2.435780 -0.076408 2.580257 -0.250819 2.533461 -0.158771 2.709770 -0.093284 2.597781 -0.204291 3.510000 0.360000
1772410302087796061 2.435780 -0.076408 2.580257 -0.250819 2.536745 -0.160591 2.709770 -0.093284 2.597781 -0.204291 3.510000 0.360000
1772410302093008579 2.435780 -0.076408 2.580257 -0.250819 2.536745 -0.160591 2.711316 -0.091649 2.597781 -0.204291 3.510000 0.360000
1772410302107879350 2.435780 -0.076408 2.580257 -0.250819 2.536756 -0.160598 2.711316 -0.091649 2.597781 -0.204291 3.510000 0.360000
1772410302108176316 2.436377 -0.075814 2.580257 -0.250819 2.536756 -0.160598 2.711316 -0.091649 2.597781 -0.204291 3.510000 0.360000
1772410302127606898 2.436377 -0.075814 2.580257 -0.250819 2.536827 -0.160479 2.711316 -0.091649 2.597781 -0.204291 3.510000 0.360000
1772410302147807125 2.436377 -0.075814 2.580257 -0.250819 2.536827 -0.160479 2.711316 -0.091649 2.597781 -0.204291 3.510000 0.360000
1772410302167590756 2.436377 -0.075814 2.580257 -0.250819 2.536825 -0.160478 2.711316 -0.091649 2.597781 -0.204291 3.510000 0.360000
1772410302168190667 2.436377 -0.075814 2.580257 -0.250819 2.536825 -0.160478 2.711316 -0.091649 2.598717 -0.208866 3.510000 0.360000
1772410302187578963 2.436377 -0.075814 2.580257 -0.250819 2.536825 -0.160478 2.711316 -0.091649 2.598717 -0.208866 3.510000 0.360000
1772410302206279155 2.436245 -0.075978 2.580257 -0.250819 2.536825 -0.160478 2.711316 -0.091649 2.598717 -0.208866 3.510000 0.360000
1772410302207515833 2.436245 -0.075978 2.580257 -0.250819 2.536729 -0.160665 2.711316 -0.091649 2.598717 -0.208866 3.510000 0.360000
1772410302227596662 2.436245 -0.075978 2.580257 -0.250819 2.536729 -0.160665 2.711316 -0.091649 2.598717 -0.208866 3.510000 0.360000
1772410302247511755 2.436245 -0.075978 2.580257 -0.250819 2.536729 -0.160665 2.711316 -0.091649 2.598717 -0.208866 3.510000 0.360000
1772410302267633323 2.436245 -0.075978 2.580257 -0.250819 2.536729 -0.160665 2.711316 -0.091649 2.598717 -0.208866 3.510000 0.360000
1772410302267998926 2.436245 -0.075978 2.580257 -0.250819 2.536729 -0.160665 2.709994 -0.092022 2.598717 -0.208866 3.510000 0.360000
1772410302268198566 2.436245 -0.075978 2.580257 -0.250819 2.536729 -0.160665 2.709994 -0.092022 2.598053 -0.209399 3.510000 0.360000
1772410302286471051 2.436245 -0.075978 2.580257 -0.250819 2.536729 -0.160665 2.709994 -0.092022 2.598053 -0.209399 3.550000 0.350000
1772410302286902632 2.436245 -0.075978 2.620259 -0.260810 2.536729 -0.160665 2.709994 -0.092022 2.598053 -0.209399 3.550000 0.350000
1772410302287955092 2.436245 -0.075978 2.620259 -0.260810 2.540244 -0.165102 2.709994 -0.092022 2.598053 -0.209399 3.550000 0.350000
1772410302307886917 2.436245 -0.075978 2.620259 -0.260810 2.540243 -0.165102 2.709994 -0.092022 2.598053 -0.209399 3.550000 0.350000
1772410302326046230 2.435815 -0.076640 2.620259 -0.260810 2.540243 -0.165102 2.709994 -0.092022 2.598053 -0.209399 3.550000 0.350000
1772410302327590207 2.435815 -0.076640 2.620259 -0.260810 2.540152 -0.165346 2.709994 -0.092022 2.598053 -0.209399 3.550000 0.350000
1772410302347840241 2.435815 -0.076640 2.620259 -0.260810 2.540152 -0.165346 2.709994 -0.092022 2.598053 -0.209399 3.550000 0.350000
1772410302367810317 2.435815 -0.076640 2.620259 -0.260810 2.540152 -0.165346 2.709994 -0.092022 2.598053 -0.209399 3.550000 0.350000
1772410302386486066 2.435815 -0.076640 2.620259 -0.260810 2.540152 -0.165346 2.709994 -0.092022 2.598053 -0.209399 3.510000 0.350000
1772410302386858628 2.435815 -0.076640 2.580259 -0.260819 2.540152 -0.165346 2.709994 -0.092022 2.598053 -0.209399 3.510000 0.350000
1772410302387455925 2.435815 -0.076640 2.580259 -0.260819 2.541757 -0.169803 2.709994 -0.092022 2.598053 -0.209399 3.510000 0.350000
1772410302393019452 2.435815 -0.076640 2.580259 -0.260819 2.541757 -0.169803 2.709291 -0.093025 2.598053 -0.209399 3.510000 0.350000
1772410302407708286 2.435815 -0.076640 2.580259 -0.260819 2.541756 -0.169803 2.709291 -0.093025 2.598053 -0.209399 3.510000 0.350000
1772410302418657727 2.435815 -0.076640 2.580259 -0.260819 2.541756 -0.169803 2.709291 -0.093025 2.597459 -0.217978 3.510000 0.350000
1772410302426078833 2.435081 -0.078038 2.580259 -0.260819 2.541756 -0.169803 2.709291 -0.093025 2.597459 -0.217978 3.510000 0.350000
1772410302427596058 2.435081 -0.078038 2.580259 -0.260819 2.541590 -0.170405 2.709291 -0.093025 2.597459 -0.217978 3.510000 0.350000
1772410302447686123 2.435081 -0.078038 2.580259 -0.260819 2.541590 -0.170405 2.709291 -0.093025 2.597459 -0.217978 3.510000 0.350000
1772410302467698042 2.435081 -0.078038 2.580259 -0.260819 2.541590 -0.170405 2.709291 -0.093025 2.597459 -0.217978 3.510000 0.350000
1772410302487499151 2.435081 -0.078038 2.580259 -0.260819 2.541593 -0.170406 2.709291 -0.093025 2.597459 -0.217978 3.510000 0.350000
1772410302507910870 2.435081 -0.078038 2.580259 -0.260819 2.541595 -0.170407 2.709291 -0.093025 2.597459 -0.217978 3.510000 0.350000
1772410302518857443 2.435081 -0.078038 2.580259 -0.260819 2.541595 -0.170407 2.709291 -0.093025 2.596572 -0.219621 3.510000 0.350000
1772410302518868785 2.435081 -0.078038 2.580259 -0.260819 2.541595 -0.170407 2.707960 -0.095162 2.596572 -0.219621 3.510000 0.350000
1772410302527629840 2.435081 -0.078038 2.580259 -0.260819 2.541595 -0.170407 2.707960 -0.095162 2.596572 -0.219621 3.510000 0.350000
1772410302545661038 2.434304 -0.079937 2.580259 -0.260819 2.541595 -0.170407 2.707960 -0.095162 2.596572 -0.219621 3.510000 0.350000
1772410302547404062 2.434304 -0.079937 2.580259 -0.260819 2.541297 -0.172438 2.707960 -0.095162 2.596572 -0.219621 3.510000 0.350000
1772410302567685959 2.434304 -0.079937 2.580259 -0.260819 2.541297 -0.172438 2.707960 -0.095162 2.596572 -0.219621 3.510000 0.350000
1772410302586180010 2.434304 -0.079937 2.580259 -0.260819 2.541297 -0.172438 2.707960 -0.095162 2.596572 -0.219621 3.540000 0.340000
1772410302586590136 2.434304 -0.079937 2.610261 -0.270812 2.541297 -0.172438 2.707960 -0.095162 2.596572 -0.219621 3.540000 0.340000
1772410302587407913 2.434304 -0.079937 2.610261 -0.270812 2.544266 -0.177410 2.707960 -0.095162 2.596572 -0.219621 3.540000 0.340000
1772410302607845864 2.434304 -0.079937 2.610261 -0.270812 2.544266 -0.177410 2.707960 -0.095162 2.596572 -0.219621 3.540000 0.340000
1772410302627845011 2.434304 -0.079937 2.610261 -0.270812 2.544266 -0.177410 2.707960 -0.095162 2.596572 -0.219621 3.540000 0.340000
1772410302645848222 2.433947 -0.081421 2.610261 -0.270812 2.544266 -0.177410 2.707960 -0.095162 2.596572 -0.219621 3.540000 0.340000
1772410302647579561 2.433947 -0.081421 2.610261 -0.270812 2.544242 -0.178320 2.707960 -0.095162 2.596572 -0.219621 3.540000 0.340000
1772410302667531430 2.433947 -0.081421 2.610261 -0.270812 2.544242 -0.178320 2.707960 -0.095162 2.596572 -0.219621 3.540000 0.340000
1772410302686338705 2.433947 -0.081421 2.610261 -0.270812 2.544242 -0.178320 2.707960 -0.095162 2.596572 -0.219621 3.550000 0.380000
1772410302686640084 2.433947 -0.081421 2.620252 -0.230810 2.544242 -0.178320 2.707960 -0.095162 2.596572 -0.219621 3.550000 0.380000
1772410302687493047 2.433947 -0.081421 2.620252 -0.230810 2.547581 -0.181212 2.707960 -0.095162 2.596572 -0.219621 3.550000 0.380000
1772410302692968469 2.433947 -0.081421 2.620252 -0.230810 2.547581 -0.181212 2.706930 -0.098328 2.596572 -0.219621 3.550000 0.380000
1772410302707691865 2.433947 -0.081421 2.620252 -0.230810 2.547581 -0.181212 2.706930 -0.098328 2.596572 -0.219621 3.550000 0.380000
1772410302717815387 2.433947 -0.081421 2.620252 -0.230810 2.547581 -0.181212 2.706930 -0.098328 2.597673 -0.227881 3.550000 0.380000
1772410302727430167 2.433947 -0.081421 2.620252 -0.230810 2.547581 -0.181212 2.706930 -0.098328 2.597673 -0.227881 3.550000 0.380000
1772410302747580519 2.433947 -0.081421 2.620252 -0.230810 2.547575 -0.181212 2.706930 -0.098328 2.597673 -0.227881 3.550000 0.380000
1772410302767549237 2.433947 -0.081421 2.620252 -0.230810 2.547575 -0.181212 2.706930 -0.098328 2.597673 -0.227881 3.550000 0.380000
1772410302786275435 2.433947 -0.081421 2.620252 -0.230810 2.547575 -0.181212 2.706930 -0.098328 2.597673 -0.227881 3.570000 0.370000
1772410302786437894 2.433947 -0.081421 2.640254 -0.240805 2.547575 -0.181212 2.706930 -0.098328 2.597673 -0.227881 3.570000 0.370000
1772410302787537327 2.433947 -0.081421 2.640254 -0.240805 2.551597 -0.185231 2.706930 -0.098328 2.597673 -0.227881 3.570000 0.370000
1772410302807603570 2.433947 -0.081421 2.640254 -0.240805 2.551597 -0.185231 2.706930 -0.098328 2.597673 -0.227881 3.570000 0.370000
1772410302817802130 2.433947 -0.081421 2.640254 -0.240805 2.551597 -0.185231 2.706443 -0.101750 2.597673 -0.227881 3.570000 0.370000
1772410302817810142 2.433947 -0.081421 2.640254 -0.240805 2.551597 -0.185231 2.706443 -0.101750 2.600472 -0.231867 3.570000 0.370000
1772410302827390391 2.433947 -0.081421 2.640254 -0.240805 2.551589 -0.185231 2.706443 -0.101750 2.600472 -0.231867 3.570000 0.370000
1772410302847520504 2.433947 -0.081421 2.640254 -0.240805 2.551589 -0.185231 2.706443 -0.101750 2.600472 -0.231867 3.570000 0.370000
1772410302865742342 2.435949 -0.064807 2.640254 -0.240805 2.551589 -0.185231 2.706443 -0.101750 2.600472 -0.231867 3.570000 0.370000
1772410302867355457 2.435949 -0.064807 2.640254 -0.240805 2.551453 -0.179168 2.706443 -0.101750 2.600472 -0.231867 3.570000 0.370000
1772410302886227556 2.435949 -0.064807 2.640254 -0.240805 2.551453 -0.179168 2.706443 -0.101750 2.600472 -0.231867 3.590000 0.380000
1772410302887009466 2.435949 -0.064807 2.660252 -0.230801 2.551453 -0.179168 2.706443 -0.101750 2.600472 -0.231867 3.590000 0.380000
1772410302887841782 2.435949 -0.064807 2.660252 -0.230801 2.556125 -0.179914 2.706443 -0.101750 2.600472 -0.231867 3.590000 0.380000
1772410302907826643 2.435949 -0.064807 2.660252 -0.230801 2.556125 -0.179914 2.706443 -0.101750 2.600472 -0.231867 3.590000 0.380000
1772410302918358209 2.435949 -0.064807 2.660252 -0.230801 2.556125 -0.179914 2.713159 -0.083034 2.600472 -0.231867 3.590000 0.380000
1772410302918414488 2.435949 -0.064807 2.660252 -0.230801 2.556125 -0.179914 2.713159 -0.083034 2.609372 -0.212996 3.590000 0.380000
1772410302927856622 2.435949 -0.064807 2.660252 -0.230801 2.556127 -0.179914 2.713159 -0.083034 2.609372 -0.212996 3.590000 0.380000
1772410302947639876 2.435949 -0.064807 2.660252 -0.230801 2.556127 -0.179914 2.713159 -0.083034 2.609372 -0.212996 3.590000 0.380000
1772410302967527099 2.435949 -0.064807 2.660252 -0.230801 2.556127 -0.179914 2.713159 -0.083034 2.609372 -0.212996 3.590000 0.380000
1772410302987715080 2.435949 -0.064807 2.660252 -0.230801 2.556129 -0.179914 2.713159 -0.083034 2.609372 -0.212996 3.590000 0.380000
1772410302988684422 2.438892 -0.038662 2.660252 -0.230801 2.556129 -0.179914 2.713159 -0.083034 2.609372 -0.212996 3.590000 0.380000
1772410303007814196 2.438892 -0.038662 2.660252 -0.230801 2.555980 -0.158037 2.713159 -0.083034 2.609372 -0.212996 3.590000 0.380000
1772410303027826477 2.438892 -0.038662 2.660252 -0.230801 2.555969 -0.158037 2.713159 -0.083034 2.609372 -0.212996 3.590000 0.380000
1772410303047747875 2.438892 -0.038662 2.660252 -0.230801 2.555969 -0.158037 2.713159 -0.083034 2.609372 -0.212996 3.590000 0.380000
1772410303067689213 2.438892 -0.038662 2.660252 -0.230801 2.555966 -0.158037 2.713159 -0.083034 2.609372 -0.212996 3.590000 0.380000
1772410303068537943 2.438892 -0.038662 2.660252 -0.230801 2.555966 -0.158037 2.721041 -0.044229 2.609372 -0.212996 3.590000 0.380000
1772410303068551011 2.438892 -0.038662 2.660252 -0.230801 2.555966 -0.158037 2.721041 -0.044229 2.614697 -0.171864 3.590000 0.380000
1772410303087585669 2.438892 -0.038662 2.660252 -0.230801 2.555966 -0.158037 2.721041 -0.044229 2.614697 -0.171864 3.610000 0.390000
1772410303087652149 2.442287 -0.010185 2.660252 -0.230801 2.555966 -0.158037 2.721041 -0.044229 2.614697 -0.171864 3.610000 0.390000
1772410303087745370 2.442287 -0.010185 2.660252 -0.230801 2.555966 -0.158037 2.721041 -0.044229 2.614697 -0.171864 3.610000 0.390000
1772410303088312420 2.442287 -0.010185 2.680250 -0.220796 2.555966 -0.158037 2.721041 -0.044229 2.614697 -0.171864 3.610000 0.390000
1772410303107809237 2.442287 -0.010185 2.680250 -0.220796 2.561269 -0.133272 2.721041 -0.044229 2.614697 -0.171864 3.610000 0.390000
1772410303127879872 2.442287 -0.010185 2.680250 -0.220796 2.561265 -0.133272 2.721041 -0.044229 2.614697 -0.171864 3.610000 0.390000
1772410303147606954 2.442287 -0.010185 2.680250 -0.220796 2.561265 -0.133272 2.721041 -0.044229 2.614697 -0.171864 3.610000 0.390000
1772410303167685166 2.442287 -0.010185 2.680250 -0.220796 2.561264 -0.133272 2.721041 -0.044229 2.614697 -0.171864 3.610000 0.390000
1772410303187060544 2.442287 -0.010185 2.680250 -0.220796 2.561264 -0.133272 2.721041 -0.044229 2.614697 -0.171864 3.620000 0.400000
1772410303187795914 2.442287 -0.010185 2.690248 -0.210794 2.561264 -0.133272 2.721041 -0.044229 2.614697 -0.171864 3.620000 0.400000
1772410303187846509 2.442287 -0.010185 2.690248 -0.210794 2.561264 -0.133272 2.721041 -0.044229 2.614697 -0.171864 3.620000 0.400000
1772410303193224310 2.442287 -0.010185 2.690248 -0.210794 2.561264 -0.133272 2.725115 -0.005384 2.614697 -0.171864 3.620000 0.400000
1772410303206258621 2.445791 0.018597 2.690248 -0.210794 2.561264 -0.133272 2.725115 -0.005384 2.614697 -0.171864 3.620000 0.400000
1772410303207361445 2.445791 0.018597 2.690248 -0.210794 2.566603 -0.104417 2.725115 -0.005384 2.614697 -0.171864 3.620000 0.400000
1772410303227715496 2.445791 0.018597 2.690248 -0.210794 2.566597 -0.104417 2.725115 -0.005384 2.614697 -0.171864 3.620000 0.400000
1772410303247678626 2.445791 0.018597 2.690248 -0.210794 2.566597 -0.104417 2.725115 -0.005384 2.614697 -0.171864 3.620000 0.400000
1772410303267639942 2.445791 0.018597 2.690248 -0.210794 2.566594 -0.104417 2.725115 -0.005384 2.614697 -0.171864 3.620000 0.400000
1772410303268162542 2.445791 0.018597 2.690248 -0.210794 2.566594 -0.104417 2.725115 -0.005384 2.629289 -0.119785 3.620000 0.400000
1772410303286213798 2.445791 0.018597 2.690248 -0.210794 2.566594 -0.104417 2.725115 -0.005384 2.629289 -0.119785 3.600000 0.360000
1772410303287048989 2.445791 0.018597 2.670257 -0.250799 2.566594 -0.104417 2.725115 -0.005384 2.629289 -0.119785 3.600000 0.360000
1772410303288221856 2.445791 0.018597 2.670257 -0.250799 2.570905 -0.092146 2.725115 -0.005384 2.629289 -0.119785 3.600000 0.360000
1772410303293246619 2.445791 0.018597 2.670257 -0.250799 2.570905 -0.092146 2.724250 0.016739 2.629289 -0.119785 3.600000 0.360000
1772410303307238602 2.449344 0.047851 2.670257 -0.250799 2.570905 -0.092146 2.724250 0.016739 2.629289 -0.119785 3.600000 0.360000
1772410303307618850 2.449344 0.047851 2.670257 -0.250799 2.570904 -0.092146 2.724250 0.016739 2.629289 -0.119785 3.600000 0.360000
1772410303327836112 2.449344 0.047851 2.670257 -0.250799 2.570848 -0.086335 2.724250 0.016739 2.629289 -0.119785 3.600000 0.360000
1772410303347762981 2.449344 0.047851 2.670257 -0.250799 2.570848 -0.086335 2.724250 0.016739 2.629289 -0.119785 3.600000 0.360000
1772410303367723935 2.449344 0.047851 2.670257 -0.250799 2.570847 -0.086335 2.724250 0.016739 2.629289 -0.119785 3.600000 0.360000
1772410303386249065 2.449344 0.047851 2.670257 -0.250799 2.570847 -0.086335 2.724250 0.016739 2.629289 -0.119785 3.610000 0.350000
1772410303386607148 2.449344 0.047851 2.680259 -0.260796 2.570847 -0.086335 2.724250 0.016739 2.629289 -0.119785 3.610000 0.350000
1772410303387549214 2.449344 0.047851 2.680259 -0.260796 2.575328 -0.071267 2.724250 0.016739 2.629289 -0.119785 3.610000 0.350000
1772410303407512397 2.449344 0.047851 2.680259 -0.260796 2.575327 -0.071267 2.724250 0.016739 2.629289 -0.119785 3.610000 0.350000
1772410303426576607 2.452858 0.076896 2.680259 -0.260796 2.575327 -0.071267 2.724250 0.016739 2.629289 -0.119785 3.610000 0.350000
1772410303427562926 2.452858 0.076896 2.680259 -0.260796 2.575214 -0.061577 2.724250 0.016739 2.629289 -0.119785 3.610000 0.350000
1772410303447720630 2.452858 0.076896 2.680259 -0.260796 2.575214 -0.061577 2.724250 0.016739 2.629289 -0.119785 3.610000 0.350000
1772410303467782395 2.452858 0.076896 2.680259 -0.260796 2.575214 -0.061577 2.724250 0.016739 2.629289 -0.119785 3.610000 0.350000
1772410303468464020 2.452858 0.076896 2.680259 -0.260796 2.575214 -0.061577 2.724250 0.016739 2.639700 -0.083723 3.610000 0.350000
1772410303468481153 2.452858 0.076896 2.680259 -0.260796 2.575214 -0.061577 2.727914 0.066374 2.639700 -0.083723 3.610000 0.350000
1772410303486579812 2.452858 0.076896 2.680259 -0.260796 2.575214 -0.061577 2.727914 0.066374 2.639700 -0.083723 3.600000 0.340000
1772410303487156837 2.452858 0.076896 2.670261 -0.270799 2.575214 -0.061577 2.727914 0.066374 2.639700 -0.083723 3.600000 0.340000
1772410303487850802 2.452858 0.076896 2.670261 -0.270799 2.579143 -0.056542 2.727914 0.066374 2.639700 -0.083723 3.600000 0.340000
1772410303507967367 2.452858 0.076896 2.670261 -0.270799 2.579146 -0.056542 2.727914 0.066374 2.639700 -0.083723 3.600000 0.340000
1772410303526187937 2.459586 0.132851 2.670261 -0.270799 2.579146 -0.056542 2.727914 0.066374 2.639700 -0.083723 3.600000 0.340000
1772410303527729237 2.459586 0.132851 2.670261 -0.270799 2.578861 -0.034205 2.727914 0.066374 2.639700 -0.083723 3.600000 0.340000
1772410303547498207 2.459586 0.132851 2.670261 -0.270799 2.578865 -0.034205 2.727914 0.066374 2.639700 -0.083723 3.600000 0.340000
1772410303567586939 2.459586 0.132851 2.670261 -0.270799 2.578865 -0.034205 2.727914 0.066374 2.639700 -0.083723 3.600000 0.340000
1772410303586480654 2.459586 0.132851 2.670261 -0.270799 2.578865 -0.034205 2.727914 0.066374 2.639700 -0.083723 3.670000 0.230000
1772410303586887571 2.459586 0.132851 2.740286 -0.380783 2.578865 -0.034205 2.727914 0.066374 2.639700 -0.083723 3.670000 0.230000
1772410303587707149 2.459586 0.132851 2.740286 -0.380783 2.585448 -0.016620 2.727914 0.066374 2.639700 -0.083723 3.670000 0.230000
1772410303592991104 2.459586 0.132851 2.740286 -0.380783 2.585448 -0.016620 2.740838 0.151640 2.639700 -0.083723 3.670000 0.230000
1772410303607650015 2.459586 0.132851 2.740286 -0.380783 2.585443 -0.016620 2.740838 0.151640 2.639700 -0.083723 3.670000 0.230000
1772410303627676496 2.459586 0.132851 2.740286 -0.380783 2.585443 -0.016620 2.740838 0.151640 2.639700 -0.083723 3.670000 0.230000
1772410303643695222 2.459586 0.132851 2.740286 -0.380783 2.585443 -0.016620 2.740838 0.151640 2.659492 0.002264 3.670000 0.230000
1772410303645631627 2.459918 0.135620 2.740286 -0.380783 2.585443 -0.016620 2.740838 0.151640 2.659492 0.002264 3.670000 0.230000
1772410303647575146 2.459918 0.135620 2.740286 -0.380783 2.585422 -0.015233 2.740838 0.151640 2.659492 0.002264 3.670000 0.230000
1772410303667682017 2.459918 0.135620 2.740286 -0.380783 2.585422 -0.015233 2.740838 0.151640 2.659492 0.002264 3.670000 0.230000
1772410303687810998 2.459918 0.135620 2.740286 -0.380783 2.585422 -0.015233 2.740838 0.151640 2.659492 0.002264 3.670000 0.230000
1772410303693114996 2.459918 0.135620 2.740286 -0.380783 2.585422 -0.015233 2.724570 0.125905 2.659492 0.002264 3.670000 0.230000
1772410303707841701 2.459918 0.135620 2.740286 -0.380783 2.585421 -0.015233 2.724570 0.125905 2.659492 0.002264 3.670000 0.230000
1772410303727720574 2.459918 0.135620 2.740286 -0.380783 2.585421 -0.015233 2.724570 0.125905 2.659492 0.002264 3.670000 0.230000
1772410303746444778 2.463377 0.164514 2.740286 -0.380783 2.585421 -0.015233 2.724570 0.125905 2.659492 0.002264 3.670000 0.230000
1772410303747612242 2.463377 0.164514 2.740286 -0.380783 2.585022 0.013860 2.724570 0.125905 2.659492 0.002264 3.670000 0.230000
1772410303767614331 2.463377 0.164514 2.740286 -0.380783 2.585022 0.013860 2.724570 0.125905 2.659492 0.002264 3.670000 0.230000
1772410303786385191 2.463377 0.164514 2.740286 -0.380783 2.585022 0.013860 2.724570 0.125905 2.659492 0.002264 3.630000 0.230000
1772410303786913157 2.463377 0.164514 2.700286 -0.380792 2.585022 0.013860 2.724570 0.125905 2.659492 0.002264 3.630000 0.230000
1772410303787833659 2.463377 0.164514 2.700286 -0.380792 2.589964 0.007822 2.724570 0.125905 2.659492 0.002264 3.630000 0.230000
1772410303793060734 2.463377 0.164514 2.700286 -0.380792 2.589964 0.007822 2.733723 0.168801 2.659492 0.002264 3.630000 0.230000
1772410303807739309 2.463377 0.164514 2.700286 -0.380792 2.589963 0.007822 2.733723 0.168801 2.659492 0.002264 3.630000 0.230000
1772410303827450519 2.463377 0.164514 2.700286 -0.380792 2.589963 0.007822 2.733723 0.168801 2.659492 0.002264 3.630000 0.230000
1772410303843258076 2.463377 0.164514 2.700286 -0.380792 2.589963 0.007822 2.733723 0.168801 2.660616 -0.025726 3.630000 0.230000
1772410303847645950 2.463377 0.164514 2.700286 -0.380792 2.589962 0.007822 2.733723 0.168801 2.660616 -0.025726 3.630000 0.230000
1772410303865921758 2.470083 0.220630 2.700286 -0.380792 2.589962 0.007822 2.733723 0.168801 2.660616 -0.025726 3.630000 0.230000
1772410303867532943 2.470083 0.220630 2.700286 -0.380792 2.589440 0.045039 2.733723 0.168801 2.660616 -0.025726 3.630000 0.230000
1772410303887746824 2.470083 0.220630 2.700286 -0.380792 2.589439 0.045039 2.733723 0.168801 2.660616 -0.025726 3.630000 0.230000
1772410303893398967 2.470083 0.220630 2.700286 -0.380792 2.589439 0.045039 2.740814 0.225059 2.660616 -0.025726 3.630000 0.230000
1772410303907659600 2.470083 0.220630 2.700286 -0.380792 2.589439 0.045039 2.740814 0.225059 2.660616 -0.025726 3.630000 0.230000
1772410303927632317 2.470083 0.220630 2.700286 -0.380792 2.589439 0.045039 2.740814 0.225059 2.660616 -0.025726 3.630000 0.230000
1772410303947727345 2.470083 0.220630 2.700286 -0.380792 2.589437 0.045039 2.740814 0.225059 2.660616 -0.025726 3.630000 0.230000
1772410303966329890 2.470408 0.223347 2.700286 -0.380792 2.589437 0.045039 2.740814 0.225059 2.660616 -0.025726 3.630000 0.230000
1772410303967622811 2.470408 0.223347 2.700286 -0.380792 2.589397 0.047776 2.740814 0.225059 2.660616 -0.025726 3.630000 0.230000
1772410303987004695 2.470408 0.223347 2.700286 -0.380792 2.589397 0.047776 2.740814 0.225059 2.660616 -0.025726 3.610000 0.250000
1772410303987483672 2.470408 0.223347 2.680281 -0.360796 2.589397 0.047776 2.740814 0.225059 2.660616 -0.025726 3.610000 0.250000
1772410303987689541 2.470408 0.223347 2.680281 -0.360796 2.589398 0.047776 2.740814 0.225059 2.660616 -0.025726 3.610000 0.250000
1772410304007710148 2.470408 0.223347 2.680281 -0.360796 2.593487 0.029890 2.740814 0.225059 2.660616 -0.025726 3.610000 0.250000
1772410304018535414 2.470408 0.223347 2.680281 -0.360796 2.593487 0.029890 2.730272 0.205180 2.660616 -0.025726 3.610000 0.250000
1772410304018753965 2.470408 0.223347 2.680281 -0.360796 2.593487 0.029890 2.730272 0.205180 2.666355 -0.000149 3.610000 0.250000
1772410304027515550 2.470408 0.223347 2.680281 -0.360796 2.593487 0.029890 2.730272 0.205180 2.666355 -0.000149 3.610000 0.250000
1772410304047817315 2.470408 0.223347 2.680281 -0.360796 2.593487 0.029890 2.730272 0.205180 2.666355 -0.000149 3.610000 0.250000
1772410304067814199 2.470408 0.223347 2.680281 -0.360796 2.593487 0.029890 2.730272 0.205180 2.666355 -0.000149 3.610000 0.250000
1772410304086273116 2.473905 0.252554 2.680281 -0.360796 2.593487 0.029890 2.730272 0.205180 2.666355 -0.000149 3.610000 0.250000
1772410304087747442 2.473905 0.252554 2.680281 -0.360796 2.593101 0.054315 2.730272 0.205180 2.666355 -0.000149 3.610000 0.250000
1772410304107773316 2.473905 0.252554 2.680281 -0.360796 2.593101 0.054315 2.730272 0.205180 2.666355 -0.000149 3.610000 0.250000
1772410304127830363 2.473905 0.252554 2.680281 -0.360796 2.593104 0.054315 2.730272 0.205180 2.666355 -0.000149 3.610000 0.250000
1772410304143757716 2.473905 0.252554 2.680281 -0.360796 2.593104 0.054315 2.730272 0.205180 2.668580 0.029957 3.610000 0.250000
1772410304143773184 2.473905 0.252554 2.680281 -0.360796 2.593104 0.054315 2.737081 0.247602 2.668580 0.029957 3.610000 0.250000
1772410304147804652 2.473905 0.252554 2.680281 -0.360796 2.593104 0.054315 2.737081 0.247602 2.668580 0.029957 3.610000 0.250000
1772410304167990801 2.473905 0.252554 2.680281 -0.360796 2.593104 0.054315 2.737081 0.247602 2.668580 0.029957 3.610000 0.250000
1772410304185909243 2.473905 0.252554 2.680281 -0.360796 2.593104 0.054315 2.737081 0.247602 2.668580 0.029957 3.600000 0.270000
1772410304186044770 2.480633 0.308509 2.680281 -0.360796 2.593104 0.054315 2.737081 0.247602 2.668580 0.029957 3.600000 0.270000
1772410304186702675 2.480633 0.308509 2.670277 -0.340799 2.593104 0.054315 2.737081 0.247602 2.668580 0.029957 3.600000 0.270000
1772410304187953891 2.480633 0.308509 2.670277 -0.340799 2.595717 0.090365 2.737081 0.247602 2.668580 0.029957 3.600000 0.270000
1772410304207955566 2.480633 0.308509 2.670277 -0.340799 2.595717 0.090365 2.737081 0.247602 2.668580 0.029957 3.600000 0.270000
1772410304227979668 2.480633 0.308509 2.670277 -0.340799 2.595713 0.090364 2.737081 0.247602 2.668580 0.029957 3.600000 0.270000
1772410304248117182 2.480633 0.308509 2.670277 -0.340799 2.595713 0.090364 2.737081 0.247602 2.668580 0.029957 3.600000 0.270000
1772410304268052116 2.480633 0.308509 2.670277 -0.340799 2.595713 0.090364 2.737081 0.247602 2.668580 0.029957 3.600000 0.270000
1772410304269031572 2.480633 0.308509 2.670277 -0.340799 2.595713 0.090364 2.747664 0.336047 2.668580 0.029957 3.600000 0.270000
1772410304269106284 2.480633 0.308509 2.670277 -0.340799 2.595713 0.090364 2.747664 0.336047 2.676358 0.092599 3.600000 0.270000
1772410304286681584 2.480633 0.308509 2.670277 -0.340799 2.595713 0.090364 2.747664 0.336047 2.676358 0.092599 3.590000 0.290000
1772410304287723234 2.480633 0.308509 2.660272 -0.320801 2.595713 0.090364 2.747664 0.336047 2.676358 0.092599 3.590000 0.290000
1772410304287825876 2.480633 0.308509 2.660272 -0.320801 2.595713 0.090364 2.747664 0.336047 2.676358 0.092599 3.590000 0.290000
1772410304306019320 2.480929 0.310964 2.660272 -0.320801 2.595713 0.090364 2.747664 0.336047 2.676358 0.092599 3.590000 0.290000
1772410304307740640 2.480929 0.310964 2.660272 -0.320801 2.597647 0.126817 2.747664 0.336047 2.676358 0.092599 3.590000 0.290000
1772410304328052875 2.480929 0.310964 2.660272 -0.320801 2.597656 0.126817 2.747664 0.336047 2.676358 0.092599 3.590000 0.290000
1772410304347900724 2.480929 0.310964 2.660272 -0.320801 2.597656 0.126817 2.747664 0.336047 2.676358 0.092599 3.590000 0.290000
1772410304367469572 2.480929 0.310964 2.660272 -0.320801 2.597656 0.126817 2.747664 0.336047 2.676358 0.092599 3.590000 0.290000
1772410304386709251 2.480929 0.310964 2.660272 -0.320801 2.597656 0.126817 2.747664 0.336047 2.676358 0.092599 3.590000 0.300000
1772410304387581455 2.480929 0.310964 2.660270 -0.310801 2.597656 0.126817 2.747664 0.336047 2.676358 0.092599 3.590000 0.300000
1772410304387908144 2.480929 0.310964 2.660270 -0.310801 2.597655 0.126817 2.747664 0.336047 2.676358 0.092599 3.590000 0.300000
1772410304393211875 2.480929 0.310964 2.660270 -0.310801 2.597655 0.126817 2.737280 0.307655 2.676358 0.092599 3.590000 0.300000
1772410304405974491 2.484467 0.340272 2.660270 -0.310801 2.597655 0.126817 2.737280 0.307655 2.676358 0.092599 3.590000 0.300000
1772410304407621307 2.484467 0.340272 2.660270 -0.310801 2.600289 0.115002 2.737280 0.307655 2.676358 0.092599 3.590000 0.300000
1772410304427601009 2.484467 0.340272 2.660270 -0.310801 2.600284 0.115002 2.737280 0.307655 2.676358 0.092599 3.590000 0.300000
1772410304447723137 2.484467 0.340272 2.660270 -0.310801 2.600284 0.115002 2.737280 0.307655 2.676358 0.092599 3.590000 0.300000
1772410304467812267 2.484467 0.340272 2.660270 -0.310801 2.600283 0.115002 2.737280 0.307655 2.676358 0.092599 3.590000 0.300000
1772410304468681434 2.484467 0.340272 2.660270 -0.310801 2.600283 0.115002 2.737280 0.307655 2.673841 0.033027 3.590000 0.300000
1772410304486736482 2.484467 0.340272 2.660270 -0.310801 2.600283 0.115002 2.737280 0.307655 2.673841 0.033027 3.580000 0.340000
1772410304487691657 2.484467 0.340272 2.650261 -0.270803 2.600283 0.115002 2.737280 0.307655 2.673841 0.033027 3.580000 0.340000
1772410304487757574 2.484467 0.340272 2.650261 -0.270803 2.600283 0.115002 2.737280 0.307655 2.673841 0.033027 3.580000 0.340000
1772410304507606559 2.484467 0.340272 2.650261 -0.270803 2.602082 0.120770 2.737280 0.307655 2.673841 0.033027 3.580000 0.340000
1772410304518643145 2.484467 0.340272 2.650261 -0.270803 2.602082 0.120770 2.744536 0.360429 2.673841 0.033027 3.580000 0.340000
1772410304526059001 2.491555 0.399099 2.650261 -0.270803 2.602082 0.120770 2.744536 0.360429 2.673841 0.033027 3.580000 0.340000
1772410304527788265 2.491555 0.399099 2.650261 -0.270803 2.601742 0.140322 2.744536 0.360429 2.673841 0.033027 3.580000 0.340000
1772410304547819399 2.491555 0.399099 2.650261 -0.270803 2.601742 0.140322 2.744536 0.360429 2.673841 0.033027 3.580000 0.340000
1772410304567632678 2.491555 0.399099 2.650261 -0.270803 2.601743 0.140322 2.744536 0.360429 2.673841 0.033027 3.580000 0.340000
1772410304586730601 2.491555 0.399099 2.650261 -0.270803 2.601743 0.140322 2.744536 0.360429 2.673841 0.033027 3.580000 0.380000
1772410304587418618 2.491555 0.399099 2.650252 -0.230803 2.601743 0.140322 2.744536 0.360429 2.673841 0.033027 3.580000 0.380000
1772410304587778984 2.491555 0.399099 2.650252 -0.230803 2.601743 0.140322 2.744536 0.360429 2.673841 0.033027 3.580000 0.380000
1772410304607581204 2.491555 0.399099 2.650252 -0.230803 2.603374 0.152537 2.744536 0.360429 2.673841 0.033027 3.580000 0.380000
1772410304618460099 2.491555 0.399099 2.650252 -0.230803 2.603374 0.152537 2.750611 0.420889 2.673841 0.033027 3.580000 0.380000
1772410304618496562 2.491555 0.399099 2.650252 -0.230803 2.603374 0.152537 2.750611 0.420889 2.678160 0.089043 3.580000 0.380000
1772410304627816526 2.491555 0.399099 2.650252 -0.230803 2.603374 0.152537 2.750611 0.420889 2.678160 0.089043 3.580000 0.380000
1772410304647574207 2.491555 0.399099 2.650252 -0.230803 2.603374 0.152537 2.750611 0.420889 2.678160 0.089043 3.580000 0.380000
1772410304667531650 2.491555 0.399099 2.650252 -0.230803 2.603374 0.152537 2.750611 0.420889 2.678160 0.089043 3.580000 0.380000
1772410304686031953 2.491555 0.399099 2.650252 -0.230803 2.603374 0.152537 2.750611 0.420889 2.678160 0.089043 3.570000 0.410000
1772410304686405331 2.491555 0.399099 2.640245 -0.200805 2.603374 0.152537 2.750611 0.420889 2.678160 0.089043 3.570000 0.410000
1772410304687513523 2.491555 0.399099 2.640245 -0.200805 2.604121 0.184597 2.750611 0.420889 2.678160 0.089043 3.570000 0.410000
1772410304707503146 2.491555 0.399099 2.640245 -0.200805 2.604128 0.184597 2.750611 0.420889 2.678160 0.089043 3.570000 0.410000
1772410304727718836 2.491555 0.399099 2.640245 -0.200805 2.604128 0.184597 2.750611 0.420889 2.678160 0.089043 3.570000 0.410000
1772410304745877394 2.495042 0.428042 2.640245 -0.200805 2.604128 0.184597 2.750611 0.420889 2.678160 0.089043 3.570000 0.410000
1772410304747430895 2.495042 0.428042 2.640245 -0.200805 2.603992 0.192481 2.750611 0.420889 2.678160 0.089043 3.570000 0.410000
1772410304767690666 2.495042 0.428042 2.640245 -0.200805 2.603992 0.192481 2.750611 0.420889 2.678160 0.089043 3.570000 0.410000
1772410304787654226 2.495042 0.428042 2.640245 -0.200805 2.603992 0.192481 2.750611 0.420889 2.678160 0.089043 3.570000 0.410000
1772410304793485997 2.495042 0.428042 2.640245 -0.200805 2.603992 0.192481 2.750611 0.420889 2.674862 0.063785 3.570000 0.410000
1772410304793517565 2.495042 0.428042 2.640245 -0.200805 2.603992 0.192481 2.746374 0.422548 2.674862 0.063785 3.570000 0.410000
1772410304807573330 2.495042 0.428042 2.640245 -0.200805 2.603990 0.192481 2.746374 0.422548 2.674862 0.063785 3.570000 0.410000
1772410304827732503 2.495042 0.428042 2.640245 -0.200805 2.603990 0.192481 2.746374 0.422548 2.674862 0.063785 3.570000 0.410000
1772410304846249380 2.498580 0.457403 2.640245 -0.200805 2.603990 0.192481 2.746374 0.422548 2.674862 0.063785 3.570000 0.410000
1772410304847426546 2.498580 0.457403 2.640245 -0.200805 2.603459 0.222052 2.746374 0.422548 2.674862 0.063785 3.570000 0.410000
1772410304867506067 2.498580 0.457403 2.640245 -0.200805 2.603459 0.222052 2.746374 0.422548 2.674862 0.063785 3.570000 0.410000
1772410304886692064 2.498580 0.457403 2.640245 -0.200805 2.603459 0.222052 2.746374 0.422548 2.674862 0.063785 3.540000 0.440000
1772410304886904799 2.498580 0.457403 2.610239 -0.170812 2.603459 0.222052 2.746374 0.422548 2.674862 0.063785 3.540000 0.440000
1772410304887443653 2.498580 0.457403 2.610239 -0.170812 2.603550 0.216162 2.746374 0.422548 2.674862 0.063785 3.540000 0.440000
1772410304907766891 2.498580 0.457403 2.610239 -0.170812 2.603545 0.216162 2.746374 0.422548 2.674862 0.063785 3.540000 0.440000
1772410304927500172 2.498580 0.457403 2.610239 -0.170812 2.603545 0.216162 2.746374 0.422548 2.674862 0.063785 3.540000 0.440000
1772410304942495586 2.498580 0.457403 2.610239 -0.170812 2.603545 0.216162 2.751529 0.477401 2.674862 0.063785 3.540000 0.440000
1772410304942582152 2.498580 0.457403 2.610239 -0.170812 2.603545 0.216162 2.751529 0.477401 2.674190 0.102151 3.540000 0.440000
1772410304947524541 2.498580 0.457403 2.610239 -0.170812 2.603544 0.216162 2.751529 0.477401 2.674190 0.102151 3.540000 0.440000
1772410304966104856 2.502105 0.486659 2.610239 -0.170812 2.603544 0.216162 2.751529 0.477401 2.674190 0.102151 3.540000 0.440000
1772410304967423399 2.502105 0.486659 2.610239 -0.170812 2.603172 0.235729 2.751529 0.477401 2.674190 0.102151 3.540000 0.440000
1772410304986676748 2.502105 0.486659 2.610239 -0.170812 2.603172 0.235729 2.751529 0.477401 2.674190 0.102151 3.530000 0.480000
1772410304986790546 2.502105 0.486659 2.600230 -0.130814 2.603172 0.235729 2.751529 0.477401 2.674190 0.102151 3.530000 0.480000
1772410304987431758 2.502105 0.486659 2.600230 -0.130814 2.602950 0.224465 2.751529 0.477401 2.674190 0.102151 3.530000 0.480000
1772410305007505418 2.502105 0.486659 2.600230 -0.130814 2.602945 0.224465 2.751529 0.477401 2.674190 0.102151 3.530000 0.480000
1772410305027492745 2.502105 0.486659 2.600230 -0.130814 2.602945 0.224465 2.751529 0.477401 2.674190 0.102151 3.530000 0.480000
1772410305042773777 2.502105 0.486659 2.600230 -0.130814 2.602945 0.224465 2.751529 0.477401 2.669918 0.105261 3.530000 0.480000
1772410305042783432 2.502105 0.486659 2.600230 -0.130814 2.602945 0.224465 2.752337 0.498594 2.669918 0.105261 3.530000 0.480000
1772410305047580483 2.502105 0.486659 2.600230 -0.130814 2.602945 0.224465 2.752337 0.498594 2.669918 0.105261 3.530000 0.480000
1772410305066038213 2.508878 0.542874 2.600230 -0.130814 2.602945 0.224465 2.752337 0.498594 2.669918 0.105261 3.530000 0.480000
1772410305067400867 2.508878 0.542874 2.600230 -0.130814 2.602026 0.269423 2.752337 0.498594 2.669918 0.105261 3.530000 0.480000
1772410305086645356 2.508878 0.542874 2.600230 -0.130814 2.602026 0.269423 2.752337 0.498594 2.669918 0.105261 3.530000 0.500000
1772410305086863523 2.508878 0.542874 2.600225 -0.110814 2.602026 0.269423 2.752337 0.498594 2.669918 0.105261 3.530000 0.500000
1772410305087454856 2.508878 0.542874 2.600225 -0.110814 2.601731 0.264146 2.752337 0.498594 2.669918 0.105261 3.530000 0.500000
1772410305107549862 2.508878 0.542874 2.600225 -0.110814 2.601731 0.264146 2.752337 0.498594 2.669918 0.105261 3.530000 0.500000
1772410305127688096 2.508878 0.542874 2.600225 -0.110814 2.601731 0.264146 2.752337 0.498594 2.669918 0.105261 3.530000 0.500000
1772410305147574985 2.508878 0.542874 2.600225 -0.110814 2.601732 0.264146 2.752337 0.498594 2.669918 0.105261 3.530000 0.500000
1772410305167522174 2.508878 0.542874 2.600225 -0.110814 2.601732 0.264146 2.752337 0.498594 2.669918 0.105261 3.530000 0.500000
1772410305167649901 2.508878 0.542874 2.600225 -0.110814 2.601732 0.264146 2.760618 0.589893 2.669918 0.105261 3.530000 0.500000
1772410305167728993 2.508878 0.542874 2.600225 -0.110814 2.601732 0.264146 2.760618 0.589893 2.671435 0.179359 3.530000 0.500000
1772410305186422298 2.508878 0.542874 2.600225 -0.110814 2.601732 0.264146 2.760618 0.589893 2.671435 0.179359 3.530000 0.540000
1772410305186437194 2.509205 0.545591 2.600225 -0.110814 2.601732 0.264146 2.760618 0.589893 2.671435 0.179359 3.530000 0.540000
1772410305186908937 2.509205 0.545591 2.600216 -0.070814 2.601732 0.264146 2.760618 0.589893 2.671435 0.179359 3.530000 0.540000
1772410305187396154 2.509205 0.545591 2.600216 -0.070814 2.601622 0.251606 2.760618 0.589893 2.671435 0.179359 3.530000 0.540000
1772410305207759034 2.509205 0.545591 2.600216 -0.070814 2.601622 0.251606 2.760618 0.589893 2.671435 0.179359 3.530000 0.540000
1772410305227613153 2.509205 0.545591 2.600216 -0.070814 2.601622 0.251606 2.760618 0.589893 2.671435 0.179359 3.530000 0.540000
1772410305247611413 2.509205 0.545591 2.600216 -0.070814 2.601622 0.251606 2.760618 0.589893 2.671435 0.179359 3.530000 0.540000
1772410305267640632 2.509205 0.545591 2.600216 -0.070814 2.601622 0.251606 2.760618 0.589893 2.671435 0.179359 3.530000 0.540000
1772410305267879877 2.509205 0.545591 2.600216 -0.070814 2.601622 0.251606 2.754332 0.557416 2.671435 0.179359 3.530000 0.540000
1772410305268117083 2.509205 0.545591 2.600216 -0.070814 2.601622 0.251606 2.754332 0.557416 2.663518 0.130884 3.530000 0.540000
1772410305286489501 2.509205 0.545591 2.600216 -0.070814 2.601622 0.251606 2.754332 0.557416 2.663518 0.130884 3.510000 0.570000
1772410305286529057 2.512705 0.574638 2.600216 -0.070814 2.601622 0.251606 2.754332 0.557416 2.663518 0.130884 3.510000 0.570000
1772410305286804649 2.512705 0.574638 2.580209 -0.040819 2.601622 0.251606 2.754332 0.557416 2.663518 0.130884 3.510000 0.570000
1772410305287456694 2.512705 0.574638 2.580209 -0.040819 2.600115 0.266720 2.754332 0.557416 2.663518 0.130884 3.510000 0.570000
1772410305307563048 2.512705 0.574638 2.580209 -0.040819 2.600115 0.266720 2.754332 0.557416 2.663518 0.130884 3.510000 0.570000
1772410305327517626 2.512705 0.574638 2.580209 -0.040819 2.600116 0.266720 2.754332 0.557416 2.663518 0.130884 3.510000 0.570000
1772410305347572346 2.512705 0.574638 2.580209 -0.040819 2.600116 0.266720 2.754332 0.557416 2.663518 0.130884 3.510000 0.570000
1772410305367579907 2.512705 0.574638 2.580209 -0.040819 2.600116 0.266720 2.754332 0.557416 2.663518 0.130884 3.510000 0.570000
1772410305386100609 2.512705 0.574638 2.580209 -0.040819 2.600116 0.266720 2.754332 0.557416 2.663518 0.130884 3.510000 0.600000
1772410305386830477 2.512705 0.574638 2.580203 -0.010819 2.600116 0.266720 2.754332 0.557416 2.663518 0.130884 3.510000 0.600000
1772410305387900594 2.512705 0.574638 2.580203 -0.010819 2.598673 0.282882 2.754332 0.557416 2.663518 0.130884 3.510000 0.600000
1772410305393112782 2.512705 0.574638 2.580203 -0.010819 2.598673 0.282882 2.759636 0.611050 2.663518 0.130884 3.510000 0.600000
1772410305406002808 2.519805 0.633569 2.580203 -0.010819 2.598673 0.282882 2.759636 0.611050 2.663518 0.130884 3.510000 0.600000
1772410305407633145 2.519805 0.633569 2.580203 -0.010819 2.598467 0.292548 2.759636 0.611050 2.663518 0.130884 3.510000 0.600000
1772410305427608040 2.519805 0.633569 2.580203 -0.010819 2.598468 0.292548 2.759636 0.611050 2.663518 0.130884 3.510000 0.600000
1772410305447540774 2.519805 0.633569 2.580203 -0.010819 2.598468 0.292548 2.759636 0.611050 2.663518 0.130884 3.510000 0.600000
1772410305467581183 2.519805 0.633569 2.580203 -0.010819 2.598468 0.292548 2.759636 0.611050 2.663518 0.130884 3.510000 0.600000
1772410305468121343 2.519805 0.633569 2.580203 -0.010819 2.598468 0.292548 2.759636 0.611050 2.659098 0.208725 3.510000 0.600000
1772410305487742684 2.519805 0.633569 2.580203 -0.010819 2.598468 0.292548 2.759636 0.611050 2.659098 0.208725 3.510000 0.600000
1772410305507684413 2.519805 0.633569 2.580203 -0.010819 2.598468 0.292548 2.759636 0.611050 2.659098 0.208725 3.510000 0.600000
1772410305527817389 2.519805 0.633569 2.580203 -0.010819 2.598468 0.292548 2.759636 0.611050 2.659098 0.208725 3.510000 0.600000
1772410305543478507 2.519805 0.633569 2.580203 -0.010819 2.598468 0.292548 2.766300 0.698743 2.659098 0.208725 3.510000 0.600000
1772410305547688697 2.519805 0.633569 2.580203 -0.010819 2.598468 0.292548 2.766300 0.698743 2.659098 0.208725 3.510000 0.600000
1772410305567598839 2.519805 0.633569 2.580203 -0.010819 2.598468 0.292548 2.766300 0.698743 2.659098 0.208725 3.510000 0.600000
1772410305587722615 2.519805 0.633569 2.580203 -0.010819 2.598467 0.292548 2.766300 0.698743 2.659098 0.208725 3.510000 0.600000
1772410305588680071 2.519805 0.633569 2.580203 -0.010819 2.598467 0.292548 2.766300 0.698743 2.659098 0.208725 3.510000 0.640000
1772410305589373222 2.519805 0.633569 2.580193 0.029181 2.598467 0.292548 2.766300 0.698743 2.659098 0.208725 3.510000 0.640000
1772410305607660109 2.519805 0.633569 2.580193 0.029181 2.595805 0.366575 2.766300 0.698743 2.659098 0.208725 3.510000 0.640000
1772410305626622614 2.526868 0.692187 2.580193 0.029181 2.595805 0.366575 2.766300 0.698743 2.659098 0.208725 3.510000 0.640000
1772410305627491079 2.526868 0.692187 2.580193 0.029181 2.595549 0.377253 2.766300 0.698743 2.659098 0.208725 3.510000 0.640000
1772410305647583872 2.526868 0.692187 2.580193 0.029181 2.595549 0.377253 2.766300 0.698743 2.659098 0.208725 3.510000 0.640000
1772410305667488151 2.526868 0.692187 2.580193 0.029181 2.595548 0.377253 2.766300 0.698743 2.659098 0.208725 3.510000 0.640000
1772410305668230988 2.526868 0.692187 2.580193 0.029181 2.595548 0.377253 2.766300 0.698743 2.656343 0.239760 3.510000 0.640000
1772410305668294758 2.526868 0.692187 2.580193 0.029181 2.595548 0.377253 2.766006 0.716829 2.656343 0.239760 3.510000 0.640000
1772410305686274646 2.526868 0.692187 2.580193 0.029181 2.595548 0.377253 2.766006 0.716829 2.656343 0.239760 3.500000 0.680000
1772410305686711123 2.526868 0.692187 2.570184 0.069179 2.595548 0.377253 2.766006 0.716829 2.656343 0.239760 3.500000 0.680000
1772410305687593961 2.526868 0.692187 2.570184 0.069179 2.594084 0.379434 2.766006 0.716829 2.656343 0.239760 3.500000 0.680000
1772410305707621125 2.526868 0.692187 2.570184 0.069179 2.594084 0.379434 2.766006 0.716829 2.656343 0.239760 3.500000 0.680000
1772410305727510568 2.526868 0.692187 2.570184 0.069179 2.594086 0.379434 2.766006 0.716829 2.656343 0.239760 3.500000 0.680000
1772410305747540585 2.526868 0.692187 2.570184 0.069179 2.594086 0.379434 2.766006 0.716829 2.656343 0.239760 3.500000 0.680000
1772410305767520796 2.526868 0.692187 2.570184 0.069179 2.594083 0.379434 2.766006 0.716829 2.656343 0.239760 3.500000 0.680000
1772410305768163184 2.526868 0.692187 2.570184 0.069179 2.594083 0.379434 2.767669 0.743644 2.656343 0.239760 3.500000 0.680000
1772410305768399001 2.526868 0.692187 2.570184 0.069179 2.594083 0.379434 2.767669 0.743644 2.651370 0.252673 3.500000 0.680000
1772410305786480015 2.526868 0.692187 2.570184 0.069179 2.594083 0.379434 2.767669 0.743644 2.651370 0.252673 3.490000 0.720000
1772410305786990743 2.526868 0.692187 2.560175 0.109177 2.594083 0.379434 2.767669 0.743644 2.651370 0.252673 3.490000 0.720000
1772410305787553709 2.526868 0.692187 2.560175 0.109177 2.592001 0.393699 2.767669 0.743644 2.651370 0.252673 3.490000 0.720000
1772410305807635562 2.526868 0.692187 2.560175 0.109177 2.592001 0.393699 2.767669 0.743644 2.651370 0.252673 3.490000 0.720000
1772410305827428091 2.526868 0.692187 2.560175 0.109177 2.592003 0.393699 2.767669 0.743644 2.651370 0.252673 3.490000 0.720000
1772410305845760771 2.530368 0.721181 2.560175 0.109177 2.592003 0.393699 2.767669 0.743644 2.651370 0.252673 3.490000 0.720000
1772410305847379229 2.530368 0.721181 2.560175 0.109177 2.591797 0.401622 2.767669 0.743644 2.651370 0.252673 3.490000 0.720000
1772410305867520702 2.530368 0.721181 2.560175 0.109177 2.591799 0.401622 2.767669 0.743644 2.651370 0.252673 3.490000 0.720000
1772410305886255969 2.530368 0.721181 2.560175 0.109177 2.591799 0.401622 2.767669 0.743644 2.651370 0.252673 3.480000 0.760000
1772410305886705744 2.530368 0.721181 2.550166 0.149174 2.591799 0.401622 2.767669 0.743644 2.651370 0.252673 3.480000 0.760000
1772410305887420811 2.530368 0.721181 2.550166 0.149174 2.589902 0.396072 2.767669 0.743644 2.651370 0.252673 3.480000 0.760000
1772410305892907358 2.530368 0.721181 2.550166 0.149174 2.589902 0.396072 2.767047 0.743838 2.651370 0.252673 3.480000 0.760000
1772410305907503129 2.530368 0.721181 2.550166 0.149174 2.589903 0.396072 2.767047 0.743838 2.651370 0.252673 3.480000 0.760000
1772410305927655555 2.530368 0.721181 2.550166 0.149174 2.589903 0.396072 2.767047 0.743838 2.651370 0.252673 3.480000 0.760000
1772410305943071253 2.530368 0.721181 2.550166 0.149174 2.589903 0.396072 2.767047 0.743838 2.637745 0.241820 3.480000 0.760000
1772410305946095241 2.537129 0.777291 2.550166 0.149174 2.589903 0.396072 2.767047 0.743838 2.637745 0.241820 3.480000 0.760000
1772410305947582204 2.537129 0.777291 2.550166 0.149174 2.589040 0.429727 2.767047 0.743838 2.637745 0.241820 3.480000 0.760000
1772410305967797157 2.537129 0.777291 2.550166 0.149174 2.589034 0.429727 2.767047 0.743838 2.637745 0.241820 3.480000 0.760000
1772410305986598882 2.537129 0.777291 2.550166 0.149174 2.589034 0.429727 2.767047 0.743838 2.637745 0.241820 3.480000 0.790000
1772410305987190897 2.537129 0.777291 2.550160 0.179174 2.589034 0.429727 2.767047 0.743838 2.637745 0.241820 3.480000 0.790000
1772410305987624295 2.537129 0.777291 2.550160 0.179174 2.589034 0.429727 2.767047 0.743838 2.637745 0.241820 3.480000 0.790000
1772410305992866706 2.537129 0.777291 2.550160 0.179174 2.589034 0.429727 2.774167 0.827936 2.637745 0.241820 3.480000 0.790000
1772410306007633608 2.537129 0.777291 2.550160 0.179174 2.586809 0.440962 2.774167 0.827936 2.637745 0.241820 3.480000 0.790000
1772410306027670468 2.537129 0.777291 2.550160 0.179174 2.586809 0.440962 2.774167 0.827936 2.637745 0.241820 3.480000 0.790000
1772410306043236345 2.537129 0.777291 2.550160 0.179174 2.586809 0.440962 2.774167 0.827936 2.637192 0.320517 3.480000 0.790000
1772410306047633673 2.537129 0.777291 2.550160 0.179174 2.586809 0.440962 2.774167 0.827936 2.637192 0.320517 3.480000 0.790000
1772410306066149028 2.537455 0.780008 2.550160 0.179174 2.586809 0.440962 2.774167 0.827936 2.637192 0.320517 3.480000 0.790000
1772410306067497083 2.537455 0.780008 2.550160 0.179174 2.586759 0.442777 2.774167 0.827936 2.637192 0.320517 3.480000 0.790000
1772410306087017258 2.537455 0.780008 2.550160 0.179174 2.586759 0.442777 2.774167 0.827936 2.637192 0.320517 3.480000 0.840000
1772410306087567323 2.537455 0.780008 2.550148 0.229174 2.586759 0.442777 2.774167 0.827936 2.637192 0.320517 3.480000 0.840000
1772410306087606427 2.537455 0.780008 2.550148 0.229174 2.586759 0.442777 2.774167 0.827936 2.637192 0.320517 3.480000 0.840000
1772410306093100330 2.537455 0.780008 2.550148 0.229174 2.586759 0.442777 2.769963 0.795906 2.637192 0.320517 3.480000 0.840000
1772410306107607056 2.537455 0.780008 2.550148 0.229174 2.585189 0.434127 2.769963 0.795906 2.637192 0.320517 3.480000 0.840000
1772410306127837295 2.537455 0.780008 2.550148 0.229174 2.585189 0.434127 2.769963 0.795906 2.637192 0.320517 3.480000 0.840000
1772410306143707375 2.537455 0.780008 2.550148 0.229174 2.585189 0.434127 2.769963 0.795906 2.628473 0.285296 3.480000 0.840000
1772410306147530835 2.537455 0.780008 2.550148 0.229174 2.585189 0.434127 2.769963 0.795906 2.628473 0.285296 3.480000 0.840000
1772410306165953025 2.544163 0.835912 2.550148 0.229174 2.585189 0.434127 2.769963 0.795906 2.628473 0.285296 3.480000 0.840000
1772410306167618016 2.544163 0.835912 2.550148 0.229174 2.583978 0.478960 2.769963 0.795906 2.628473 0.285296 3.480000 0.840000
1772410306186533809 2.544163 0.835912 2.550148 0.229174 2.583978 0.478960 2.769963 0.795906 2.628473 0.285296 3.490000 0.860000
1772410306187150313 2.544163 0.835912 2.560144 0.249177 2.583978 0.478960 2.769963 0.795906 2.628473 0.285296 3.490000 0.860000
1772410306188017088 2.544163 0.835912 2.560144 0.249177 2.582659 0.480248 2.769963 0.795906 2.628473 0.285296 3.490000 0.860000
1772410306207627216 2.544163 0.835912 2.560144 0.249177 2.582658 0.480248 2.769963 0.795906 2.628473 0.285296 3.490000 0.860000
1772410306227639685 2.544163 0.835912 2.560144 0.249177 2.582658 0.480248 2.769963 0.795906 2.628473 0.285296 3.490000 0.860000
1772410306243217952 2.544163 0.835912 2.560144 0.249177 2.582658 0.480248 2.779353 0.915456 2.628473 0.285296 3.490000 0.860000
1772410306247655960 2.544163 0.835912 2.560144 0.249177 2.582656 0.480247 2.779353 0.915456 2.628473 0.285296 3.490000 0.860000
1772410306267574996 2.544163 0.835912 2.560144 0.249177 2.582656 0.480247 2.779353 0.915456 2.628473 0.285296 3.490000 0.860000
1772410306268141477 2.544163 0.835912 2.560144 0.249177 2.582656 0.480247 2.779353 0.915456 2.630535 0.382834 3.490000 0.860000
1772410306286245026 2.544488 0.838629 2.560144 0.249177 2.582656 0.480247 2.779353 0.915456 2.630535 0.382834 3.490000 0.860000
1772410306287650008 2.544488 0.838629 2.560144 0.249177 2.582593 0.482514 2.779353 0.915456 2.630535 0.382834 3.490000 0.860000
1772410306307645301 2.544488 0.838629 2.560144 0.249177 2.582593 0.482514 2.779353 0.915456 2.630535 0.382834 3.490000 0.860000
1772410306327771794 2.544488 0.838629 2.560144 0.249177 2.582593 0.482514 2.779353 0.915456 2.630535 0.382834 3.490000 0.860000
1772410306347732952 2.544488 0.838629 2.560144 0.249177 2.582592 0.482514 2.779353 0.915456 2.630535 0.382834 3.490000 0.860000
1772410306367734497 2.544488 0.838629 2.560144 0.249177 2.582592 0.482514 2.779353 0.915456 2.630535 0.382834 3.490000 0.860000
1772410306368203211 2.544488 0.838629 2.560144 0.249177 2.582592 0.482514 2.775443 0.882313 2.630535 0.382834 3.490000 0.860000
1772410306368262303 2.544488 0.838629 2.560144 0.249177 2.582592 0.482514 2.775443 0.882313 2.628429 0.354202 3.490000 0.860000
1772410306386175151 2.547974 0.867678 2.560144 0.249177 2.582592 0.482514 2.775443 0.882313 2.628429 0.354202 3.490000 0.860000
1772410306386272611 2.547974 0.867678 2.560144 0.249177 2.582592 0.482514 2.775443 0.882313 2.628429 0.354202 3.500000 0.950000
1772410306386808806 2.547974 0.867678 2.570124 0.339179 2.582592 0.482514 2.775443 0.882313 2.628429 0.354202 3.500000 0.950000
1772410306387652573 2.547974 0.867678 2.570124 0.339179 2.581226 0.504431 2.775443 0.882313 2.628429 0.354202 3.500000 0.950000
1772410306407673363 2.547974 0.867678 2.570124 0.339179 2.581226 0.504431 2.775443 0.882313 2.628429 0.354202 3.500000 0.950000
1772410306427610898 2.547974 0.867678 2.570124 0.339179 2.581226 0.504431 2.775443 0.882313 2.628429 0.354202 3.500000 0.950000
1772410306447675033 2.547974 0.867678 2.570124 0.339179 2.581226 0.504431 2.775443 0.882313 2.628429 0.354202 3.500000 0.950000
1772410306467684952 2.547974 0.867678 2.570124 0.339179 2.581226 0.504431 2.775443 0.882313 2.628429 0.354202 3.500000 0.950000
1772410306486511476 2.547974 0.867678 2.570124 0.339179 2.581226 0.504431 2.775443 0.882313 2.628429 0.354202 3.480000 0.980000
1772410306487032246 2.547974 0.867678 2.550117 0.369174 2.581226 0.504431 2.775443 0.882313 2.628429 0.354202 3.480000 0.980000
1772410306487779979 2.547974 0.867678 2.550117 0.369174 2.579027 0.526548 2.775443 0.882313 2.628429 0.354202 3.480000 0.980000
1772410306493173200 2.547974 0.867678 2.550117 0.369174 2.579027 0.526548 2.779644 0.936598 2.628429 0.354202 3.480000 0.980000
1772410306505954569 2.555012 0.926458 2.550117 0.369174 2.579027 0.526548 2.779644 0.936598 2.628429 0.354202 3.480000 0.980000
1772410306507589770 2.555012 0.926458 2.550117 0.369174 2.578722 0.536086 2.779644 0.936598 2.628429 0.354202 3.480000 0.980000
1772410306527783423 2.555012 0.926458 2.550117 0.369174 2.578722 0.536086 2.779644 0.936598 2.628429 0.354202 3.480000 0.980000
1772410306547697185 2.555012 0.926458 2.550117 0.369174 2.578724 0.536086 2.779644 0.936598 2.628429 0.354202 3.480000 0.980000
1772410306567793364 2.555012 0.926458 2.550117 0.369174 2.578724 0.536086 2.779644 0.936598 2.628429 0.354202 3.480000 0.980000
1772410306568474467 2.555012 0.926458 2.550117 0.369174 2.578724 0.536086 2.779644 0.936598 2.625266 0.453676 3.480000 0.980000
1772410306586239912 2.555012 0.926458 2.550117 0.369174 2.578724 0.536086 2.779644 0.936598 2.625266 0.453676 3.480000 1.010000
1772410306586710270 2.555012 0.926458 2.550110 0.399174 2.578724 0.536086 2.779644 0.936598 2.625266 0.453676 3.480000 1.010000
1772410306587618379 2.555012 0.926458 2.550110 0.399174 2.576269 0.568179 2.779644 0.936598 2.625266 0.453676 3.480000 1.010000
1772410306593166043 2.555012 0.926458 2.550110 0.399174 2.576269 0.568179 2.783993 0.998737 2.625266 0.453676 3.480000 1.010000
1772410306607619760 2.555012 0.926458 2.550110 0.399174 2.576269 0.568179 2.783993 0.998737 2.625266 0.453676 3.480000 1.010000
1772410306627553862 2.555012 0.926458 2.550110 0.399174 2.576273 0.568179 2.783993 0.998737 2.625266 0.453676 3.480000 1.010000
1772410306647711194 2.555012 0.926458 2.550110 0.399174 2.576279 0.568179 2.783993 0.998737 2.625266 0.453676 3.480000 1.010000
1772410306667495571 2.555012 0.926458 2.550110 0.399174 2.576279 0.568179 2.783993 0.998737 2.625266 0.453676 3.480000 1.010000
1772410306686597622 2.555012 0.926458 2.550110 0.399174 2.576279 0.568179 2.783993 0.998737 2.625266 0.453676 3.500000 1.040000
1772410306687149670 2.555012 0.926458 2.570103 0.429179 2.576279 0.568179 2.783993 0.998737 2.625266 0.453676 3.500000 1.040000
1772410306687515763 2.555012 0.926458 2.570103 0.429179 2.576280 0.568179 2.783993 0.998737 2.625266 0.453676 3.500000 1.040000
1772410306707626356 2.555012 0.926458 2.570103 0.429179 2.574529 0.609654 2.783993 0.998737 2.625266 0.453676 3.500000 1.040000
1772410306725884220 2.561628 0.982055 2.570103 0.429179 2.574529 0.609654 2.783993 0.998737 2.625266 0.453676 3.500000 1.040000
1772410306727678423 2.561628 0.982055 2.570103 0.429179 2.574197 0.619746 2.783993 0.998737 2.625266 0.453676 3.500000 1.040000
1772410306747650212 2.561628 0.982055 2.570103 0.429179 2.574197 0.619746 2.783993 0.998737 2.625266 0.453676 3.500000 1.040000
1772410306767721607 2.561628 0.982055 2.570103 0.429179 2.574197 0.619746 2.783993 0.998737 2.625266 0.453676 3.500000 1.040000
1772410306768445963 2.561628 0.982055 2.570103 0.429179 2.574197 0.619746 2.785108 1.027578 2.625266 0.453676 3.500000 1.040000
1772410306768698459 2.561628 0.982055 2.570103 0.429179 2.574197 0.619746 2.785108 1.027578 2.618560 0.489553 3.500000 1.040000
1772410306787897825 2.561628 0.982055 2.570103 0.429179 2.574195 0.619746 2.785108 1.027578 2.618560 0.489553 3.500000 1.040000
1772410306807647032 2.561628 0.982055 2.570103 0.429179 2.574195 0.619746 2.785108 1.027578 2.618560 0.489553 3.500000 1.040000
1772410306825977300 2.561956 0.984825 2.570103 0.429179 2.574195 0.619746 2.785108 1.027578 2.618560 0.489553 3.500000 1.040000
1772410306827643517 2.561956 0.984825 2.570103 0.429179 2.574102 0.622533 2.785108 1.027578 2.618560 0.489553 3.500000 1.040000
1772410306847787349 2.561956 0.984825 2.570103 0.429179 2.574102 0.622533 2.785108 1.027578 2.618560 0.489553 3.500000 1.040000
1772410306867621266 2.561956 0.984825 2.570103 0.429179 2.574102 0.622533 2.785108 1.027578 2.618560 0.489553 3.500000 1.040000
1772410306886126346 2.561956 0.984825 2.570103 0.429179 2.574102 0.622533 2.785108 1.027578 2.618560 0.489553 3.510000 1.120000
1772410306886879045 2.561956 0.984825 2.580085 0.509181 2.574102 0.622533 2.785108 1.027578 2.618560 0.489553 3.510000 1.120000
1772410306888050537 2.561956 0.984825 2.580085 0.509181 2.574307 0.619259 2.785108 1.027578 2.618560 0.489553 3.510000 1.120000
1772410306893121049 2.561956 0.984825 2.580085 0.509181 2.574307 0.619259 2.783885 1.015591 2.618560 0.489553 3.510000 1.120000
1772410306907808200 2.561956 0.984825 2.580085 0.509181 2.574307 0.619259 2.783885 1.015591 2.618560 0.489553 3.510000 1.120000
1772410306927869021 2.561956 0.984825 2.580085 0.509181 2.574307 0.619259 2.783885 1.015591 2.618560 0.489553 3.510000 1.120000
1772410306943815492 2.561956 0.984825 2.580085 0.509181 2.574307 0.619259 2.783885 1.015591 2.614683 0.478300 3.510000 1.120000
1772410306946350402 2.565447 1.014350 2.580085 0.509181 2.574307 0.619259 2.783885 1.015591 2.614683 0.478300 3.510000 1.120000
1772410306947625079 2.565447 1.014350 2.580085 0.509181 2.573814 0.634076 2.783885 1.015591 2.614683 0.478300 3.510000 1.120000
1772410306967690278 2.565447 1.014350 2.580085 0.509181 2.573815 0.634076 2.783885 1.015591 2.614683 0.478300 3.510000 1.120000
1772410306986316647 2.565447 1.014350 2.580085 0.509181 2.573815 0.634076 2.783885 1.015591 2.614683 0.478300 3.490000 1.150000
1772410306986531918 2.565447 1.014350 2.560079 0.539177 2.573815 0.634076 2.783885 1.015591 2.614683 0.478300 3.490000 1.150000
1772410306987548838 2.565447 1.014350 2.560079 0.539177 2.572904 0.639502 2.783885 1.015591 2.614683 0.478300 3.490000 1.150000
1772410307007533182 2.565447 1.014350 2.560079 0.539177 2.572904 0.639502 2.783885 1.015591 2.614683 0.478300 3.490000 1.150000
1772410307027638083 2.565447 1.014350 2.560079 0.539177 2.572904 0.639502 2.783885 1.015591 2.614683 0.478300 3.490000 1.150000
1772410307042718142 2.565447 1.014350 2.560079 0.539177 2.572904 0.639502 2.787506 1.067914 2.614683 0.478300 3.490000 1.150000
1772410307046168820 2.572395 1.072982 2.560079 0.539177 2.572904 0.639502 2.787506 1.067914 2.614683 0.478300 3.490000 1.150000
1772410307047503639 2.572395 1.072982 2.560079 0.539177 2.571729 0.674791 2.787506 1.067914 2.614683 0.478300 3.490000 1.150000
1772410307067469920 2.572395 1.072982 2.560079 0.539177 2.571727 0.674791 2.787506 1.067914 2.614683 0.478300 3.490000 1.150000
1772410307086154061 2.572395 1.072982 2.560079 0.539177 2.571727 0.674791 2.787506 1.067914 2.614683 0.478300 3.500000 1.190000
1772410307086354972 2.572395 1.072982 2.570070 0.579179 2.571727 0.674791 2.787506 1.067914 2.614683 0.478300 3.500000 1.190000
1772410307087469828 2.572395 1.072982 2.570070 0.579179 2.570897 0.693420 2.787506 1.067914 2.614683 0.478300 3.500000 1.190000
1772410307107362567 2.572395 1.072982 2.570070 0.579179 2.570897 0.693420 2.787506 1.067914 2.614683 0.478300 3.500000 1.190000
1772410307127554051 2.572395 1.072982 2.570070 0.579179 2.570892 0.693420 2.787506 1.067914 2.614683 0.478300 3.500000 1.190000
1772410307142946721 2.572395 1.072982 2.570070 0.579179 2.570892 0.693420 2.793080 1.150156 2.614683 0.478300 3.500000 1.190000
1772410307142978190 2.572395 1.072982 2.570070 0.579179 2.570892 0.693420 2.793080 1.150156 2.614938 0.604127 3.500000 1.190000
1772410307147600172 2.572395 1.072982 2.570070 0.579179 2.570892 0.693420 2.793080 1.150156 2.614938 0.604127 3.500000 1.190000
1772410307167531291 2.572395 1.072982 2.570070 0.579179 2.570888 0.693420 2.793080 1.150156 2.614938 0.604127 3.500000 1.190000
1772410307186149937 2.572395 1.072982 2.570070 0.579179 2.570888 0.693420 2.793080 1.150156 2.614938 0.604127 3.500000 1.230000
1772410307186366273 2.572395 1.072982 2.570061 0.619179 2.570888 0.693420 2.793080 1.150156 2.614938 0.604127 3.500000 1.230000
1772410307187494646 2.572395 1.072982 2.570061 0.619179 2.568881 0.746888 2.793080 1.150156 2.614938 0.604127 3.500000 1.230000
1772410307207528992 2.572395 1.072982 2.570061 0.619179 2.568887 0.746888 2.793080 1.150156 2.614938 0.604127 3.500000 1.230000
1772410307227473856 2.572395 1.072982 2.570061 0.619179 2.568887 0.746888 2.793080 1.150156 2.614938 0.604127 3.500000 1.230000
1772410307242773189 2.572395 1.072982 2.570061 0.619179 2.568887 0.746888 2.796859 1.212907 2.614938 0.604127 3.500000 1.230000
1772410307242820296 2.572395 1.072982 2.570061 0.619179 2.568887 0.746888 2.796859 1.212907 2.614645 0.654431 3.500000 1.230000
1772410307247487820 2.572395 1.072982 2.570061 0.619179 2.568887 0.746888 2.796859 1.212907 2.614645 0.654431 3.500000 1.230000
1772410307265816027 2.575824 1.101984 2.570061 0.619179 2.568887 0.746888 2.796859 1.212907 2.614645 0.654431 3.500000 1.230000
1772410307267466541 2.575824 1.101984 2.570061 0.619179 2.568511 0.757439 2.796859 1.212907 2.614645 0.654431 3.500000 1.230000
1772410307286186804 2.575824 1.101984 2.570061 0.619179 2.568511 0.757439 2.796859 1.212907 2.614645 0.654431 3.490000 1.260000
1772410307286356572 2.575824 1.101984 2.560054 0.649177 2.568511 0.757439 2.796859 1.212907 2.614645 0.654431 3.490000 1.260000
1772410307287471368 2.575824 1.101984 2.560054 0.649177 2.568060 0.755428 2.796859 1.212907 2.614645 0.654431 3.490000 1.260000
1772410307307491435 2.575824 1.101984 2.560054 0.649177 2.568059 0.755428 2.796859 1.212907 2.614645 0.654431 3.490000 1.260000
1772410307327507529 2.575824 1.101984 2.560054 0.649177 2.568059 0.755428 2.796859 1.212907 2.614645 0.654431 3.490000 1.260000
1772410307347356462 2.575824 1.101984 2.560054 0.649177 2.568059 0.755428 2.796859 1.212907 2.614645 0.654431 3.490000 1.260000
1772410307367549003 2.575824 1.101984 2.560054 0.649177 2.568058 0.755427 2.796859 1.212907 2.614645 0.654431 3.490000 1.260000
1772410307367695884 2.575824 1.101984 2.560054 0.649177 2.568058 0.755427 2.796859 1.212907 2.608482 0.625362 3.490000 1.260000
1772410307367719425 2.575824 1.101984 2.560054 0.649177 2.568058 0.755427 2.793581 1.171612 2.608482 0.625362 3.490000 1.260000
1772410307386279628 2.579302 1.131459 2.560054 0.649177 2.568058 0.755427 2.793581 1.171612 2.608482 0.625362 3.490000 1.260000
1772410307386288432 2.579302 1.131459 2.560054 0.649177 2.568058 0.755427 2.793581 1.171612 2.608482 0.625362 3.490000 1.290000
1772410307386610418 2.579302 1.131459 2.560047 0.679177 2.568058 0.755427 2.793581 1.171612 2.608482 0.625362 3.490000 1.290000
1772410307387503787 2.579302 1.131459 2.560047 0.679177 2.566842 0.775861 2.793581 1.171612 2.608482 0.625362 3.490000 1.290000
1772410307407649518 2.579302 1.131459 2.560047 0.679177 2.566846 0.775862 2.793581 1.171612 2.608482 0.625362 3.490000 1.290000
1772410307427474947 2.579302 1.131459 2.560047 0.679177 2.566846 0.775862 2.793581 1.171612 2.608482 0.625362 3.490000 1.290000
1772410307447508240 2.579302 1.131459 2.560047 0.679177 2.566847 0.775862 2.793581 1.171612 2.608482 0.625362 3.490000 1.290000
1772410307467474193 2.579302 1.131459 2.560047 0.679177 2.566847 0.775862 2.793581 1.171612 2.608482 0.625362 3.490000 1.290000
1772410307467736938 2.579302 1.131459 2.560047 0.679177 2.566847 0.775862 2.793581 1.171612 2.606781 0.661181 3.490000 1.290000
1772410307467895455 2.579302 1.131459 2.560047 0.679177 2.566847 0.775862 2.795719 1.204251 2.606781 0.661181 3.490000 1.290000
1772410307486548674 2.582767 1.160881 2.560047 0.679177 2.566847 0.775862 2.795719 1.204251 2.606781 0.661181 3.490000 1.290000
1772410307486563769 2.582767 1.160881 2.560047 0.679177 2.566847 0.775862 2.795719 1.204251 2.606781 0.661181 3.480000 1.320000
1772410307486717365 2.582767 1.160881 2.550040 0.709174 2.566847 0.775862 2.795719 1.204251 2.606781 0.661181 3.480000 1.320000
1772410307487371552 2.582767 1.160881 2.550040 0.709174 2.565109 0.801338 2.795719 1.204251 2.606781 0.661181 3.480000 1.320000
1772410307507635062 2.582767 1.160881 2.550040 0.709174 2.565105 0.801338 2.795719 1.204251 2.606781 0.661181 3.480000 1.320000
1772410307527625873 2.582767 1.160881 2.550040 0.709174 2.565105 0.801338 2.795719 1.204251 2.606781 0.661181 3.480000 1.320000
1772410307547541642 2.582767 1.160881 2.550040 0.709174 2.565103 0.801338 2.795719 1.204251 2.606781 0.661181 3.480000 1.320000
1772410307567644328 2.582767 1.160881 2.550040 0.709174 2.565103 0.801338 2.795719 1.204251 2.606781 0.661181 3.480000 1.320000
1772410307586800759 2.582767 1.160881 2.550040 0.709174 2.565103 0.801338 2.795719 1.204251 2.606781 0.661181 3.490000 1.350000
1772410307587281328 2.582767 1.160881 2.560034 0.739177 2.565103 0.801338 2.795719 1.204251 2.606781 0.661181 3.490000 1.350000
1772410307587456183 2.582767 1.160881 2.560034 0.739177 2.565103 0.801338 2.795719 1.204251 2.606781 0.661181 3.490000 1.350000
1772410307592895314 2.582767 1.160881 2.560034 0.739177 2.565103 0.801338 2.798187 1.244373 2.606781 0.661181 3.490000 1.350000
1772410307606468008 2.589682 1.219728 2.560034 0.739177 2.565103 0.801338 2.798187 1.244373 2.606781 0.661181 3.490000 1.350000
1772410307607638503 2.589682 1.219728 2.560034 0.739177 2.563485 0.836762 2.798187 1.244373 2.606781 0.661181 3.490000 1.350000
1772410307627654010 2.589682 1.219728 2.560034 0.739177 2.563485 0.836762 2.798187 1.244373 2.606781 0.661181 3.490000 1.350000
1772410307647608264 2.589682 1.219728 2.560034 0.739177 2.563486 0.836762 2.798187 1.244373 2.606781 0.661181 3.490000 1.350000
1772410307667746549 2.589682 1.219728 2.560034 0.739177 2.563486 0.836762 2.798187 1.244373 2.606781 0.661181 3.490000 1.350000
1772410307668497235 2.589682 1.219728 2.560034 0.739177 2.563486 0.836762 2.798187 1.244373 2.605136 0.759879 3.490000 1.350000
1772410307686960096 2.589682 1.219728 2.560034 0.739177 2.563486 0.836762 2.798187 1.244373 2.605136 0.759879 3.490000 1.390000
1772410307687306816 2.589682 1.219728 2.560025 0.779177 2.563486 0.836762 2.798187 1.244373 2.605136 0.759879 3.490000 1.390000
1772410307687416136 2.589682 1.219728 2.560025 0.779177 2.563486 0.836762 2.798187 1.244373 2.605136 0.759879 3.490000 1.390000
1772410307707769498 2.589682 1.219728 2.560025 0.779177 2.561937 0.872508 2.798187 1.244373 2.605136 0.759879 3.490000 1.390000
1772410307727674601 2.589682 1.219728 2.560025 0.779177 2.561937 0.872508 2.798187 1.244373 2.605136 0.759879 3.490000 1.390000
1772410307743152910 2.589682 1.219728 2.560025 0.779177 2.561937 0.872508 2.803629 1.332179 2.605136 0.759879 3.490000 1.390000
1772410307747603032 2.589682 1.219728 2.560025 0.779177 2.561935 0.872508 2.803629 1.332179 2.605136 0.759879 3.490000 1.390000
1772410307767446042 2.589682 1.219728 2.560025 0.779177 2.561935 0.872508 2.803629 1.332179 2.605136 0.759879 3.490000 1.390000
1772410307787597562 2.589682 1.219728 2.560025 0.779177 2.561934 0.872508 2.803629 1.332179 2.605136 0.759879 3.490000 1.390000
1772410307792804108 2.589682 1.219728 2.560025 0.779177 2.561934 0.872508 2.803629 1.332179 2.605272 0.818411 3.490000 1.390000
1772410307807540969 2.589682 1.219728 2.560025 0.779177 2.561934 0.872508 2.803629 1.332179 2.605272 0.818411 3.490000 1.390000
1772410307826197965 2.593046 1.248421 2.560025 0.779177 2.561934 0.872508 2.803629 1.332179 2.605272 0.818411 3.490000 1.390000
1772410307827424713 2.593046 1.248421 2.560025 0.779177 2.561252 0.890798 2.803629 1.332179 2.605272 0.818411 3.490000 1.390000
1772410307847556484 2.593046 1.248421 2.560025 0.779177 2.561255 0.890798 2.803629 1.332179 2.605272 0.818411 3.490000 1.390000
1772410307867511788 2.593046 1.248421 2.560025 0.779177 2.561255 0.890798 2.803629 1.332179 2.605272 0.818411 3.490000 1.390000
1772410307886241573 2.593046 1.248421 2.560025 0.779177 2.561255 0.890798 2.803629 1.332179 2.605272 0.818411 3.490000 1.440000
1772410307886464030 2.593046 1.248421 2.560013 0.829177 2.561255 0.890798 2.803629 1.332179 2.605272 0.818411 3.490000 1.440000
1772410307887433743 2.593046 1.248421 2.560013 0.829177 2.560920 0.895756 2.803629 1.332179 2.605272 0.818411 3.490000 1.440000
1772410307892912134 2.593046 1.248421 2.560013 0.829177 2.560920 0.895756 2.802850 1.326230 2.605272 0.818411 3.490000 1.440000
1772410307907633893 2.593046 1.248421 2.560013 0.829177 2.560920 0.895756 2.802850 1.326230 2.605272 0.818411 3.490000 1.440000
1772410307918405310 2.593046 1.248421 2.560013 0.829177 2.560920 0.895756 2.802850 1.326230 2.600074 0.792698 3.490000 1.440000
1772410307925984410 2.599961 1.307268 2.560013 0.829177 2.560920 0.895756 2.802850 1.326230 2.600074 0.792698 3.490000 1.440000
1772410307927525698 2.599961 1.307268 2.560013 0.829177 2.560037 0.919309 2.802850 1.326230 2.600074 0.792698 3.490000 1.440000
1772410307947646436 2.599961 1.307268 2.560013 0.829177 2.560036 0.919309 2.802850 1.326230 2.600074 0.792698 3.490000 1.440000
1772410307967602333 2.599961 1.307268 2.560013 0.829177 2.560036 0.919309 2.802850 1.326230 2.600074 0.792698 3.490000 1.440000
1772410307986294869 2.599961 1.307268 2.560013 0.829177 2.560036 0.919309 2.802850 1.326230 2.600074 0.792698 3.490000 1.480000
1772410307986546307 2.599961 1.307268 2.560004 0.869177 2.560036 0.919309 2.802850 1.326230 2.600074 0.792698 3.490000 1.480000
1772410307987491211 2.599961 1.307268 2.560004 0.869177 2.558724 0.951489 2.802850 1.326230 2.600074 0.792698 3.490000 1.480000
1772410308007687583 2.599961 1.307268 2.560004 0.869177 2.558724 0.951489 2.802850 1.326230 2.600074 0.792698 3.490000 1.480000
1772410308017791108 2.599961 1.307268 2.560004 0.869177 2.558724 0.951489 2.809610 1.432840 2.600074 0.792698 3.490000 1.480000
1772410308027485597 2.599961 1.307268 2.560004 0.869177 2.558725 0.951489 2.809610 1.432840 2.600074 0.792698 3.490000 1.480000
1772410308047769568 2.599961 1.307268 2.560004 0.869177 2.558725 0.951489 2.809610 1.432840 2.600074 0.792698 3.490000 1.480000
1772410308067654502 2.599961 1.307268 2.560004 0.869177 2.558725 0.951489 2.809610 1.432840 2.600074 0.792698 3.490000 1.480000
1772410308068187178 2.599961 1.307268 2.560004 0.869177 2.558725 0.951489 2.809610 1.432840 2.604237 0.915801 3.490000 1.480000
1772410308086684866 2.599961 1.307268 2.560004 0.869177 2.558725 0.951489 2.809610 1.432840 2.604237 0.915801 3.500000 1.510000
1772410308087037710 2.599961 1.307268 2.569998 0.899179 2.558725 0.951489 2.809610 1.432840 2.604237 0.915801 3.500000 1.510000
1772410308087493062 2.599961 1.307268 2.569998 0.899179 2.558725 0.951489 2.809610 1.432840 2.604237 0.915801 3.500000 1.510000
1772410308107612510 2.599961 1.307268 2.569998 0.899179 2.557015 1.006089 2.809610 1.432840 2.604237 0.915801 3.500000 1.510000
1772410308127480196 2.599961 1.307268 2.569998 0.899179 2.557015 1.006089 2.809610 1.432840 2.604237 0.915801 3.500000 1.510000
1772410308143182027 2.599961 1.307268 2.569998 0.899179 2.557015 1.006089 2.814381 1.512204 2.604237 0.915801 3.500000 1.510000
1772410308145910647 2.603416 1.336480 2.569998 0.899179 2.557015 1.006089 2.814381 1.512204 2.604237 0.915801 3.500000 1.510000
1772410308147602411 2.603416 1.336480 2.569998 0.899179 2.556708 1.014070 2.814381 1.512204 2.604237 0.915801 3.500000 1.510000
1772410308167408645 2.603416 1.336480 2.569998 0.899179 2.556708 1.014070 2.814381 1.512204 2.604237 0.915801 3.500000 1.510000
1772410308187001130 2.603416 1.336480 2.569998 0.899179 2.556708 1.014070 2.814381 1.512204 2.604237 0.915801 3.490000 1.540000
1772410308187584518 2.603416 1.336480 2.559991 0.929177 2.556708 1.014070 2.814381 1.512204 2.604237 0.915801 3.490000 1.540000
1772410308187626754 2.603416 1.336480 2.559991 0.929177 2.556709 1.014070 2.814381 1.512204 2.604237 0.915801 3.490000 1.540000
1772410308207616349 2.603416 1.336480 2.559991 0.929177 2.556649 1.015713 2.814381 1.512204 2.604237 0.915801 3.490000 1.540000
1772410308227581617 2.603416 1.336480 2.559991 0.929177 2.556650 1.015713 2.814381 1.512204 2.604237 0.915801 3.490000 1.540000
1772410308243370324 2.603416 1.336480 2.559991 0.929177 2.556650 1.015713 2.814381 1.512204 2.598148 0.911061 3.490000 1.540000
1772410308247587293 2.603416 1.336480 2.559991 0.929177 2.556650 1.015713 2.814381 1.512204 2.598148 0.911061 3.490000 1.540000
1772410308266279250 2.606884 1.365691 2.559991 0.929177 2.556650 1.015713 2.814381 1.512204 2.598148 0.911061 3.490000 1.540000
1772410308267552306 2.606884 1.365691 2.559991 0.929177 2.555927 1.035214 2.814381 1.512204 2.598148 0.911061 3.490000 1.540000
1772410308286913733 2.606884 1.365691 2.559991 0.929177 2.555927 1.035214 2.814381 1.512204 2.598148 0.911061 3.490000 1.570000
1772410308287323426 2.606884 1.365691 2.559984 0.959177 2.555927 1.035214 2.814381 1.512204 2.598148 0.911061 3.490000 1.570000
1772410308287532637 2.606884 1.365691 2.559984 0.959177 2.555927 1.035214 2.814381 1.512204 2.598148 0.911061 3.490000 1.570000
1772410308293021479 2.606884 1.365691 2.559984 0.959177 2.555927 1.035214 2.812200 1.481373 2.598148 0.911061 3.490000 1.570000
1772410308307722930 2.606884 1.365691 2.559984 0.959177 2.555923 1.036772 2.812200 1.481373 2.598148 0.911061 3.490000 1.570000
1772410308327670621 2.606884 1.365691 2.559984 0.959177 2.555919 1.036772 2.812200 1.481373 2.598148 0.911061 3.490000 1.570000
1772410308347592718 2.606884 1.365691 2.559984 0.959177 2.555919 1.036772 2.812200 1.481373 2.598148 0.911061 3.490000 1.570000
1772410308365906985 2.613894 1.424474 2.559984 0.959177 2.555919 1.036772 2.812200 1.481373 2.598148 0.911061 3.490000 1.570000
1772410308367575374 2.613894 1.424474 2.559984 0.959177 2.554168 1.083950 2.812200 1.481373 2.598148 0.911061 3.490000 1.570000
1772410308386314746 2.613894 1.424474 2.559984 0.959177 2.554168 1.083950 2.812200 1.481373 2.598148 0.911061 3.500000 1.600000
1772410308387044622 2.613894 1.424474 2.569977 0.989179 2.554168 1.083950 2.812200 1.481373 2.598148 0.911061 3.500000 1.600000
1772410308388064581 2.613894 1.424474 2.569977 0.989179 2.554406 1.091524 2.812200 1.481373 2.598148 0.911061 3.500000 1.600000
1772410308407737085 2.613894 1.424474 2.569977 0.989179 2.554406 1.091524 2.812200 1.481373 2.598148 0.911061 3.500000 1.600000
1772410308418062532 2.613894 1.424474 2.569977 0.989179 2.554406 1.091524 2.818749 1.583967 2.598148 0.911061 3.500000 1.600000
1772410308418224509 2.613894 1.424474 2.569977 0.989179 2.554406 1.091524 2.818749 1.583967 2.599129 1.011625 3.500000 1.600000
1772410308427711262 2.613894 1.424474 2.569977 0.989179 2.554403 1.091524 2.818749 1.583967 2.599129 1.011625 3.500000 1.600000
1772410308447569518 2.613894 1.424474 2.569977 0.989179 2.554403 1.091524 2.818749 1.583967 2.599129 1.011625 3.500000 1.600000
1772410308467582976 2.613894 1.424474 2.569977 0.989179 2.554403 1.091524 2.818749 1.583967 2.599129 1.011625 3.500000 1.600000
1772410308486526615 2.613894 1.424474 2.569977 0.989179 2.554403 1.091524 2.818749 1.583967 2.599129 1.011625 3.500000 1.630000
1772410308487170887 2.613894 1.424474 2.569970 1.019179 2.554403 1.091524 2.818749 1.583967 2.599129 1.011625 3.500000 1.630000
1772410308487487533 2.613894 1.424474 2.569970 1.019179 2.554403 1.091524 2.818749 1.583967 2.599129 1.011625 3.500000 1.630000
1772410308507737373 2.613894 1.424474 2.569970 1.019179 2.552931 1.145345 2.818749 1.583967 2.599129 1.011625 3.500000 1.630000
1772410308527623972 2.613894 1.424474 2.569970 1.019179 2.552931 1.145345 2.818749 1.583967 2.599129 1.011625 3.500000 1.630000
1772410308547781035 2.613894 1.424474 2.569970 1.019179 2.552931 1.145345 2.818749 1.583967 2.599129 1.011625 3.500000 1.630000
1772410308567605997 2.613894 1.424474 2.569970 1.019179 2.552929 1.145345 2.818749 1.583967 2.599129 1.011625 3.500000 1.630000
1772410308567874748 2.613894 1.424474 2.569970 1.019179 2.552929 1.145345 2.824633 1.678848 2.599129 1.011625 3.500000 1.630000
1772410308568052191 2.613894 1.424474 2.569970 1.019179 2.552929 1.145345 2.824633 1.678848 2.601358 1.082874 3.500000 1.630000
1772410308586341853 2.613894 1.424474 2.569970 1.019179 2.552929 1.145345 2.824633 1.678848 2.601358 1.082874 3.490000 1.660000
1772410308586387794 2.617366 1.453471 2.569970 1.019179 2.552929 1.145345 2.824633 1.678848 2.601358 1.082874 3.490000 1.660000
1772410308586817173 2.617366 1.453471 2.559964 1.049177 2.552929 1.145345 2.824633 1.678848 2.601358 1.082874 3.490000 1.660000
1772410308587603002 2.617366 1.453471 2.559964 1.049177 2.552740 1.154073 2.824633 1.678848 2.601358 1.082874 3.490000 1.660000
1772410308607754315 2.617366 1.453471 2.559964 1.049177 2.552741 1.154073 2.824633 1.678848 2.601358 1.082874 3.490000 1.660000
1772410308627721374 2.617366 1.453471 2.559964 1.049177 2.552741 1.154073 2.824633 1.678848 2.601358 1.082874 3.490000 1.660000
1772410308647596726 2.617366 1.453471 2.559964 1.049177 2.552741 1.154073 2.824633 1.678848 2.601358 1.082874 3.490000 1.660000
1772410308667683094 2.617366 1.453471 2.559964 1.049177 2.552739 1.154073 2.824633 1.678848 2.601358 1.082874 3.490000 1.660000
1772410308667960362 2.617366 1.453471 2.559964 1.049177 2.552739 1.154073 2.820915 1.622536 2.601358 1.082874 3.490000 1.660000
1772410308668108171 2.617366 1.453471 2.559964 1.049177 2.552739 1.154073 2.820915 1.622536 2.596119 1.047591 3.490000 1.660000
1772410308686718120 2.617366 1.453471 2.559964 1.049177 2.552739 1.154073 2.820915 1.622536 2.596119 1.047591 3.490000 1.700000
1772410308687641305 2.617366 1.453471 2.559955 1.089177 2.552739 1.154073 2.820915 1.622536 2.596119 1.047591 3.490000 1.700000
1772410308687859454 2.617366 1.453471 2.559955 1.089177 2.552739 1.154073 2.820915 1.622536 2.596119 1.047591 3.490000 1.700000
1772410308706343183 2.620864 1.482625 2.559955 1.089177 2.552739 1.154073 2.820915 1.622536 2.596119 1.047591 3.490000 1.700000
1772410308707534186 2.620864 1.482625 2.559955 1.089177 2.552347 1.168982 2.820915 1.622536 2.596119 1.047591 3.490000 1.700000
1772410308727568032 2.620864 1.482625 2.559955 1.089177 2.552347 1.168982 2.820915 1.622536 2.596119 1.047591 3.490000 1.700000
1772410308747582205 2.620864 1.482625 2.559955 1.089177 2.552346 1.168982 2.820915 1.622536 2.596119 1.047591 3.490000 1.700000
1772410308767494754 2.620864 1.482625 2.559955 1.089177 2.552346 1.168982 2.820915 1.622536 2.596119 1.047591 3.490000 1.700000
1772410308786410412 2.620864 1.482625 2.559955 1.089177 2.552346 1.168982 2.820915 1.622536 2.596119 1.047591 3.510000 1.730000
1772410308786709540 2.620864 1.482625 2.579948 1.119181 2.552346 1.168982 2.820915 1.622536 2.596119 1.047591 3.510000 1.730000
1772410308787532649 2.620864 1.482625 2.579948 1.119181 2.552709 1.185753 2.820915 1.622536 2.596119 1.047591 3.510000 1.730000
1772410308792749477 2.620864 1.482625 2.579948 1.119181 2.552709 1.185753 2.823356 1.660664 2.596119 1.047591 3.510000 1.730000
1772410308806192927 2.627634 1.539052 2.579948 1.119181 2.552709 1.185753 2.823356 1.660664 2.596119 1.047591 3.510000 1.730000
1772410308807599485 2.627634 1.539052 2.579948 1.119181 2.552247 1.196907 2.823356 1.660664 2.596119 1.047591 3.510000 1.730000
1772410308827806887 2.627634 1.539052 2.579948 1.119181 2.552247 1.196907 2.823356 1.660664 2.596119 1.047591 3.510000 1.730000
1772410308847710141 2.627634 1.539052 2.579948 1.119181 2.552246 1.196907 2.823356 1.660664 2.596119 1.047591 3.510000 1.730000
1772410308867741210 2.627634 1.539052 2.579948 1.119181 2.552246 1.196907 2.823356 1.660664 2.596119 1.047591 3.510000 1.730000
1772410308868542092 2.627634 1.539052 2.579948 1.119181 2.552246 1.196907 2.823356 1.660664 2.598534 1.153733 3.510000 1.730000
1772410308886365845 2.627634 1.539052 2.579948 1.119181 2.552246 1.196907 2.823356 1.660664 2.598534 1.153733 3.510000 1.760000
1772410308886910250 2.627634 1.539052 2.579941 1.149181 2.552246 1.196907 2.823356 1.660664 2.598534 1.153733 3.510000 1.760000
1772410308887852562 2.627634 1.539052 2.579941 1.149181 2.551531 1.238750 2.823356 1.660664 2.598534 1.153733 3.510000 1.760000
1772410308892976674 2.627634 1.539052 2.579941 1.149181 2.551531 1.238750 2.828413 1.739447 2.598534 1.153733 3.510000 1.760000
1772410308907912496 2.627634 1.539052 2.579941 1.149181 2.551532 1.238751 2.828413 1.739447 2.598534 1.153733 3.510000 1.760000
1772410308926242721 2.627960 1.541769 2.579941 1.149181 2.551532 1.238751 2.828413 1.739447 2.598534 1.153733 3.510000 1.760000
1772410308927667691 2.627960 1.541769 2.579941 1.149181 2.551493 1.239655 2.828413 1.739447 2.598534 1.153733 3.510000 1.760000
1772410308947806941 2.627960 1.541769 2.579941 1.149181 2.551494 1.239655 2.828413 1.739447 2.598534 1.153733 3.510000 1.760000
1772410308967650392 2.627960 1.541769 2.579941 1.149181 2.551494 1.239655 2.828413 1.739447 2.598534 1.153733 3.510000 1.760000
1772410308986665084 2.627960 1.541769 2.579941 1.149181 2.551494 1.239655 2.828413 1.739447 2.598534 1.153733 3.510000 1.790000
1772410308986814408 2.627960 1.541769 2.579934 1.179181 2.551494 1.239655 2.828413 1.739447 2.598534 1.153733 3.510000 1.790000
1772410308987402527 2.627960 1.541769 2.579934 1.179181 2.552615 1.238479 2.828413 1.739447 2.598534 1.153733 3.510000 1.790000
1772410309007573911 2.627960 1.541769 2.579934 1.179181 2.552615 1.238479 2.828413 1.739447 2.598534 1.153733 3.510000 1.790000
1772410309025564322 2.634933 1.600238 2.579934 1.179181 2.552615 1.238479 2.828413 1.739447 2.598534 1.153733 3.510000 1.790000
1772410309027818187 2.634933 1.600238 2.579934 1.179181 2.551621 1.261496 2.828413 1.739447 2.598534 1.153733 3.510000 1.790000
1772410309047866715 2.634933 1.600238 2.579934 1.179181 2.551621 1.261496 2.828413 1.739447 2.598534 1.153733 3.510000 1.790000
1772410309067751477 2.634933 1.600238 2.579934 1.179181 2.551621 1.261496 2.828413 1.739447 2.598534 1.153733 3.510000 1.790000
1772410309068055196 2.634933 1.600238 2.579934 1.179181 2.551621 1.261496 2.830556 1.774946 2.598534 1.153733 3.510000 1.790000
1772410309068071736 2.634933 1.600238 2.579934 1.179181 2.551621 1.261496 2.830556 1.774946 2.599274 1.209603 3.510000 1.790000
1772410309086536630 2.634933 1.600238 2.579934 1.179181 2.551621 1.261496 2.830556 1.774946 2.599274 1.209603 3.500000 1.820000
1772410309087005509 2.634933 1.600238 2.569928 1.209179 2.551621 1.261496 2.830556 1.774946 2.599274 1.209603 3.500000 1.820000
1772410309087644186 2.634933 1.600238 2.569928 1.209179 2.550871 1.293599 2.830556 1.774946 2.599274 1.209603 3.500000 1.820000
1772410309107595242 2.634933 1.600238 2.569928 1.209179 2.550871 1.293599 2.830556 1.774946 2.599274 1.209603 3.500000 1.820000
1772410309127592677 2.634933 1.600238 2.569928 1.209179 2.550871 1.293599 2.830556 1.774946 2.599274 1.209603 3.500000 1.820000
1772410309147711765 2.634933 1.600238 2.569928 1.209179 2.550870 1.293599 2.830556 1.774946 2.599274 1.209603 3.500000 1.820000
1772410309167665890 2.634933 1.600238 2.569928 1.209179 2.550870 1.293599 2.830556 1.774946 2.599274 1.209603 3.500000 1.820000
1772410309187063563 2.634933 1.600238 2.569928 1.209179 2.550870 1.293599 2.830556 1.774946 2.599274 1.209603 3.500000 1.850000
1772410309187610865 2.634933 1.600238 2.569921 1.239179 2.550870 1.293599 2.830556 1.774946 2.599274 1.209603 3.500000 1.850000
1772410309187668587 2.634933 1.600238 2.569921 1.239179 2.550871 1.293599 2.830556 1.774946 2.599274 1.209603 3.500000 1.850000
1772410309193020566 2.634933 1.600238 2.569921 1.239179 2.550871 1.293599 2.832861 1.812420 2.599274 1.209603 3.500000 1.850000
1772410309207847155 2.634933 1.600238 2.569921 1.239179 2.549137 1.347676 2.832861 1.812420 2.599274 1.209603 3.500000 1.850000
1772410309218304894 2.634933 1.600238 2.569921 1.239179 2.549137 1.347676 2.832861 1.812420 2.597989 1.258934 3.500000 1.850000
1772410309227864047 2.634933 1.600238 2.569921 1.239179 2.549137 1.347676 2.832861 1.812420 2.597989 1.258934 3.500000 1.850000
1772410309246429733 2.641595 1.656466 2.569921 1.239179 2.549137 1.347676 2.832861 1.812420 2.597989 1.258934 3.500000 1.850000
1772410309247610469 2.641595 1.656466 2.569921 1.239179 2.548460 1.362996 2.832861 1.812420 2.597989 1.258934 3.500000 1.850000
1772410309267686738 2.641595 1.656466 2.569921 1.239179 2.548460 1.362996 2.832861 1.812420 2.597989 1.258934 3.500000 1.850000
1772410309286329528 2.641595 1.656466 2.569921 1.239179 2.548460 1.362996 2.832861 1.812420 2.597989 1.258934 3.490000 1.890000
1772410309286812672 2.641595 1.656466 2.559912 1.279177 2.548460 1.362996 2.832861 1.812420 2.597989 1.258934 3.490000 1.890000
1772410309287621509 2.641595 1.656466 2.559912 1.279177 2.548456 1.362996 2.832861 1.812420 2.597989 1.258934 3.490000 1.890000
1772410309293264823 2.641595 1.656466 2.559912 1.279177 2.548456 1.362996 2.834051 1.832156 2.597989 1.258934 3.490000 1.890000
1772410309307857652 2.641595 1.656466 2.559912 1.279177 2.548481 1.369474 2.834051 1.832156 2.597989 1.258934 3.490000 1.890000
1772410309318231883 2.641595 1.656466 2.559912 1.279177 2.548481 1.369474 2.834051 1.832156 2.596226 1.277704 3.490000 1.890000
1772410309327795728 2.641595 1.656466 2.559912 1.279177 2.548481 1.369474 2.834051 1.832156 2.596226 1.277704 3.490000 1.890000
1772410309347736784 2.641595 1.656466 2.559912 1.279177 2.548481 1.369474 2.834051 1.832156 2.596226 1.277704 3.490000 1.890000
1772410309366128166 2.641886 1.658922 2.559912 1.279177 2.548481 1.369474 2.834051 1.832156 2.596226 1.277704 3.490000 1.890000
1772410309367662237 2.641886 1.658922 2.559912 1.279177 2.548407 1.371116 2.834051 1.832156 2.596226 1.277704 3.490000 1.890000
1772410309386244084 2.641886 1.658922 2.559912 1.279177 2.548407 1.371116 2.834051 1.832156 2.596226 1.277704 3.500000 1.920000
1772410309386466041 2.641886 1.658922 2.569905 1.309179 2.548407 1.371116 2.834051 1.832156 2.596226 1.277704 3.500000 1.920000
1772410309387536058 2.641886 1.658922 2.569905 1.309179 2.549277 1.368957 2.834051 1.832156 2.596226 1.277704 3.500000 1.920000
1772410309407704183 2.641886 1.658922 2.569905 1.309179 2.549277 1.368957 2.834051 1.832156 2.596226 1.277704 3.500000 1.920000
1772410309418269927 2.641886 1.658922 2.569905 1.309179 2.549277 1.368957 2.833130 1.818298 2.596226 1.277704 3.500000 1.920000
1772410309427806345 2.641886 1.658922 2.569905 1.309179 2.549277 1.368957 2.833130 1.818298 2.596226 1.277704 3.500000 1.920000
1772410309447770671 2.641886 1.658922 2.569905 1.309179 2.549277 1.368957 2.833130 1.818298 2.596226 1.277704 3.500000 1.920000
1772410309466880961 2.645315 1.687925 2.569905 1.309179 2.549277 1.368957 2.833130 1.818298 2.596226 1.277704 3.500000 1.920000
1772410309467577312 2.645315 1.687925 2.569905 1.309179 2.548226 1.392236 2.833130 1.818298 2.596226 1.277704 3.500000 1.920000
1772410309486973154 2.645315 1.687925 2.569905 1.309179 2.548226 1.392236 2.833130 1.818298 2.596226 1.277704 3.500000 1.940000
1772410309487474049 2.645315 1.687925 2.569901 1.329179 2.548226 1.392236 2.833130 1.818298 2.596226 1.277704 3.500000 1.940000
1772410309487632338 2.645315 1.687925 2.569901 1.329179 2.548223 1.392236 2.833130 1.818298 2.596226 1.277704 3.500000 1.940000
1772410309507743889 2.645315 1.687925 2.569901 1.329179 2.548863 1.395311 2.833130 1.818298 2.596226 1.277704 3.500000 1.940000
1772410309527852883 2.645315 1.687925 2.569901 1.329179 2.548861 1.395311 2.833130 1.818298 2.596226 1.277704 3.500000 1.940000
1772410309543664664 2.645315 1.687925 2.569901 1.329179 2.548861 1.395311 2.833130 1.818298 2.594169 1.309159 3.500000 1.940000
1772410309543691885 2.645315 1.687925 2.569901 1.329179 2.548861 1.395311 2.836580 1.873624 2.594169 1.309159 3.500000 1.940000
1772410309547748629 2.645315 1.687925 2.569901 1.329179 2.548861 1.395311 2.836580 1.873624 2.594169 1.309159 3.500000 1.940000
1772410309567719044 2.645315 1.687925 2.569901 1.329179 2.548860 1.395311 2.836580 1.873624 2.594169 1.309159 3.500000 1.940000
1772410309586566773 2.652296 1.746711 2.569901 1.329179 2.548860 1.395311 2.836580 1.873624 2.594169 1.309159 3.500000 1.940000
1772410309586620900 2.652296 1.746711 2.569901 1.329179 2.548860 1.395311 2.836580 1.873624 2.594169 1.309159 3.520000 2.000000
1772410309587046965 2.652296 1.746711 2.589887 1.389183 2.548860 1.395311 2.836580 1.873624 2.594169 1.309159 3.520000 2.000000
1772410309587990281 2.652296 1.746711 2.589887 1.389183 2.548365 1.442160 2.836580 1.873624 2.594169 1.309159 3.520000 2.000000
1772410309607758942 2.652296 1.746711 2.589887 1.389183 2.548365 1.442160 2.836580 1.873624 2.594169 1.309159 3.520000 2.000000
1772410309627785683 2.652296 1.746711 2.589887 1.389183 2.548366 1.442160 2.836580 1.873624 2.594169 1.309159 3.520000 2.000000
1772410309647835165 2.652296 1.746711 2.589887 1.389183 2.548366 1.442160 2.836580 1.873624 2.594169 1.309159 3.520000 2.000000
1772410309667736665 2.652296 1.746711 2.589887 1.389183 2.548365 1.442160 2.836580 1.873624 2.594169 1.309159 3.520000 2.000000
1772410309668501205 2.652296 1.746711 2.589887 1.389183 2.548365 1.442160 2.841251 1.949076 2.594169 1.309159 3.520000 2.000000
1772410309668521136 2.652296 1.746711 2.589887 1.389183 2.548365 1.442160 2.841251 1.949076 2.598941 1.401053 3.520000 2.000000
1772410309686820736 2.652296 1.746711 2.589887 1.389183 2.548365 1.442160 2.841251 1.949076 2.598941 1.401053 3.520000 2.020000
1772410309687043385 2.652296 1.746711 2.589883 1.409183 2.548365 1.442160 2.841251 1.949076 2.598941 1.401053 3.520000 2.020000
1772410309687447150 2.652296 1.746711 2.589883 1.409183 2.548365 1.442160 2.841251 1.949076 2.598941 1.401053 3.520000 2.020000
1772410309707508261 2.652296 1.746711 2.589883 1.409183 2.547802 1.488152 2.841251 1.949076 2.598941 1.401053 3.520000 2.020000
1772410309727499898 2.652296 1.746711 2.589883 1.409183 2.547808 1.488152 2.841251 1.949076 2.598941 1.401053 3.520000 2.020000
1772410309747750172 2.652296 1.746711 2.589883 1.409183 2.547808 1.488152 2.841251 1.949076 2.598941 1.401053 3.520000 2.020000
1772410309767651172 2.652296 1.746711 2.589883 1.409183 2.547812 1.488152 2.841251 1.949076 2.598941 1.401053 3.520000 2.020000
1772410309787888378 2.652296 1.746711 2.589883 1.409183 2.547812 1.488152 2.841251 1.949076 2.598941 1.401053 3.520000 2.020000
1772410309788303282 2.652296 1.746711 2.589883 1.409183 2.547812 1.488152 2.841251 1.949076 2.598941 1.401053 3.510000 2.080000
1772410309789159124 2.652296 1.746711 2.579869 1.469181 2.547812 1.488152 2.841251 1.949076 2.598941 1.401053 3.510000 2.080000
1772410309793038927 2.652296 1.746711 2.579869 1.469181 2.547812 1.488152 2.845252 2.013895 2.598941 1.401053 3.510000 2.080000
1772410309807143906 2.655791 1.776077 2.579869 1.469181 2.547812 1.488152 2.845252 2.013895 2.598941 1.401053 3.510000 2.080000
1772410309807502502 2.655791 1.776077 2.579869 1.469181 2.546739 1.537384 2.845252 2.013895 2.598941 1.401053 3.510000 2.080000
1772410309827825209 2.655791 1.776077 2.579869 1.469181 2.546739 1.537384 2.845252 2.013895 2.598941 1.401053 3.510000 2.080000
1772410309847860878 2.655791 1.776077 2.579869 1.469181 2.546739 1.537384 2.845252 2.013895 2.598941 1.401053 3.510000 2.080000
1772410309868045804 2.655791 1.776077 2.579869 1.469181 2.546737 1.537384 2.845252 2.013895 2.598941 1.401053 3.510000 2.080000
1772410309868075443 2.655791 1.776077 2.579869 1.469181 2.546737 1.537384 2.845252 2.013895 2.596979 1.406621 3.510000 2.080000
1772410309886426737 2.655791 1.776077 2.579869 1.469181 2.546737 1.537384 2.845252 2.013895 2.596979 1.406621 3.510000 2.150000
1772410309886674876 2.655791 1.776077 2.579853 1.539181 2.546737 1.537384 2.845252 2.013895 2.596979 1.406621 3.510000 2.150000
1772410309887508406 2.655791 1.776077 2.579853 1.539181 2.547585 1.547805 2.845252 2.013895 2.596979 1.406621 3.510000 2.150000
1772410309892969318 2.655791 1.776077 2.579853 1.539181 2.547585 1.547805 2.842922 1.977247 2.596979 1.406621 3.510000 2.150000
1772410309905719187 2.662804 1.835019 2.579853 1.539181 2.547585 1.547805 2.842922 1.977247 2.596979 1.406621 3.510000 2.150000
1772410309907407489 2.662804 1.835019 2.579853 1.539181 2.547032 1.559362 2.842922 1.977247 2.596979 1.406621 3.510000 2.150000
1772410309927662877 2.662804 1.835019 2.579853 1.539181 2.547032 1.559362 2.842922 1.977247 2.596979 1.406621 3.510000 2.150000
1772410309947814930 2.662804 1.835019 2.579853 1.539181 2.547032 1.559362 2.842922 1.977247 2.596979 1.406621 3.510000 2.150000
1772410309967688499 2.662804 1.835019 2.579853 1.539181 2.547032 1.559362 2.842922 1.977247 2.596979 1.406621 3.510000 2.150000
1772410309968163555 2.662804 1.835019 2.579853 1.539181 2.547032 1.559362 2.842922 1.977247 2.601150 1.508437 3.510000 2.150000
1772410309986688804 2.662804 1.835019 2.579853 1.539181 2.547032 1.559362 2.842922 1.977247 2.601150 1.508437 3.510000 2.150000
1772410309987821733 2.662804 1.835019 2.579853 1.539181 2.547032 1.559362 2.842922 1.977247 2.601150 1.508437 3.510000 2.150000
1772410309987889944 2.662804 1.835019 2.579853 1.539181 2.547032 1.559362 2.842922 1.977247 2.601150 1.508437 3.510000 2.150000
1772410310007537742 2.662804 1.835019 2.579853 1.539181 2.546173 1.604421 2.842922 1.977247 2.601150 1.508437 3.510000 2.150000
1772410310018204260 2.662804 1.835019 2.579853 1.539181 2.546173 1.604421 2.849504 2.082279 2.601150 1.508437 3.510000 2.150000
1772410310027742436 2.662804 1.835019 2.579853 1.539181 2.546173 1.604421 2.849504 2.082279 2.601150 1.508437 3.510000 2.150000
1772410310047572028 2.662804 1.835019 2.579853 1.539181 2.546173 1.604421 2.849504 2.082279 2.601150 1.508437 3.510000 2.150000
1772410310067843075 2.662804 1.835019 2.579853 1.539181 2.546172 1.604421 2.849504 2.082279 2.601150 1.508437 3.510000 2.150000
1772410310068382996 2.662804 1.835019 2.579853 1.539181 2.546172 1.604421 2.849504 2.082279 2.603396 1.575864 3.510000 2.150000
1772410310086542825 2.662804 1.835019 2.579853 1.539181 2.546172 1.604421 2.849504 2.082279 2.603396 1.575864 3.520000 2.160000
1772410310087221901 2.662804 1.835019 2.589851 1.549183 2.546172 1.604421 2.849504 2.082279 2.603396 1.575864 3.520000 2.160000
1772410310087561512 2.662804 1.835019 2.589851 1.549183 2.546172 1.604421 2.849504 2.082279 2.603396 1.575864 3.520000 2.160000
1772410310107813611 2.662804 1.835019 2.589851 1.549183 2.545197 1.659194 2.849504 2.082279 2.603396 1.575864 3.520000 2.160000
1772410310125802484 2.669756 1.893438 2.589851 1.549183 2.545197 1.659194 2.849504 2.082279 2.603396 1.575864 3.520000 2.160000
1772410310127578508 2.669756 1.893438 2.589851 1.549183 2.544689 1.669730 2.849504 2.082279 2.603396 1.575864 3.520000 2.160000
1772410310147733212 2.669756 1.893438 2.589851 1.549183 2.544690 1.669731 2.849504 2.082279 2.603396 1.575864 3.520000 2.160000
1772410310167726685 2.669756 1.893438 2.589851 1.549183 2.544690 1.669731 2.849504 2.082279 2.603396 1.575864 3.520000 2.160000
1772410310186560233 2.669756 1.893438 2.589851 1.549183 2.544690 1.669731 2.849504 2.082279 2.603396 1.575864 3.520000 2.180000
1772410310187010200 2.669756 1.893438 2.589847 1.569183 2.544690 1.669731 2.849504 2.082279 2.603396 1.575864 3.520000 2.180000
1772410310187610760 2.669756 1.893438 2.589847 1.569183 2.545772 1.681187 2.849504 2.082279 2.603396 1.575864 3.520000 2.180000
1772410310192781867 2.669756 1.893438 2.589847 1.569183 2.545772 1.681187 2.850956 2.106486 2.603396 1.575864 3.520000 2.180000
1772410310207664075 2.669756 1.893438 2.589847 1.569183 2.545771 1.681187 2.850956 2.106486 2.603396 1.575864 3.520000 2.180000
1772410310218203024 2.669756 1.893438 2.589847 1.569183 2.545771 1.681187 2.850956 2.106486 2.601608 1.575359 3.520000 2.180000
1772410310227777882 2.669756 1.893438 2.589847 1.569183 2.545771 1.681187 2.850956 2.106486 2.601608 1.575359 3.520000 2.180000
1772410310247748421 2.669756 1.893438 2.589847 1.569183 2.545768 1.681187 2.850956 2.106486 2.601608 1.575359 3.520000 2.180000
1772410310267772778 2.669756 1.893438 2.589847 1.569183 2.545768 1.681187 2.850956 2.106486 2.601608 1.575359 3.520000 2.180000
1772410310287636262 2.669756 1.893438 2.589847 1.569183 2.545768 1.681187 2.850956 2.106486 2.601608 1.575359 3.520000 2.180000
1772410310287698401 2.669756 1.893438 2.589847 1.569183 2.545768 1.681187 2.850956 2.106486 2.601608 1.575359 3.520000 2.200000
1772410310288159414 2.669756 1.893438 2.589842 1.589183 2.545768 1.681187 2.850956 2.106486 2.601608 1.575359 3.520000 2.200000
1772410310293075547 2.669756 1.893438 2.589842 1.589183 2.545768 1.681187 2.852557 2.132304 2.601608 1.575359 3.520000 2.200000
1772410310307706305 2.669756 1.893438 2.589842 1.589183 2.546259 1.703144 2.852557 2.132304 2.601608 1.575359 3.520000 2.200000
1772410310318174155 2.669756 1.893438 2.589842 1.589183 2.546259 1.703144 2.852557 2.132304 2.602110 1.599397 3.520000 2.200000
1772410310327837212 2.669756 1.893438 2.589842 1.589183 2.546259 1.703144 2.852557 2.132304 2.602110 1.599397 3.520000 2.200000
1772410310346455335 2.673239 1.922646 2.589842 1.589183 2.546259 1.703144 2.852557 2.132304 2.602110 1.599397 3.520000 2.200000
1772410310347581186 2.673239 1.922646 2.589842 1.589183 2.545858 1.711097 2.852557 2.132304 2.602110 1.599397 3.520000 2.200000
1772410310367685972 2.673239 1.922646 2.589842 1.589183 2.545858 1.711097 2.852557 2.132304 2.602110 1.599397 3.520000 2.200000
1772410310386506764 2.673239 1.922646 2.589842 1.589183 2.545858 1.711097 2.852557 2.132304 2.602110 1.599397 3.510000 2.220000
1772410310386904547 2.673239 1.922646 2.579838 1.609181 2.545858 1.711097 2.852557 2.132304 2.602110 1.599397 3.510000 2.220000
1772410310387772825 2.673239 1.922646 2.579838 1.609181 2.546955 1.712218 2.852557 2.132304 2.602110 1.599397 3.510000 2.220000
1772410310407746103 2.673239 1.922646 2.579838 1.609181 2.546955 1.712218 2.852557 2.132304 2.602110 1.599397 3.510000 2.220000
1772410310418110085 2.673239 1.922646 2.579838 1.609181 2.546955 1.712218 2.852552 2.132411 2.602110 1.599397 3.510000 2.220000
1772410310427790444 2.673239 1.922646 2.579838 1.609181 2.546955 1.712218 2.852552 2.132411 2.602110 1.599397 3.510000 2.220000
1772410310447606375 2.673239 1.922646 2.579838 1.609181 2.546953 1.712217 2.852552 2.132411 2.602110 1.599397 3.510000 2.220000
1772410310466245677 2.676722 1.951855 2.579838 1.609181 2.546953 1.712217 2.852552 2.132411 2.602110 1.599397 3.510000 2.220000
1772410310467563220 2.676722 1.951855 2.579838 1.609181 2.545924 1.731647 2.852552 2.132411 2.602110 1.599397 3.510000 2.220000
1772410310486273225 2.676722 1.951855 2.579838 1.609181 2.545924 1.731647 2.852552 2.132411 2.602110 1.599397 3.510000 2.250000
1772410310486874972 2.676722 1.951855 2.579831 1.639181 2.545924 1.731647 2.852552 2.132411 2.602110 1.599397 3.510000 2.250000
1772410310487872236 2.676722 1.951855 2.579831 1.639181 2.547047 1.732707 2.852552 2.132411 2.602110 1.599397 3.510000 2.250000
1772410310507774158 2.676722 1.951855 2.579831 1.639181 2.547047 1.732707 2.852552 2.132411 2.602110 1.599397 3.510000 2.250000
1772410310518301532 2.676722 1.951855 2.579831 1.639181 2.547047 1.732707 2.852552 2.132411 2.600880 1.632831 3.510000 2.250000
1772410310518337606 2.676722 1.951855 2.579831 1.639181 2.547047 1.732707 2.854578 2.164730 2.600880 1.632831 3.510000 2.250000
1772410310527677633 2.676722 1.951855 2.579831 1.639181 2.547047 1.732707 2.854578 2.164730 2.600880 1.632831 3.510000 2.250000
1772410310547787891 2.676722 1.951855 2.579831 1.639181 2.547048 1.732707 2.854578 2.164730 2.600880 1.632831 3.510000 2.250000
1772410310566186664 2.680228 1.981379 2.579831 1.639181 2.547048 1.732707 2.854578 2.164730 2.600880 1.632831 3.510000 2.250000
1772410310567585200 2.680228 1.981379 2.579831 1.639181 2.545801 1.756335 2.854578 2.164730 2.600880 1.632831 3.510000 2.250000
1772410310586312333 2.680228 1.981379 2.579831 1.639181 2.545801 1.756335 2.854578 2.164730 2.600880 1.632831 3.510000 2.330000
1772410310587038948 2.680228 1.981379 2.579813 1.719181 2.545801 1.756335 2.854578 2.164730 2.600880 1.632831 3.510000 2.330000
1772410310588052796 2.680228 1.981379 2.579813 1.719181 2.546878 1.760592 2.854578 2.164730 2.600880 1.632831 3.510000 2.330000
1772410310607800996 2.680228 1.981379 2.579813 1.719181 2.546878 1.760592 2.854578 2.164730 2.600880 1.632831 3.510000 2.330000
1772410310618282678 2.680228 1.981379 2.579813 1.719181 2.546878 1.760592 2.856639 2.197887 2.600880 1.632831 3.510000 2.330000
1772410310618314987 2.680228 1.981379 2.579813 1.719181 2.546878 1.760592 2.856639 2.197887 2.601523 1.676304 3.510000 2.330000
1772410310627534473 2.680228 1.981379 2.579813 1.719181 2.546876 1.760592 2.856639 2.197887 2.601523 1.676304 3.510000 2.330000
1772410310647805705 2.680228 1.981379 2.579813 1.719181 2.546876 1.760592 2.856639 2.197887 2.601523 1.676304 3.510000 2.330000
1772410310667672498 2.680228 1.981379 2.579813 1.719181 2.546876 1.760592 2.856639 2.197887 2.601523 1.676304 3.510000 2.330000
1772410310686294543 2.680228 1.981379 2.579813 1.719181 2.546876 1.760592 2.856639 2.197887 2.601523 1.676304 3.510000 2.390000
1772410310686359700 2.683682 2.010591 2.579813 1.719181 2.546876 1.760592 2.856639 2.197887 2.601523 1.676304 3.510000 2.390000
1772410310686892621 2.683682 2.010591 2.579799 1.779181 2.546876 1.760592 2.856639 2.197887 2.601523 1.676304 3.510000 2.390000
1772410310687596105 2.683682 2.010591 2.579799 1.779181 2.546954 1.784806 2.856639 2.197887 2.601523 1.676304 3.510000 2.390000
1772410310707728614 2.683682 2.010591 2.579799 1.779181 2.546954 1.784806 2.856639 2.197887 2.601523 1.676304 3.510000 2.390000
1772410310718319112 2.683682 2.010591 2.579799 1.779181 2.546954 1.784806 2.857927 2.218920 2.601523 1.676304 3.510000 2.390000
1772410310718346298 2.683682 2.010591 2.579799 1.779181 2.546954 1.784806 2.857927 2.218920 2.601171 1.704924 3.510000 2.390000
1772410310727553688 2.683682 2.010591 2.579799 1.779181 2.546956 1.784806 2.857927 2.218920 2.601171 1.704924 3.510000 2.390000
1772410310747649237 2.683682 2.010591 2.579799 1.779181 2.546956 1.784806 2.857927 2.218920 2.601171 1.704924 3.510000 2.390000
1772410310767563037 2.683682 2.010591 2.579799 1.779181 2.546956 1.784806 2.857927 2.218920 2.601171 1.704924 3.510000 2.390000
1772410310785883618 2.683682 2.010591 2.579799 1.779181 2.546956 1.784806 2.857927 2.218920 2.601171 1.704924 3.510000 2.450000
1772410310785980835 2.687135 2.039856 2.579799 1.779181 2.546956 1.784806 2.857927 2.218920 2.601171 1.704924 3.510000 2.450000
1772410310786610653 2.687135 2.039856 2.579786 1.839181 2.546956 1.784806 2.857927 2.218920 2.601171 1.704924 3.510000 2.450000
1772410310787761710 2.687135 2.039856 2.579786 1.839181 2.546767 1.815320 2.857927 2.218920 2.601171 1.704924 3.510000 2.450000
1772410310807734600 2.687135 2.039856 2.579786 1.839181 2.546767 1.815320 2.857927 2.218920 2.601171 1.704924 3.510000 2.450000
1772410310827721877 2.687135 2.039856 2.579786 1.839181 2.546766 1.815320 2.857927 2.218920 2.601171 1.704924 3.510000 2.450000
1772410310843341356 2.687135 2.039856 2.579786 1.839181 2.546766 1.815320 2.860380 2.258961 2.601171 1.704924 3.510000 2.450000
1772410310843378507 2.687135 2.039856 2.579786 1.839181 2.546766 1.815320 2.860380 2.258961 2.601843 1.753560 3.510000 2.450000
1772410310847812274 2.687135 2.039856 2.579786 1.839181 2.546766 1.815320 2.860380 2.258961 2.601843 1.753560 3.510000 2.450000
1772410310867606997 2.687135 2.039856 2.579786 1.839181 2.546765 1.815320 2.860380 2.258961 2.601843 1.753560 3.510000 2.450000
1772410310886725232 2.687135 2.039856 2.579786 1.839181 2.546765 1.815320 2.860380 2.258961 2.601843 1.753560 3.530000 2.550000
1772410310887416183 2.687135 2.039856 2.599763 1.939186 2.546765 1.815320 2.860380 2.258961 2.601843 1.753560 3.530000 2.550000
1772410310887904590 2.687135 2.039856 2.599763 1.939186 2.546765 1.815320 2.860380 2.258961 2.601843 1.753560 3.530000 2.550000
1772410310906378465 2.690599 2.069332 2.599763 1.939186 2.546765 1.815320 2.860380 2.258961 2.601843 1.753560 3.530000 2.550000
1772410310907573260 2.690599 2.069332 2.599763 1.939186 2.547072 1.853427 2.860380 2.258961 2.601843 1.753560 3.530000 2.550000
1772410310927785297 2.690599 2.069332 2.599763 1.939186 2.547075 1.853427 2.860380 2.258961 2.601843 1.753560 3.530000 2.550000
1772410310948047943 2.690599 2.069332 2.599763 1.939186 2.547075 1.853427 2.860380 2.258961 2.601843 1.753560 3.530000 2.550000
1772410310967586055 2.690599 2.069332 2.599763 1.939186 2.547075 1.853427 2.860380 2.258961 2.601843 1.753560 3.530000 2.550000
1772410310968224754 2.690599 2.069332 2.599763 1.939186 2.547075 1.853427 2.860380 2.258961 2.603241 1.794701 3.530000 2.550000
1772410310968243448 2.690599 2.069332 2.599763 1.939186 2.547075 1.853427 2.862068 2.286679 2.603241 1.794701 3.530000 2.550000
1772410310986891955 2.690599 2.069332 2.599763 1.939186 2.547075 1.853427 2.862068 2.286679 2.603241 1.794701 3.520000 2.580000
1772410310987831530 2.690599 2.069332 2.589757 1.969183 2.547075 1.853427 2.862068 2.286679 2.603241 1.794701 3.520000 2.580000
1772410310987877675 2.690599 2.069332 2.589757 1.969183 2.547075 1.853427 2.862068 2.286679 2.603241 1.794701 3.520000 2.580000
1772410311006329820 2.694024 2.098600 2.589757 1.969183 2.547075 1.853427 2.862068 2.286679 2.603241 1.794701 3.520000 2.580000
1772410311007629856 2.694024 2.098600 2.589757 1.969183 2.547427 1.882963 2.862068 2.286679 2.603241 1.794701 3.520000 2.580000
1772410311027610829 2.694024 2.098600 2.589757 1.969183 2.547424 1.882962 2.862068 2.286679 2.603241 1.794701 3.520000 2.580000
1772410311047657643 2.694024 2.098600 2.589757 1.969183 2.547424 1.882962 2.862068 2.286679 2.603241 1.794701 3.520000 2.580000
1772410311067745023 2.694024 2.098600 2.589757 1.969183 2.547421 1.882962 2.862068 2.286679 2.603241 1.794701 3.520000 2.580000
1772410311068386811 2.694024 2.098600 2.589757 1.969183 2.547421 1.882962 2.864033 2.319244 2.603241 1.794701 3.520000 2.580000
1772410311068405452 2.694024 2.098600 2.589757 1.969183 2.547421 1.882962 2.864033 2.319244 2.603987 1.839042 3.520000 2.580000
1772410311087911682 2.694024 2.098600 2.589757 1.969183 2.547421 1.882962 2.864033 2.319244 2.603987 1.839042 3.520000 2.580000
1772410311107918959 2.694024 2.098600 2.589757 1.969183 2.547420 1.882962 2.864033 2.319244 2.603987 1.839042 3.520000 2.580000
1772410311126184379 2.697473 2.128078 2.589757 1.969183 2.547420 1.882962 2.864033 2.319244 2.603987 1.839042 3.520000 2.580000
1772410311127597013 2.697473 2.128078 2.589757 1.969183 2.545705 1.912592 2.864033 2.319244 2.603987 1.839042 3.520000 2.580000
1772410311147739203 2.697473 2.128078 2.589757 1.969183 2.545705 1.912592 2.864033 2.319244 2.603987 1.839042 3.520000 2.580000
1772410311167599515 2.697473 2.128078 2.589757 1.969183 2.545708 1.912592 2.864033 2.319244 2.603987 1.839042 3.520000 2.580000
1772410311186644561 2.697473 2.128078 2.589757 1.969183 2.545708 1.912592 2.864033 2.319244 2.603987 1.839042 3.510000 2.670000
1772410311186980244 2.697473 2.128078 2.579736 2.059181 2.545708 1.912592 2.864033 2.319244 2.603987 1.839042 3.510000 2.670000
1772410311187561389 2.697473 2.128078 2.579736 2.059181 2.546296 1.933037 2.864033 2.319244 2.603987 1.839042 3.510000 2.670000
1772410311192871087 2.697473 2.128078 2.579736 2.059181 2.546296 1.933037 2.865689 2.346927 2.603987 1.839042 3.510000 2.670000
1772410311207704988 2.697473 2.128078 2.579736 2.059181 2.546294 1.933037 2.865689 2.346927 2.603987 1.839042 3.510000 2.670000
1772410311218197432 2.697473 2.128078 2.579736 2.059181 2.546294 1.933037 2.865689 2.346927 2.604044 1.888746 3.510000 2.670000
1772410311225971321 2.700884 2.157295 2.579736 2.059181 2.546294 1.933037 2.865689 2.346927 2.604044 1.888746 3.510000 2.670000
1772410311227552278 2.700884 2.157295 2.579736 2.059181 2.545605 1.944625 2.865689 2.346927 2.604044 1.888746 3.510000 2.670000
1772410311247671567 2.700884 2.157295 2.579736 2.059181 2.545605 1.944625 2.865689 2.346927 2.604044 1.888746 3.510000 2.670000
1772410311267605346 2.700884 2.157295 2.579736 2.059181 2.545608 1.944625 2.865689 2.346927 2.604044 1.888746 3.510000 2.670000
1772410311286670029 2.700884 2.157295 2.579736 2.059181 2.545608 1.944625 2.865689 2.346927 2.604044 1.888746 3.510000 2.760000
1772410311287580800 2.700884 2.157295 2.579716 2.149181 2.545608 1.944625 2.865689 2.346927 2.604044 1.888746 3.510000 2.760000
1772410311287710953 2.700884 2.157295 2.579716 2.149181 2.545608 1.944625 2.865689 2.346927 2.604044 1.888746 3.510000 2.760000
1772410311293042429 2.700884 2.157295 2.579716 2.149181 2.545608 1.944625 2.867646 2.379393 2.604044 1.888746 3.510000 2.760000
1772410311307702341 2.700884 2.157295 2.579716 2.149181 2.546034 1.970262 2.867646 2.379393 2.604044 1.888746 3.510000 2.760000
1772410311318299857 2.700884 2.157295 2.579716 2.149181 2.546034 1.970262 2.867646 2.379393 2.603921 1.939596 3.510000 2.760000
1772410311327761633 2.700884 2.157295 2.579716 2.149181 2.546034 1.970262 2.867646 2.379393 2.603921 1.939596 3.510000 2.760000
1772410311346325318 2.704318 2.186827 2.579716 2.149181 2.546034 1.970262 2.867646 2.379393 2.603921 1.939596 3.510000 2.760000
1772410311347730586 2.704318 2.186827 2.579716 2.149181 2.545173 1.984968 2.867646 2.379393 2.603921 1.939596 3.510000 2.760000
1772410311367665326 2.704318 2.186827 2.579716 2.149181 2.545173 1.984968 2.867646 2.379393 2.603921 1.939596 3.510000 2.760000
1772410311386440822 2.704318 2.186827 2.579716 2.149181 2.545173 1.984968 2.867646 2.379393 2.603921 1.939596 3.370000 2.830000
1772410311387096426 2.704318 2.186827 2.439700 2.219150 2.545173 1.984968 2.867646 2.379393 2.603921 1.939596 3.370000 2.830000
1772410311387734455 2.704318 2.186827 2.439700 2.219150 2.545173 1.984968 2.867646 2.379393 2.603921 1.939596 3.370000 2.830000
1772410311393133254 2.704318 2.186827 2.439700 2.219150 2.545173 1.984968 2.868938 2.401203 2.603921 1.939596 3.370000 2.830000
1772410311407793896 2.704318 2.186827 2.439700 2.219150 2.540161 2.004415 2.868938 2.401203 2.603921 1.939596 3.370000 2.830000
1772410311418189658 2.704318 2.186827 2.439700 2.219150 2.540161 2.004415 2.868938 2.401203 2.592803 1.982060 3.370000 2.830000
1772410311427563559 2.704318 2.186827 2.439700 2.219150 2.540161 2.004415 2.868938 2.401203 2.592803 1.982060 3.370000 2.830000
1772410311446019106 2.707701 2.216047 2.439700 2.219150 2.540161 2.004415 2.868938 2.401203 2.592803 1.982060 3.370000 2.830000
1772410311447511788 2.707701 2.216047 2.439700 2.219150 2.539110 2.021937 2.868938 2.401203 2.592803 1.982060 3.370000 2.830000
1772410311467603279 2.707701 2.216047 2.439700 2.219150 2.539110 2.021937 2.868938 2.401203 2.592803 1.982060 3.370000 2.830000
1772410311486154683 2.707701 2.216047 2.439700 2.219150 2.539110 2.021937 2.868938 2.401203 2.592803 1.982060 3.410000 2.900000
1772410311486394142 2.707701 2.216047 2.479684 2.289159 2.539110 2.021937 2.868938 2.401203 2.592803 1.982060 3.410000 2.900000
1772410311487408138 2.707701 2.216047 2.479684 2.289159 2.535909 2.044591 2.868938 2.401203 2.592803 1.982060 3.410000 2.900000
1772410311507465221 2.707701 2.216047 2.479684 2.289159 2.535911 2.044591 2.868938 2.401203 2.592803 1.982060 3.410000 2.900000
1772410311518007085 2.707701 2.216047 2.479684 2.289159 2.535911 2.044591 2.871290 2.440814 2.592803 1.982060 3.410000 2.900000
1772410311527641700 2.707701 2.216047 2.479684 2.289159 2.535911 2.044591 2.871290 2.440814 2.592803 1.982060 3.410000 2.900000
1772410311547604209 2.707701 2.216047 2.479684 2.289159 2.535910 2.044591 2.871290 2.440814 2.592803 1.982060 3.410000 2.900000
1772410311566400991 2.711069 2.245269 2.479684 2.289159 2.535910 2.044591 2.871290 2.440814 2.592803 1.982060 3.410000 2.900000
1772410311567533723 2.711069 2.245269 2.479684 2.289159 2.534719 2.064060 2.871290 2.440814 2.592803 1.982060 3.410000 2.900000
1772410311586321202 2.711069 2.245269 2.479684 2.289159 2.534719 2.064060 2.871290 2.440814 2.592803 1.982060 3.430000 2.950000
1772410311586790020 2.711069 2.245269 2.499673 2.339163 2.534719 2.064060 2.871290 2.440814 2.592803 1.982060 3.430000 2.950000
1772410311587669767 2.711069 2.245269 2.499673 2.339163 2.532933 2.080540 2.871290 2.440814 2.592803 1.982060 3.430000 2.950000
1772410311607719079 2.711069 2.245269 2.499673 2.339163 2.532933 2.080540 2.871290 2.440814 2.592803 1.982060 3.430000 2.950000
1772410311618575904 2.711069 2.245269 2.499673 2.339163 2.532933 2.080540 2.872536 2.462256 2.592803 1.982060 3.430000 2.950000
1772410311618610493 2.711069 2.245269 2.499673 2.339163 2.532933 2.080540 2.872536 2.462256 2.581263 2.080801 3.430000 2.950000
1772410311627688426 2.711069 2.245269 2.499673 2.339163 2.532933 2.080540 2.872536 2.462256 2.581263 2.080801 3.430000 2.950000
1772410311647907882 2.711069 2.245269 2.499673 2.339163 2.532930 2.080540 2.872536 2.462256 2.581263 2.080801 3.430000 2.950000
1772410311666086548 2.714446 2.274755 2.499673 2.339163 2.532930 2.080540 2.872536 2.462256 2.581263 2.080801 3.430000 2.950000
1772410311667572094 2.714446 2.274755 2.499673 2.339163 2.531437 2.104092 2.872536 2.462256 2.581263 2.080801 3.430000 2.950000
1772410311687796670 2.714446 2.274755 2.499673 2.339163 2.531437 2.104092 2.872536 2.462256 2.581263 2.080801 3.430000 2.950000
1772410311688054649 2.714446 2.274755 2.499673 2.339163 2.531437 2.104092 2.872536 2.462256 2.581263 2.080801 3.300000 3.020000
1772410311688754919 2.714446 2.274755 2.369657 2.409134 2.531437 2.104092 2.872536 2.462256 2.581263 2.080801 3.300000 3.020000
1772410311707779443 2.714446 2.274755 2.369657 2.409134 2.524180 2.122934 2.872536 2.462256 2.581263 2.080801 3.300000 3.020000
1772410311727618390 2.714446 2.274755 2.369657 2.409134 2.524180 2.122934 2.872536 2.462256 2.581263 2.080801 3.300000 3.020000
1772410311747981411 2.714446 2.274755 2.369657 2.409134 2.524179 2.122934 2.872536 2.462256 2.581263 2.080801 3.300000 3.020000
1772410311767531417 2.714446 2.274755 2.369657 2.409134 2.524179 2.122934 2.872536 2.462256 2.581263 2.080801 3.300000 3.020000
1772410311768259436 2.714446 2.274755 2.369657 2.409134 2.524179 2.122934 2.872536 2.462256 2.567826 2.150383 3.300000 3.020000
1772410311768274944 2.714446 2.274755 2.369657 2.409134 2.524179 2.122934 2.875323 2.509991 2.567826 2.150383 3.300000 3.020000
1772410311786500549 2.714446 2.274755 2.369657 2.409134 2.524179 2.122934 2.875323 2.509991 2.567826 2.150383 3.210000 3.070000
1772410311786528602 2.717759 2.303931 2.369657 2.409134 2.524179 2.122934 2.875323 2.509991 2.567826 2.150383 3.210000 3.070000
1772410311786829787 2.717759 2.303931 2.279646 2.459114 2.524179 2.122934 2.875323 2.509991 2.567826 2.150383 3.210000 3.070000
1772410311787864444 2.717759 2.303931 2.279646 2.459114 2.512213 2.160545 2.875323 2.509991 2.567826 2.150383 3.210000 3.070000
1772410311807817379 2.717759 2.303931 2.279646 2.459114 2.512213 2.160545 2.875323 2.509991 2.567826 2.150383 3.210000 3.070000
1772410311827503006 2.717759 2.303931 2.279646 2.459114 2.512213 2.160545 2.875323 2.509991 2.567826 2.150383 3.210000 3.070000
1772410311847990079 2.717759 2.303931 2.279646 2.459114 2.512212 2.160545 2.875323 2.509991 2.567826 2.150383 3.210000 3.070000
1772410311867523907 2.717759 2.303931 2.279646 2.459114 2.512212 2.160545 2.875323 2.509991 2.567826 2.150383 3.210000 3.070000
1772410311868187781 2.717759 2.303931 2.279646 2.459114 2.512212 2.160545 2.875323 2.509991 2.546871 2.194204 3.210000 3.070000
1772410311868212378 2.717759 2.303931 2.279646 2.459114 2.512212 2.160545 2.876499 2.531000 2.546871 2.194204 3.210000 3.070000
1772410311886337842 2.721091 2.333474 2.279646 2.459114 2.512212 2.160545 2.876499 2.531000 2.546871 2.194204 3.210000 3.070000
1772410311886371864 2.721091 2.333474 2.279646 2.459114 2.512212 2.160545 2.876499 2.531000 2.546871 2.194204 3.140000 3.120000
1772410311886918136 2.721091 2.333474 2.209635 2.509098 2.512212 2.160545 2.876499 2.531000 2.546871 2.194204 3.140000 3.120000
1772410311887981956 2.721091 2.333474 2.209635 2.509098 2.497333 2.203865 2.876499 2.531000 2.546871 2.194204 3.140000 3.120000
1772410311907589961 2.721091 2.333474 2.209635 2.509098 2.497333 2.203865 2.876499 2.531000 2.546871 2.194204 3.140000 3.120000
1772410311927611406 2.721091 2.333474 2.209635 2.509098 2.497338 2.203865 2.876499 2.531000 2.546871 2.194204 3.140000 3.120000
1772410311947762335 2.721091 2.333474 2.209635 2.509098 2.497338 2.203865 2.876499 2.531000 2.546871 2.194204 3.140000 3.120000
1772410311967605959 2.721091 2.333474 2.209635 2.509098 2.497338 2.203865 2.876499 2.531000 2.546871 2.194204 3.140000 3.120000
1772410311986287346 2.721091 2.333474 2.209635 2.509098 2.497338 2.203865 2.876499 2.531000 2.546871 2.194204 3.250000 3.080000
1772410311986638645 2.721091 2.333474 2.319644 2.469123 2.497338 2.203865 2.876499 2.531000 2.546871 2.194204 3.250000 3.080000
1772410311987666138 2.721091 2.333474 2.319644 2.469123 2.487894 2.243359 2.876499 2.531000 2.546871 2.194204 3.250000 3.080000
1772410311992829713 2.721091 2.333474 2.319644 2.469123 2.487894 2.243359 2.878778 2.571492 2.546871 2.194204 3.250000 3.080000
1772410312006374511 2.727372 2.389534 2.319644 2.469123 2.487894 2.243359 2.878778 2.571492 2.546871 2.194204 3.250000 3.080000
1772410312007747091 2.727372 2.389534 2.319644 2.469123 2.487232 2.252624 2.878778 2.571492 2.546871 2.194204 3.250000 3.080000
1772410312027692640 2.727372 2.389534 2.319644 2.469123 2.487244 2.252625 2.878778 2.571492 2.546871 2.194204 3.250000 3.080000
1772410312047689495 2.727372 2.389534 2.319644 2.469123 2.487244 2.252625 2.878778 2.571492 2.546871 2.194204 3.250000 3.080000
1772410312067536296 2.727372 2.389534 2.319644 2.469123 2.487244 2.252625 2.878778 2.571492 2.546871 2.194204 3.250000 3.080000
1772410312068113915 2.727372 2.389534 2.319644 2.469123 2.487244 2.252625 2.878778 2.571492 2.510890 2.320402 3.250000 3.080000
1772410312086650840 2.727372 2.389534 2.319644 2.469123 2.487244 2.252625 2.878778 2.571492 2.510890 2.320402 3.310000 3.050000
1772410312087282107 2.727372 2.389534 2.379651 2.439136 2.487244 2.252625 2.878778 2.571492 2.510890 2.320402 3.310000 3.050000
1772410312087774923 2.727372 2.389534 2.379651 2.439136 2.487250 2.252625 2.878778 2.571492 2.510890 2.320402 3.310000 3.050000
1772410312093037395 2.727372 2.389534 2.379651 2.439136 2.487250 2.252625 2.882030 2.629404 2.510890 2.320402 3.310000 3.050000
1772410312106460302 2.727676 2.392254 2.379651 2.439136 2.487250 2.252625 2.882030 2.629404 2.510890 2.320402 3.310000 3.050000
1772410312107661754 2.727676 2.392254 2.379651 2.439136 2.480180 2.297145 2.882030 2.629404 2.510890 2.320402 3.310000 3.050000
1772410312127802245 2.727676 2.392254 2.379651 2.439136 2.480168 2.297145 2.882030 2.629404 2.510890 2.320402 3.310000 3.050000
1772410312147595703 2.727676 2.392254 2.379651 2.439136 2.480168 2.297145 2.882030 2.629404 2.510890 2.320402 3.310000 3.050000
1772410312167404170 2.727676 2.392254 2.379651 2.439136 2.480149 2.297143 2.882030 2.629404 2.510890 2.320402 3.310000 3.050000
1772410312186214419 2.727676 2.392254 2.379651 2.439136 2.480149 2.297143 2.882030 2.629404 2.510890 2.320402 3.200000 3.140000
1772410312186429154 2.727676 2.392254 2.269630 2.529111 2.480149 2.297143 2.882030 2.629404 2.510890 2.320402 3.200000 3.140000
1772410312187502744 2.727676 2.392254 2.269630 2.529111 2.471103 2.309037 2.882030 2.629404 2.510890 2.320402 3.200000 3.140000
1772410312207444551 2.727676 2.392254 2.269630 2.529111 2.471103 2.309037 2.882030 2.629404 2.510890 2.320402 3.200000 3.140000
1772410312226256946 2.730108 2.414856 2.269630 2.529111 2.471103 2.309037 2.882030 2.629404 2.510890 2.320402 3.200000 3.140000
1772410312228155394 2.730108 2.414856 2.269630 2.529111 2.470458 2.316529 2.882030 2.629404 2.510890 2.320402 3.200000 3.140000
1772410312247367673 2.730108 2.414856 2.269630 2.529111 2.470458 2.316529 2.882030 2.629404 2.510890 2.320402 3.200000 3.140000
1772410312267328047 2.730108 2.414856 2.269630 2.529111 2.470455 2.316528 2.882030 2.629404 2.510890 2.320402 3.200000 3.140000
1772410312270012966 2.730108 2.414856 2.269630 2.529111 2.470455 2.316528 2.881612 2.624040 2.510890 2.320402 3.200000 3.140000
1772410312270490761 2.730108 2.414856 2.269630 2.529111 2.470455 2.316528 2.881612 2.624040 2.484767 2.343563 3.200000 3.140000
1772410312287322699 2.730108 2.414856 2.269630 2.529111 2.470455 2.316528 2.881612 2.624040 2.484767 2.343563 3.110000 3.220000
1772410312287582347 2.730108 2.414856 2.179612 2.609091 2.470455 2.316528 2.881612 2.624040 2.484767 2.343563 3.110000 3.220000
1772410312292506257 2.730108 2.414856 2.179612 2.609091 2.470455 2.316528 2.881612 2.624040 2.484767 2.343563 3.110000 3.220000
1772410312307413641 2.730108 2.414856 2.179612 2.609091 2.457123 2.339805 2.881612 2.624040 2.484767 2.343563 3.110000 3.220000
1772410312326023262 2.730740 2.421509 2.179612 2.609091 2.457123 2.339805 2.881612 2.624040 2.484767 2.343563 3.110000 3.220000
1772410312327397260 2.730740 2.421509 2.179612 2.609091 2.456894 2.342441 2.881612 2.624040 2.484767 2.343563 3.110000 3.220000
1772410312347546290 2.730740 2.421509 2.179612 2.609091 2.456894 2.342441 2.881612 2.624040 2.484767 2.343563 3.110000 3.220000
1772410312367432847 2.730740 2.421509 2.179612 2.609091 2.456897 2.342441 2.881612 2.624040 2.484767 2.343563 3.110000 3.220000
1772410312386234863 2.730740 2.421509 2.179612 2.609091 2.456897 2.342441 2.881612 2.624040 2.484767 2.343563 3.050000 3.270000
1772410312386426527 2.730740 2.421509 2.119601 2.659078 2.456897 2.342441 2.881612 2.624040 2.484767 2.343563 3.050000 3.270000
1772410312387352830 2.730740 2.421509 2.119601 2.659078 2.442224 2.359726 2.881612 2.624040 2.484767 2.343563 3.050000 3.270000
1772410312392903341 2.730740 2.421509 2.119601 2.659078 2.442224 2.359726 2.881898 2.630133 2.484767 2.343563 3.050000 3.270000
1772410312407544882 2.730740 2.421509 2.119601 2.659078 2.442225 2.359726 2.881898 2.630133 2.484767 2.343563 3.050000 3.270000
1772410312427542919 2.730740 2.421509 2.119601 2.659078 2.442225 2.359726 2.881898 2.630133 2.484767 2.343563 3.050000 3.270000
1772410312442660783 2.730740 2.421509 2.119601 2.659078 2.442225 2.359726 2.881898 2.630133 2.438727 2.390913 3.050000 3.270000
1772410312446126862 2.730673 2.420722 2.119601 2.659078 2.442225 2.359726 2.881898 2.630133 2.438727 2.390913 3.050000 3.270000
1772410312447356913 2.730673 2.420722 2.119601 2.659078 2.442261 2.359335 2.881898 2.630133 2.438727 2.390913 3.050000 3.270000
1772410312467483837 2.730673 2.420722 2.119601 2.659078 2.442261 2.359335 2.881898 2.630133 2.438727 2.390913 3.050000 3.270000
1772410312486613386 2.730673 2.420722 2.119601 2.659078 2.442261 2.359335 2.881898 2.630133 2.438727 2.390913 3.200000 3.140000
1772410312486804153 2.730673 2.420722 2.269630 2.529111 2.442261 2.359335 2.881898 2.630133 2.438727 2.390913 3.200000 3.140000
1772410312487406499 2.730673 2.420722 2.269630 2.529111 2.434937 2.366306 2.881898 2.630133 2.438727 2.390913 3.200000 3.140000
1772410312507520234 2.730673 2.420722 2.269630 2.529111 2.434937 2.366306 2.881898 2.630133 2.438727 2.390913 3.200000 3.140000
1772410312517919853 2.730673 2.420722 2.269630 2.529111 2.434937 2.366306 2.881637 2.624408 2.438727 2.390913 3.200000 3.140000
1772410312527573396 2.730673 2.420722 2.269630 2.529111 2.434937 2.366306 2.881637 2.624408 2.438727 2.390913 3.200000 3.140000
1772410312545725827 2.730673 2.420722 2.269630 2.529111 2.434937 2.366306 2.881637 2.624408 2.438727 2.390913 3.200000 3.140000
1772410312547388882 2.730673 2.420722 2.269630 2.529111 2.434937 2.366306 2.881637 2.624408 2.438727 2.390913 3.200000 3.140000
1772410312567375190 2.730673 2.420722 2.269630 2.529111 2.434937 2.366306 2.881637 2.624408 2.438727 2.390913 3.200000 3.140000
1772410312586455344 2.730673 2.420722 2.269630 2.529111 2.434937 2.366306 2.881637 2.624408 2.438727 2.390913 3.290000 3.170000
1772410312586771074 2.730673 2.420722 2.359624 2.559132 2.434937 2.366306 2.881637 2.624408 2.438727 2.390913 3.290000 3.170000
1772410312587371770 2.730673 2.420722 2.359624 2.559132 2.431724 2.374532 2.881637 2.624408 2.438727 2.390913 3.290000 3.170000
1772410312607429653 2.730673 2.420722 2.359624 2.559132 2.431724 2.374532 2.881637 2.624408 2.438727 2.390913 3.290000 3.170000
1772410312627538848 2.730673 2.420722 2.359624 2.559132 2.431724 2.374532 2.881637 2.624408 2.438727 2.390913 3.290000 3.170000
1772410312642706311 2.730673 2.420722 2.359624 2.559132 2.431724 2.374532 2.881711 2.624996 2.438727 2.390913 3.290000 3.170000
1772410312642737041 2.730673 2.420722 2.359624 2.559132 2.431724 2.374532 2.881711 2.624996 2.421981 2.403293 3.290000 3.170000
1772410312647328493 2.730673 2.420722 2.359624 2.559132 2.431724 2.374532 2.881711 2.624996 2.421981 2.403293 3.290000 3.170000
1772410312666113975 2.730673 2.420722 2.359624 2.559132 2.431724 2.374532 2.881711 2.624996 2.421981 2.403293 3.290000 3.170000
1772410312667469474 2.730673 2.420722 2.359624 2.559132 2.431724 2.374532 2.881711 2.624996 2.421981 2.403293 3.290000 3.170000
1772410312687648429 2.730673 2.420722 2.359624 2.559132 2.431724 2.374532 2.881711 2.624996 2.421981 2.403293 3.290000 3.170000
1772410312707533239 2.730673 2.420722 2.359624 2.559132 2.431724 2.374532 2.881711 2.624996 2.421981 2.403293 3.290000 3.170000
1772410312727555849 2.730673 2.420722 2.359624 2.559132 2.431724 2.374532 2.881711 2.624996 2.421981 2.403293 3.290000 3.170000
1772410312747608438 2.730673 2.420722 2.359624 2.559132 2.431724 2.374532 2.881711 2.624996 2.421981 2.403293 3.290000 3.170000
1772410312766111042 2.730673 2.420722 2.359624 2.559132 2.431724 2.374532 2.881711 2.624996 2.421981 2.403293 3.290000 3.170000
1772410312767364371 2.730673 2.420722 2.359624 2.559132 2.431724 2.374532 2.881711 2.624996 2.421981 2.403293 3.290000 3.170000
1772410312786382514 2.730673 2.420722 2.359624 2.559132 2.431724 2.374532 2.881711 2.624996 2.421981 2.403293 3.410000 3.040000
1772410312786532900 2.730673 2.420722 2.479653 2.429159 2.431724 2.374532 2.881711 2.624996 2.421981 2.403293 3.410000 3.040000
1772410312787416251 2.730673 2.420722 2.479653 2.429159 2.433817 2.376917 2.881711 2.624996 2.421981 2.403293 3.410000 3.040000
1772410312792636976 2.730673 2.420722 2.479653 2.429159 2.433817 2.376917 2.881739 2.624589 2.421981 2.403293 3.410000 3.040000
1772410312807438079 2.730673 2.420722 2.479653 2.429159 2.433817 2.376917 2.881739 2.624589 2.421981 2.403293 3.410000 3.040000
1772410312827601955 2.730673 2.420722 2.479653 2.429159 2.433817 2.376917 2.881739 2.624589 2.421981 2.403293 3.410000 3.040000
1772410312842714995 2.730673 2.420722 2.479653 2.429159 2.433817 2.376917 2.881739 2.624589 2.426217 2.404795 3.410000 3.040000
1772410312847402747 2.730673 2.420722 2.479653 2.429159 2.433817 2.376917 2.881739 2.624589 2.426217 2.404795 3.410000 3.040000
1772410312867439895 2.730673 2.420722 2.479653 2.429159 2.433817 2.376917 2.881739 2.624589 2.426217 2.404795 3.410000 3.040000
1772410312886126318 2.730673 2.420722 2.479653 2.429159 2.433817 2.376917 2.881739 2.624589 2.426217 2.404795 3.410000 3.040000
1772410312886144010 2.730673 2.420722 2.479653 2.429159 2.433817 2.376917 2.881739 2.624589 2.426217 2.404795 3.440000 3.010000
1772410312886329544 2.730673 2.420722 2.509660 2.399165 2.433817 2.376917 2.881739 2.624589 2.426217 2.404795 3.440000 3.010000
1772410312887458576 2.730673 2.420722 2.509660 2.399165 2.437129 2.377888 2.881739 2.624589 2.426217 2.404795 3.440000 3.010000
1772410312907542494 2.730673 2.420722 2.509660 2.399165 2.437129 2.377888 2.881739 2.624589 2.426217 2.404795 3.440000 3.010000
1772410312927563067 2.730673 2.420722 2.509660 2.399165 2.437129 2.377888 2.881739 2.624589 2.426217 2.404795 3.440000 3.010000
1772410312942944713 2.730673 2.420722 2.509660 2.399165 2.437129 2.377888 2.881739 2.624589 2.432545 2.406266 3.440000 3.010000
1772410312942964782 2.730673 2.420722 2.509660 2.399165 2.437129 2.377888 2.881774 2.624516 2.432545 2.406266 3.440000 3.010000
1772410312947653193 2.730673 2.420722 2.509660 2.399165 2.437129 2.377888 2.881774 2.624516 2.432545 2.406266 3.440000 3.010000
1772410312967774553 2.730673 2.420722 2.509660 2.399165 2.437129 2.377888 2.881774 2.624516 2.432545 2.406266 3.440000 3.010000
1772410312986262903 2.730681 2.420827 2.509660 2.399165 2.437129 2.377888 2.881774 2.624516 2.432545 2.406266 3.440000 3.010000
1772410312987623870 2.730681 2.420827 2.509660 2.399165 2.437115 2.377992 2.881774 2.624516 2.432545 2.406266 3.440000 3.010000
1772410313007752773 2.730681 2.420827 2.509660 2.399165 2.437115 2.377992 2.881774 2.624516 2.432545 2.406266 3.440000 3.010000
1772410313027819106 2.730681 2.420827 2.509660 2.399165 2.437115 2.377992 2.881774 2.624516 2.432545 2.406266 3.440000 3.010000
1772410313043293871 2.730681 2.420827 2.509660 2.399165 2.437115 2.377992 2.881826 2.625418 2.432545 2.406266 3.440000 3.010000
1772410313043362117 2.730681 2.420827 2.509660 2.399165 2.437115 2.377992 2.881826 2.625418 2.432556 2.406764 3.440000 3.010000
1772410313047621246 2.730681 2.420827 2.509660 2.399165 2.437114 2.377992 2.881826 2.625418 2.432556 2.406764 3.440000 3.010000
1772410313067623725 2.730681 2.420827 2.509660 2.399165 2.437114 2.377992 2.881826 2.625418 2.432556 2.406764 3.440000 3.010000
1772410313087774519 2.730681 2.420827 2.509660 2.399165 2.437114 2.377992 2.881826 2.625418 2.432556 2.406764 3.440000 3.010000
1772410313106380697 2.730694 2.421143 2.509660 2.399165 2.437114 2.377992 2.881826 2.625418 2.432556 2.406764 3.440000 3.010000
1772410313107718466 2.730694 2.421143 2.509660 2.399165 2.437037 2.378298 2.881826 2.625418 2.432556 2.406764 3.440000 3.010000
1772410313127671379 2.730694 2.421143 2.509660 2.399165 2.437037 2.378298 2.881826 2.625418 2.432556 2.406764 3.440000 3.010000
1772410313147830418 2.730694 2.421143 2.509660 2.399165 2.437038 2.378299 2.881826 2.625418 2.432556 2.406764 3.440000 3.010000
1772410313167657859 2.730694 2.421143 2.509660 2.399165 2.437038 2.378299 2.881826 2.625418 2.432556 2.406764 3.440000 3.010000
1772410313168277535 2.730694 2.421143 2.509660 2.399165 2.437038 2.378299 2.881826 2.625418 2.432568 2.407163 3.440000 3.010000
1772410313168312622 2.730694 2.421143 2.509660 2.399165 2.437038 2.378299 2.881857 2.625758 2.432568 2.407163 3.440000 3.010000
1772410313186640794 2.730694 2.421143 2.509660 2.399165 2.437038 2.378299 2.881857 2.625758 2.432568 2.407163 3.510000 3.270000
1772410313187393722 2.730694 2.421143 2.579601 2.659181 2.437038 2.378299 2.881857 2.625758 2.432568 2.407163 3.510000 3.270000
1772410313187753973 2.730694 2.421143 2.579601 2.659181 2.437037 2.378298 2.881857 2.625758 2.432568 2.407163 3.510000 3.270000
1772410313206120677 2.730679 2.421458 2.579601 2.659181 2.437037 2.378298 2.881857 2.625758 2.432568 2.407163 3.510000 3.270000
1772410313207567309 2.730679 2.421458 2.579601 2.659181 2.443302 2.391070 2.881857 2.625758 2.432568 2.407163 3.510000 3.270000
1772410313227722739 2.730679 2.421458 2.579601 2.659181 2.443304 2.391071 2.881857 2.625758 2.432568 2.407163 3.510000 3.270000
1772410313247813810 2.730679 2.421458 2.579601 2.659181 2.443304 2.391071 2.881857 2.625758 2.432568 2.407163 3.510000 3.270000
1772410313267993936 2.730679 2.421458 2.579601 2.659181 2.443304 2.391071 2.881857 2.625758 2.432568 2.407163 3.510000 3.270000
1772410313268672794 2.730679 2.421458 2.579601 2.659181 2.443304 2.391071 2.881857 2.625758 2.444915 2.428726 3.510000 3.270000
1772410313268691735 2.730679 2.421458 2.579601 2.659181 2.443304 2.391071 2.881905 2.626486 2.444915 2.428726 3.510000 3.270000
1772410313286977312 2.730679 2.421458 2.579601 2.659181 2.443304 2.391071 2.881905 2.626486 2.444915 2.428726 3.250000 3.520000
1772410313287555697 2.730679 2.421458 2.319545 2.909123 2.443304 2.391071 2.881905 2.626486 2.444915 2.428726 3.250000 3.520000
1772410313287599693 2.730679 2.421458 2.319545 2.909123 2.443302 2.391070 2.881905 2.626486 2.444915 2.428726 3.250000 3.520000
1772410313307794273 2.730679 2.421458 2.319545 2.909123 2.437688 2.414350 2.881905 2.626486 2.444915 2.428726 3.250000 3.520000
1772410313326316397 2.730622 2.421822 2.319545 2.909123 2.437688 2.414350 2.881905 2.626486 2.444915 2.428726 3.250000 3.520000
1772410313327586040 2.730622 2.421822 2.319545 2.909123 2.437629 2.414456 2.881905 2.626486 2.444915 2.428726 3.250000 3.520000
1772410313347801434 2.730622 2.421822 2.319545 2.909123 2.437629 2.414456 2.881905 2.626486 2.444915 2.428726 3.250000 3.520000
1772410313367997645 2.730622 2.421822 2.319545 2.909123 2.437629 2.414456 2.881905 2.626486 2.444915 2.428726 3.250000 3.520000
1772410313386428417 2.730622 2.421822 2.319545 2.909123 2.437629 2.414456 2.881905 2.626486 2.444915 2.428726 3.330000 3.390000
1772410313387047285 2.730622 2.421822 2.399574 2.779141 2.437629 2.414456 2.881905 2.626486 2.444915 2.428726 3.330000 3.390000
1772410313388227403 2.730622 2.421822 2.399574 2.779141 2.435842 2.430814 2.881905 2.626486 2.444915 2.428726 3.330000 3.390000
1772410313393239567 2.730622 2.421822 2.399574 2.779141 2.435842 2.430814 2.881981 2.626774 2.444915 2.428726 3.330000 3.390000
1772410313408064171 2.730622 2.421822 2.399574 2.779141 2.435842 2.430814 2.881981 2.626774 2.444915 2.428726 3.330000 3.390000
1772410313418537950 2.730622 2.421822 2.399574 2.779141 2.435842 2.430814 2.881981 2.626774 2.432036 2.491002 3.330000 3.390000
1772410313427270726 2.730536 2.422126 2.399574 2.779141 2.435842 2.430814 2.881981 2.626774 2.432036 2.491002 3.330000 3.390000
1772410313427676289 2.730536 2.422126 2.399574 2.779141 2.435843 2.430815 2.881981 2.626774 2.432036 2.491002 3.330000 3.390000
1772410313447713786 2.730536 2.422126 2.399574 2.779141 2.435771 2.430917 2.881981 2.626774 2.432036 2.491002 3.330000 3.390000
1772410313467444977 2.730536 2.422126 2.399574 2.779141 2.435770 2.430917 2.881981 2.626774 2.432036 2.491002 3.330000 3.390000
1772410313486444404 2.730536 2.422126 2.399574 2.779141 2.435770 2.430917 2.881981 2.626774 2.432036 2.491002 3.130000 3.590000
1772410313487390883 2.730536 2.422126 2.199529 2.979096 2.435770 2.430917 2.881981 2.626774 2.432036 2.491002 3.130000 3.590000
1772410313487653403 2.730536 2.422126 2.199529 2.979096 2.435770 2.430917 2.881981 2.626774 2.432036 2.491002 3.130000 3.590000
1772410313507664437 2.730536 2.422126 2.199529 2.979096 2.425171 2.455390 2.881981 2.626774 2.432036 2.491002 3.130000 3.590000
1772410313527881647 2.730536 2.422126 2.199529 2.979096 2.425172 2.455390 2.881981 2.626774 2.432036 2.491002 3.130000 3.590000
1772410313544166360 2.730536 2.422126 2.199529 2.979096 2.425172 2.455390 2.881981 2.626774 2.414162 2.528627 3.130000 3.590000
1772410313544184924 2.730536 2.422126 2.199529 2.979096 2.425172 2.455390 2.882125 2.627051 2.414162 2.528627 3.130000 3.590000
1772410313546352583 2.730475 2.422271 2.199529 2.979096 2.425172 2.455390 2.882125 2.627051 2.414162 2.528627 3.130000 3.590000
1772410313547788365 2.730475 2.422271 2.199529 2.979096 2.425119 2.455449 2.882125 2.627051 2.414162 2.528627 3.130000 3.590000
1772410313568008850 2.730475 2.422271 2.199529 2.979096 2.425120 2.455449 2.882125 2.627051 2.414162 2.528627 3.130000 3.590000
1772410313586716256 2.730475 2.422271 2.199529 2.979096 2.425120 2.455449 2.882125 2.627051 2.414162 2.528627 3.230000 3.530000
1772410313587207368 2.730475 2.422271 2.299543 2.919118 2.425120 2.455449 2.882125 2.627051 2.414162 2.528627 3.230000 3.530000
1772410313587777014 2.730475 2.422271 2.299543 2.919118 2.419517 2.476040 2.882125 2.627051 2.414162 2.528627 3.230000 3.530000
1772410313607333951 2.730475 2.422271 2.299543 2.919118 2.419517 2.476040 2.882125 2.627051 2.414162 2.528627 3.230000 3.530000
1772410313627416094 2.730475 2.422271 2.299543 2.919118 2.419517 2.476040 2.882125 2.627051 2.414162 2.528627 3.230000 3.530000
1772410313646057375 2.730450 2.422317 2.299543 2.919118 2.419517 2.476040 2.882125 2.627051 2.414162 2.528627 3.230000 3.530000
1772410313647642790 2.730450 2.422317 2.299543 2.919118 2.419494 2.476061 2.882125 2.627051 2.414162 2.528627 3.230000 3.530000
1772410313668009771 2.730450 2.422317 2.299543 2.919118 2.419494 2.476061 2.882125 2.627051 2.414162 2.528627 3.230000 3.530000
1772410313686659733 2.730450 2.422317 2.299543 2.919118 2.419494 2.476061 2.882125 2.627051 2.414162 2.528627 3.050000 3.740000
1772410313687360190 2.730450 2.422317 2.119495 3.129077 2.419494 2.476061 2.882125 2.627051 2.414162 2.528627 3.050000 3.740000
1772410313687688038 2.730450 2.422317 2.119495 3.129077 2.419494 2.476061 2.882125 2.627051 2.414162 2.528627 3.050000 3.740000
1772410313693137372 2.730450 2.422317 2.119495 3.129077 2.419494 2.476061 2.882433 2.627066 2.414162 2.528627 3.050000 3.740000
1772410313707628690 2.730450 2.422317 2.119495 3.129077 2.406195 2.504988 2.882433 2.627066 2.414162 2.528627 3.050000 3.740000
1772410313718465885 2.730450 2.422317 2.119495 3.129077 2.406195 2.504988 2.882433 2.627066 2.385258 2.598398 3.050000 3.740000
1772410313727688420 2.730450 2.422317 2.119495 3.129077 2.406195 2.504988 2.882433 2.627066 2.385258 2.598398 3.050000 3.740000
1772410313747676410 2.730450 2.422317 2.119495 3.129077 2.406195 2.504988 2.882433 2.627066 2.385258 2.598398 3.050000 3.740000
1772410313766369504 2.730450 2.422317 2.119495 3.129077 2.406195 2.504988 2.882433 2.627066 2.385258 2.598398 3.050000 3.740000
1772410313767629909 2.730450 2.422317 2.119495 3.129077 2.406195 2.504988 2.882433 2.627066 2.385258 2.598398 3.050000 3.740000
1772410313786634656 2.730450 2.422317 2.119495 3.129077 2.406195 2.504988 2.882433 2.627066 2.385258 2.598398 3.200000 3.520000
1772410313787707578 2.730450 2.422317 2.269545 2.909111 2.406195 2.504988 2.882433 2.627066 2.385258 2.598398 3.200000 3.520000
1772410313787781529 2.730450 2.422317 2.269545 2.909111 2.406195 2.504988 2.882433 2.627066 2.385258 2.598398 3.200000 3.520000
1772410313793175958 2.730450 2.422317 2.269545 2.909111 2.406195 2.504988 2.882583 2.627460 2.385258 2.598398 3.200000 3.520000
1772410313807711820 2.730450 2.422317 2.269545 2.909111 2.400150 2.522863 2.882583 2.627460 2.385258 2.598398 3.200000 3.520000
1772410313818916284 2.730450 2.422317 2.269545 2.909111 2.400150 2.522863 2.882583 2.627460 2.376714 2.621471 3.200000 3.520000
1772410313827711160 2.730450 2.422317 2.269545 2.909111 2.400150 2.522863 2.882583 2.627460 2.376714 2.621471 3.200000 3.520000
1772410313847771944 2.730450 2.422317 2.269545 2.909111 2.400150 2.522863 2.882583 2.627460 2.376714 2.621471 3.200000 3.520000
1772410313866335239 2.730485 2.422278 2.269545 2.909111 2.400150 2.522863 2.882583 2.627460 2.376714 2.621471 3.200000 3.520000
1772410313867575448 2.730485 2.422278 2.269545 2.909111 2.400187 2.522842 2.882583 2.627460 2.376714 2.621471 3.200000 3.520000
1772410313886494872 2.730485 2.422278 2.269545 2.909111 2.400187 2.522842 2.882583 2.627460 2.376714 2.621471 3.290000 3.420000
1772410313887780256 2.730485 2.422278 2.269545 2.909111 2.400187 2.522842 2.882583 2.627460 2.376714 2.621471 3.290000 3.420000
1772410313887830182 2.730485 2.422278 2.359567 2.809132 2.400187 2.522842 2.882583 2.627460 2.376714 2.621471 3.290000 3.420000
1772410313907827741 2.730485 2.422278 2.359567 2.809132 2.398401 2.535488 2.882583 2.627460 2.376714 2.621471 3.290000 3.420000
1772410313918288285 2.730485 2.422278 2.359567 2.809132 2.398401 2.535488 2.882911 2.627428 2.376714 2.621471 3.290000 3.420000
1772410313927599493 2.730485 2.422278 2.359567 2.809132 2.398401 2.535488 2.882911 2.627428 2.376714 2.621471 3.290000 3.420000
1772410313947400127 2.730485 2.422278 2.359567 2.809132 2.398401 2.535488 2.882911 2.627428 2.376714 2.621471 3.290000 3.420000
1772410313967780228 2.730485 2.422278 2.359567 2.809132 2.398401 2.535488 2.882911 2.627428 2.376714 2.621471 3.290000 3.420000
1772410313968538973 2.730485 2.422278 2.359567 2.809132 2.398401 2.535488 2.882911 2.627428 2.375717 2.634966 3.290000 3.420000
1772410313986787853 2.730563 2.422208 2.359567 2.809132 2.398401 2.535488 2.882911 2.627428 2.375717 2.634966 3.290000 3.420000
1772410313986834041 2.730563 2.422208 2.359567 2.809132 2.398401 2.535488 2.882911 2.627428 2.375717 2.634966 3.360000 3.340000
1772410313987432081 2.730563 2.422208 2.429585 2.729147 2.398401 2.535488 2.882911 2.627428 2.375717 2.634966 3.360000 3.340000
1772410313987498798 2.730563 2.422208 2.429585 2.729147 2.398482 2.535454 2.882911 2.627428 2.375717 2.634966 3.360000 3.340000
1772410314007856836 2.730563 2.422208 2.429585 2.729147 2.399855 2.544005 2.882911 2.627428 2.375717 2.634966 3.360000 3.340000
1772410314018805791 2.730563 2.422208 2.429585 2.729147 2.399855 2.544005 2.883121 2.627642 2.375717 2.634966 3.360000 3.340000
1772410314028025907 2.730563 2.422208 2.429585 2.729147 2.399855 2.544005 2.883121 2.627642 2.375717 2.634966 3.360000 3.340000
1772410314047759986 2.730563 2.422208 2.429585 2.729147 2.399855 2.544005 2.883121 2.627642 2.375717 2.634966 3.360000 3.340000
1772410314067985670 2.730563 2.422208 2.429585 2.729147 2.399855 2.544005 2.883121 2.627642 2.375717 2.634966 3.360000 3.340000
1772410314068913523 2.730563 2.422208 2.429585 2.729147 2.399855 2.544005 2.883121 2.627642 2.379820 2.642029 3.360000 3.340000
1772410314087885251 2.730563 2.422208 2.429585 2.729147 2.399855 2.544005 2.883121 2.627642 2.379820 2.642029 3.360000 3.340000
1772410314088334502 2.730563 2.422208 2.429585 2.729147 2.399855 2.544005 2.883121 2.627642 2.379820 2.642029 3.400000 3.280000
1772410314088412208 2.730735 2.422086 2.429585 2.729147 2.399855 2.544005 2.883121 2.627642 2.379820 2.642029 3.400000 3.280000
1772410314089118631 2.730735 2.422086 2.469599 2.669156 2.399855 2.544005 2.883121 2.627642 2.379820 2.642029 3.400000 3.280000
1772410314107784558 2.730735 2.422086 2.469599 2.669156 2.403123 2.549465 2.883121 2.627642 2.379820 2.642029 3.400000 3.280000
1772410314127887229 2.730735 2.422086 2.469599 2.669156 2.403123 2.549465 2.883121 2.627642 2.379820 2.642029 3.400000 3.280000
1772410314147767357 2.730735 2.422086 2.469599 2.669156 2.403124 2.549465 2.883121 2.627642 2.379820 2.642029 3.400000 3.280000
1772410314167786243 2.730735 2.422086 2.469599 2.669156 2.403124 2.549465 2.883121 2.627642 2.379820 2.642029 3.400000 3.280000
1772410314168593985 2.730735 2.422086 2.469599 2.669156 2.403124 2.549465 2.883820 2.627364 2.379820 2.642029 3.400000 3.280000
1772410314186732274 2.730735 2.422086 2.469599 2.669156 2.403124 2.549465 2.883820 2.627364 2.379820 2.642029 3.450000 3.230000
1772410314187572190 2.730735 2.422086 2.519610 2.619168 2.403124 2.549465 2.883820 2.627364 2.379820 2.642029 3.450000 3.230000
1772410314187721477 2.730735 2.422086 2.519610 2.619168 2.403124 2.549465 2.883820 2.627364 2.379820 2.642029 3.450000 3.230000
1772410314206029464 2.730826 2.422034 2.519610 2.619168 2.403124 2.549465 2.883820 2.627364 2.379820 2.642029 3.450000 3.230000
1772410314207616804 2.730826 2.422034 2.519610 2.619168 2.408366 2.552429 2.883820 2.627364 2.379820 2.642029 3.450000 3.230000
1772410314227873534 2.730826 2.422034 2.519610 2.619168 2.408366 2.552429 2.883820 2.627364 2.379820 2.642029 3.450000 3.230000
1772410314247714090 2.730826 2.422034 2.519610 2.619168 2.408366 2.552429 2.883820 2.627364 2.379820 2.642029 3.450000 3.230000
1772410314268041070 2.730826 2.422034 2.519610 2.619168 2.408366 2.552429 2.883820 2.627364 2.379820 2.642029 3.450000 3.230000
1772410314268973880 2.730826 2.422034 2.519610 2.619168 2.408366 2.552429 2.883951 2.627757 2.379820 2.642029 3.450000 3.230000
1772410314268995671 2.730826 2.422034 2.519610 2.619168 2.408366 2.552429 2.883951 2.627757 2.396206 2.641993 3.450000 3.230000
1772410314286814130 2.730826 2.422034 2.519610 2.619168 2.408366 2.552429 2.883951 2.627757 2.396206 2.641993 3.490000 3.200000
1772410314287332819 2.730826 2.422034 2.559617 2.589177 2.408366 2.552429 2.883951 2.627757 2.396206 2.641993 3.490000 3.200000
1772410314287615596 2.730826 2.422034 2.559617 2.589177 2.408366 2.552429 2.883951 2.627757 2.396206 2.641993 3.490000 3.200000
1772410314306225368 2.730875 2.422013 2.559617 2.589177 2.408366 2.552429 2.883951 2.627757 2.396206 2.641993 3.490000 3.200000
1772410314307690650 2.730875 2.422013 2.559617 2.589177 2.414980 2.554011 2.883951 2.627757 2.396206 2.641993 3.490000 3.200000
1772410314327919997 2.730875 2.422013 2.559617 2.589177 2.414980 2.554011 2.883951 2.627757 2.396206 2.641993 3.490000 3.200000
1772410314347680194 2.730875 2.422013 2.559617 2.589177 2.414980 2.554011 2.883951 2.627757 2.396206 2.641993 3.490000 3.200000
1772410314367832892 2.730875 2.422013 2.559617 2.589177 2.414980 2.554011 2.883951 2.627757 2.396206 2.641993 3.490000 3.200000
1772410314385955873 2.730875 2.422013 2.559617 2.589177 2.414980 2.554011 2.883951 2.627757 2.396206 2.641993 3.500000 3.170000
1772410314385975571 2.730875 2.422013 2.569624 2.559179 2.414980 2.554011 2.883951 2.627757 2.396206 2.641993 3.500000 3.170000
1772410314387470423 2.730875 2.422013 2.569624 2.559179 2.421710 2.554236 2.883951 2.627757 2.396206 2.641993 3.500000 3.170000
1772410314392858500 2.730875 2.422013 2.569624 2.559179 2.421710 2.554236 2.884232 2.627887 2.396206 2.641993 3.500000 3.170000
1772410314407700865 2.730875 2.422013 2.569624 2.559179 2.421710 2.554236 2.884232 2.627887 2.396206 2.641993 3.500000 3.170000
1772410314418251199 2.730875 2.422013 2.569624 2.559179 2.421710 2.554236 2.884232 2.627887 2.419178 2.632886 3.500000 3.170000
1772410314426390904 2.730824 2.422026 2.569624 2.559179 2.421710 2.554236 2.884232 2.627887 2.419178 2.632886 3.500000 3.170000
1772410314427600444 2.730824 2.422026 2.569624 2.559179 2.421693 2.554235 2.884232 2.627887 2.419178 2.632886 3.500000 3.170000
1772410314447705779 2.730824 2.422026 2.569624 2.559179 2.421693 2.554235 2.884232 2.627887 2.419178 2.632886 3.500000 3.170000
1772410314467727922 2.730824 2.422026 2.569624 2.559179 2.421693 2.554235 2.884232 2.627887 2.419178 2.632886 3.500000 3.170000
1772410314486467490 2.730824 2.422026 2.569624 2.559179 2.421693 2.554235 2.884232 2.627887 2.419178 2.632886 3.500000 3.130000
1772410314486960351 2.730824 2.422026 2.569633 2.519179 2.421693 2.554235 2.884232 2.627887 2.419178 2.632886 3.500000 3.130000
1772410314487947382 2.730824 2.422026 2.569633 2.519179 2.428073 2.552714 2.884232 2.627887 2.419178 2.632886 3.500000 3.130000
1772410314507908772 2.730824 2.422026 2.569633 2.519179 2.428073 2.552714 2.884232 2.627887 2.419178 2.632886 3.500000 3.130000
1772410314518183068 2.730824 2.422026 2.569633 2.519179 2.428073 2.552714 2.884329 2.628161 2.419178 2.632886 3.500000 3.130000
1772410314527108603 2.730824 2.422026 2.569633 2.519179 2.428073 2.552714 2.884329 2.628161 2.419178 2.632886 3.500000 3.130000
1772410314527656582 2.730824 2.422026 2.569633 2.519179 2.428073 2.552714 2.884329 2.628161 2.419178 2.632886 3.500000 3.130000
1772410314547758318 2.730824 2.422026 2.569633 2.519179 2.428073 2.552714 2.884329 2.628161 2.419178 2.632886 3.500000 3.130000
1772410314567811225 2.730824 2.422026 2.569633 2.519179 2.428073 2.552714 2.884329 2.628161 2.419178 2.632886 3.500000 3.130000
1772410314586465860 2.730824 2.422026 2.569633 2.519179 2.428073 2.552714 2.884329 2.628161 2.419178 2.632886 3.560000 3.120000
1772410314587314955 2.730824 2.422026 2.629635 2.509192 2.428073 2.552714 2.884329 2.628161 2.419178 2.632886 3.560000 3.120000
1772410314587717939 2.730824 2.422026 2.629635 2.509192 2.428073 2.552714 2.884329 2.628161 2.419178 2.632886 3.560000 3.120000
1772410314607771050 2.730824 2.422026 2.629635 2.509192 2.436808 2.550828 2.884329 2.628161 2.419178 2.632886 3.560000 3.120000
1772410314618767742 2.730824 2.422026 2.629635 2.509192 2.436808 2.550828 2.884329 2.628161 2.442929 2.617389 3.560000 3.120000
1772410314627789455 2.730824 2.422026 2.629635 2.509192 2.436808 2.550828 2.884329 2.628161 2.442929 2.617389 3.560000 3.120000
1772410314646127583 2.719519 2.423209 2.629635 2.509192 2.436808 2.550828 2.884329 2.628161 2.442929 2.617389 3.560000 3.120000
1772410314647649973 2.719519 2.423209 2.629635 2.509192 2.431207 2.550004 2.884329 2.628161 2.442929 2.617389 3.560000 3.120000
1772410314667843496 2.719519 2.423209 2.629635 2.509192 2.431207 2.550004 2.884329 2.628161 2.442929 2.617389 3.560000 3.120000
1772410314687823488 2.719519 2.423209 2.629635 2.509192 2.431206 2.550011 2.884329 2.628161 2.442929 2.617389 3.560000 3.120000
1772410314693148085 2.719519 2.423209 2.629635 2.509192 2.431206 2.550011 2.874684 2.630867 2.442929 2.617389 3.560000 3.120000
1772410314707918382 2.719519 2.423209 2.629635 2.509192 2.431206 2.550011 2.874684 2.630867 2.442929 2.617389 3.560000 3.120000
1772410314718326952 2.719519 2.423209 2.629635 2.509192 2.431206 2.550011 2.874684 2.630867 2.427856 2.619874 3.560000 3.120000
1772410314727702795 2.719519 2.423209 2.629635 2.509192 2.431205 2.550013 2.874684 2.630867 2.427856 2.619874 3.560000 3.120000
1772410314746219853 2.694605 2.425218 2.629635 2.509192 2.431205 2.550013 2.874684 2.630867 2.427856 2.619874 3.560000 3.120000
1772410314747590641 2.694605 2.425218 2.629635 2.509192 2.406448 2.546567 2.874684 2.630867 2.427856 2.619874 3.560000 3.120000
1772410314767517693 2.694605 2.425218 2.629635 2.509192 2.406449 2.546560 2.874684 2.630867 2.427856 2.619874 3.560000 3.120000
1772410314786697598 2.694605 2.425218 2.629635 2.509192 2.406449 2.546560 2.874684 2.630867 2.427856 2.619874 3.520000 3.090000
1772410314787866246 2.694605 2.425218 2.589642 2.479183 2.406449 2.546560 2.874684 2.630867 2.427856 2.619874 3.520000 3.090000
1772410314787983541 2.694605 2.425218 2.589642 2.479183 2.406449 2.546560 2.874684 2.630867 2.427856 2.619874 3.520000 3.090000
1772410314807831180 2.694605 2.425218 2.589642 2.479183 2.405036 2.542268 2.874684 2.630867 2.427856 2.619874 3.520000 3.090000
1772410314818472601 2.694605 2.425218 2.589642 2.479183 2.405036 2.542268 2.835419 2.638748 2.427856 2.619874 3.520000 3.090000
1772410314818557712 2.694605 2.425218 2.589642 2.479183 2.405036 2.542268 2.835419 2.638748 2.406390 2.611164 3.520000 3.090000
1772410314827670653 2.694605 2.425218 2.589642 2.479183 2.405037 2.542263 2.835419 2.638748 2.406390 2.611164 3.520000 3.090000
1772410314847872193 2.694605 2.425218 2.589642 2.479183 2.405037 2.542263 2.835419 2.638748 2.406390 2.611164 3.520000 3.090000
1772410314865959149 2.666556 2.427632 2.589642 2.479183 2.405037 2.542263 2.835419 2.638748 2.406390 2.611164 3.520000 3.090000
1772410314867683362 2.666556 2.427632 2.589642 2.479183 2.386489 2.539714 2.835419 2.638748 2.406390 2.611164 3.520000 3.090000
1772410314886748250 2.666556 2.427632 2.589642 2.479183 2.386489 2.539714 2.835419 2.638748 2.406390 2.611164 3.670000 3.090000
1772410314887613305 2.666556 2.427632 2.739642 2.479217 2.386489 2.539714 2.835419 2.638748 2.406390 2.611164 3.670000 3.090000
1772410314887676449 2.666556 2.427632 2.739642 2.479217 2.386489 2.539714 2.835419 2.638748 2.406390 2.611164 3.670000 3.090000
1772410314907801319 2.666556 2.427632 2.739642 2.479217 2.397614 2.536421 2.835419 2.638748 2.406390 2.611164 3.670000 3.090000
1772410314927811042 2.666556 2.427632 2.739642 2.479217 2.397615 2.536417 2.835419 2.638748 2.406390 2.611164 3.670000 3.090000
1772410314947973626 2.666556 2.427632 2.739642 2.479217 2.397615 2.536417 2.835419 2.638748 2.406390 2.611164 3.670000 3.090000
1772410314966888372 2.608328 2.432874 2.739642 2.479217 2.397615 2.536417 2.835419 2.638748 2.406390 2.611164 3.670000 3.090000
1772410314967568966 2.608328 2.432874 2.739642 2.479217 2.351462 2.530039 2.835419 2.638748 2.406390 2.611164 3.670000 3.090000
1772410314987155575 2.608328 2.432874 2.739642 2.479217 2.351462 2.530039 2.835419 2.638748 2.406390 2.611164 3.620000 3.090000
1772410314987882546 2.608328 2.432874 2.739642 2.479217 2.351462 2.530039 2.835419 2.638748 2.406390 2.611164 3.620000 3.090000
1772410314987972752 2.608328 2.432874 2.689642 2.479206 2.351462 2.530039 2.835419 2.638748 2.406390 2.611164 3.620000 3.090000
1772410314993140098 2.608328 2.432874 2.689642 2.479206 2.351462 2.530039 2.754787 2.642897 2.406390 2.611164 3.620000 3.090000
1772410315007668704 2.608328 2.432874 2.689642 2.479206 2.355021 2.526223 2.754787 2.642897 2.406390 2.611164 3.620000 3.090000
1772410315019016603 2.608328 2.432874 2.689642 2.479206 2.355021 2.526223 2.754787 2.642897 2.350985 2.591581 3.620000 3.090000
1772410315027769584 2.608328 2.432874 2.689642 2.479206 2.355021 2.526223 2.754787 2.642897 2.350985 2.591581 3.620000 3.090000
1772410315048273475 2.608328 2.432874 2.689642 2.479206 2.355021 2.526223 2.754787 2.642897 2.350985 2.591581 3.620000 3.090000
1772410315067622451 2.608328 2.432874 2.689642 2.479206 2.355019 2.526237 2.754787 2.642897 2.350985 2.591581 3.620000 3.090000
1772410315086396327 2.608328 2.432874 2.689642 2.479206 2.355019 2.526237 2.754787 2.642897 2.350985 2.591581 3.580000 3.080000
1772410315086700886 2.608328 2.432874 2.649644 2.469197 2.355019 2.526237 2.754787 2.642897 2.350985 2.591581 3.580000 3.080000
1772410315087550775 2.608328 2.432874 2.649644 2.469197 2.312330 2.516270 2.754787 2.642897 2.350985 2.591581 3.580000 3.080000
1772410315092977710 2.608328 2.432874 2.649644 2.469197 2.312330 2.516270 2.708189 2.642363 2.350985 2.591581 3.580000 3.080000
1772410315107696433 2.608328 2.432874 2.649644 2.469197 2.312327 2.516288 2.708189 2.642363 2.350985 2.591581 3.580000 3.080000
1772410315127701466 2.608328 2.432874 2.649644 2.469197 2.312327 2.516288 2.708189 2.642363 2.350985 2.591581 3.580000 3.080000
1772410315147681971 2.608328 2.432874 2.649644 2.469197 2.312327 2.516288 2.708189 2.642363 2.350985 2.591581 3.580000 3.080000
1772410315167703908 2.608328 2.432874 2.649644 2.469197 2.312323 2.516322 2.708189 2.642363 2.350985 2.591581 3.580000 3.080000
1772410315168166277 2.608328 2.432874 2.649644 2.469197 2.312323 2.516322 2.708189 2.642363 2.289559 2.580264 3.580000 3.080000
1772410315186318604 2.552312 2.438567 2.649644 2.469197 2.312323 2.516322 2.708189 2.642363 2.289559 2.580264 3.580000 3.080000
1772410315186354948 2.552312 2.438567 2.649644 2.469197 2.312323 2.516322 2.708189 2.642363 2.289559 2.580264 3.580000 3.070000
1772410315186749915 2.552312 2.438567 2.649646 2.459197 2.312323 2.516322 2.708189 2.642363 2.289559 2.580264 3.580000 3.070000
1772410315187526341 2.552312 2.438567 2.649646 2.459197 2.302616 2.510768 2.708189 2.642363 2.289559 2.580264 3.580000 3.070000
1772410315207730141 2.552312 2.438567 2.649646 2.459197 2.302616 2.510768 2.708189 2.642363 2.289559 2.580264 3.580000 3.070000
1772410315219008096 2.552312 2.438567 2.649646 2.459197 2.302616 2.510768 2.699184 2.635481 2.289559 2.580264 3.580000 3.070000
1772410315227801134 2.552312 2.438567 2.649646 2.459197 2.302616 2.510768 2.699184 2.635481 2.289559 2.580264 3.580000 3.070000
1772410315247573394 2.552312 2.438567 2.649646 2.459197 2.302614 2.510779 2.699184 2.635481 2.289559 2.580264 3.580000 3.070000
1772410315267728149 2.552312 2.438567 2.649646 2.459197 2.302614 2.510779 2.699184 2.635481 2.289559 2.580264 3.580000 3.070000
1772410315268350390 2.552312 2.438567 2.649646 2.459197 2.302614 2.510779 2.699184 2.635481 2.334227 2.569322 3.580000 3.070000
1772410315287768855 2.552312 2.438567 2.649646 2.459197 2.302614 2.510779 2.699184 2.635481 2.334227 2.569322 3.580000 3.070000
1772410315307801939 2.552312 2.438567 2.649646 2.459197 2.302613 2.510791 2.699184 2.635481 2.334227 2.569322 3.580000 3.070000
1772410315327706276 2.552312 2.438567 2.649646 2.459197 2.302613 2.510791 2.699184 2.635481 2.334227 2.569322 3.580000 3.070000
1772410315347719733 2.552312 2.438567 2.649646 2.459197 2.302611 2.510802 2.699184 2.635481 2.334227 2.569322 3.580000 3.070000
1772410315367709155 2.552312 2.438567 2.649646 2.459197 2.302611 2.510802 2.699184 2.635481 2.334227 2.569322 3.580000 3.070000
1772410315368183974 2.552312 2.438567 2.649646 2.459197 2.302611 2.510802 2.658013 2.635821 2.334227 2.569322 3.580000 3.070000
1772410315387729252 2.552312 2.438567 2.649646 2.459197 2.302611 2.510802 2.658013 2.635821 2.334227 2.569322 3.580000 3.070000
1772410315393337692 2.552312 2.438567 2.649646 2.459197 2.302611 2.510802 2.658013 2.635821 2.299793 2.569021 3.580000 3.070000
1772410315406980387 2.524774 2.441837 2.649646 2.459197 2.302611 2.510802 2.658013 2.635821 2.299793 2.569021 3.580000 3.070000
1772410315407582294 2.524774 2.441837 2.649646 2.459197 2.300104 2.510535 2.658013 2.635821 2.299793 2.569021 3.580000 3.070000
1772410315427714017 2.524774 2.441837 2.649646 2.459197 2.300104 2.510535 2.658013 2.635821 2.299793 2.569021 3.580000 3.070000
1772410315447738699 2.524774 2.441837 2.649646 2.459197 2.300103 2.510542 2.658013 2.635821 2.299793 2.569021 3.580000 3.070000
1772410315467792995 2.524774 2.441837 2.649646 2.459197 2.300103 2.510542 2.658013 2.635821 2.299793 2.569021 3.580000 3.070000
1772410315468664336 2.524774 2.441837 2.649646 2.459197 2.300103 2.510542 2.663495 2.632072 2.299793 2.569021 3.580000 3.070000
1772410315486795793 2.524774 2.441837 2.649646 2.459197 2.300103 2.510542 2.663495 2.632072 2.299793 2.569021 3.590000 3.050000
1772410315487376510 2.524774 2.441837 2.659651 2.439199 2.300103 2.510542 2.663495 2.632072 2.299793 2.569021 3.590000 3.050000
1772410315487514166 2.524774 2.441837 2.659651 2.439199 2.300103 2.510542 2.663495 2.632072 2.299793 2.569021 3.590000 3.050000
1772410315507562567 2.524774 2.441837 2.659651 2.439199 2.305986 2.506523 2.663495 2.632072 2.299793 2.569021 3.590000 3.050000
1772410315517914513 2.524774 2.441837 2.659651 2.439199 2.305986 2.506523 2.663495 2.632072 2.328450 2.558200 3.590000 3.050000
1772410315526219488 2.496439 2.445525 2.659651 2.439199 2.305986 2.506523 2.663495 2.632072 2.328450 2.558200 3.590000 3.050000
1772410315527527648 2.496439 2.445525 2.659651 2.439199 2.296660 2.505687 2.663495 2.632072 2.328450 2.558200 3.590000 3.050000
1772410315547837967 2.496439 2.445525 2.659651 2.439199 2.296660 2.505684 2.663495 2.632072 2.328450 2.558200 3.590000 3.050000
1772410315567860191 2.496439 2.445525 2.659651 2.439199 2.296660 2.505684 2.663495 2.632072 2.328450 2.558200 3.590000 3.050000
1772410315587649168 2.496439 2.445525 2.659651 2.439199 2.296660 2.505684 2.663495 2.632072 2.328450 2.558200 3.590000 3.050000
1772410315592577323 2.496439 2.445525 2.659651 2.439199 2.296660 2.505684 2.663495 2.632072 2.328450 2.558200 3.580000 3.070000
1772410315593450067 2.496439 2.445525 2.649646 2.459197 2.296660 2.505684 2.663495 2.632072 2.328450 2.558200 3.580000 3.070000
1772410315593523804 2.496439 2.445525 2.649646 2.459197 2.296660 2.505684 2.627804 2.635476 2.328450 2.558200 3.580000 3.070000
1772410315607716716 2.496439 2.445525 2.649646 2.459197 2.298226 2.502499 2.627804 2.635476 2.328450 2.558200 3.580000 3.070000
1772410315626908193 2.439353 2.453738 2.649646 2.459197 2.298226 2.502499 2.627804 2.635476 2.328450 2.558200 3.580000 3.070000
1772410315627445161 2.439353 2.453738 2.649646 2.459197 2.298226 2.502499 2.627804 2.635476 2.328450 2.558200 3.580000 3.070000
1772410315647816323 2.439353 2.453738 2.649646 2.459197 2.275614 2.500652 2.627804 2.635476 2.328450 2.558200 3.580000 3.070000
1772410315667755966 2.439353 2.453738 2.649646 2.459197 2.275614 2.500652 2.627804 2.635476 2.328450 2.558200 3.580000 3.070000
1772410315687893049 2.439353 2.453738 2.649646 2.459197 2.275613 2.500669 2.627804 2.635476 2.328450 2.558200 3.580000 3.070000
1772410315693821204 2.439353 2.453738 2.649646 2.459197 2.275613 2.500669 2.627804 2.635476 2.263972 2.551832 3.580000 3.070000
1772410315693831233 2.439353 2.453738 2.649646 2.459197 2.275613 2.500669 2.552306 2.644637 2.263972 2.551832 3.580000 3.070000
1772410315707874622 2.439353 2.453738 2.649646 2.459197 2.275613 2.500669 2.552306 2.644637 2.263972 2.551832 3.580000 3.070000
1772410315727763425 2.439353 2.453738 2.649646 2.459197 2.275613 2.500669 2.552306 2.644637 2.263972 2.551832 3.580000 3.070000
1772410315747768389 2.439353 2.453738 2.649646 2.459197 2.275611 2.500688 2.552306 2.644637 2.263972 2.551832 3.580000 3.070000
1772410315767878357 2.439353 2.453738 2.649646 2.459197 2.275611 2.500688 2.552306 2.644637 2.263972 2.551832 3.580000 3.070000
1772410315786382794 2.439353 2.453738 2.649646 2.459197 2.275611 2.500688 2.552306 2.644637 2.263972 2.551832 3.540000 3.080000
1772410315786841684 2.439353 2.453738 2.609644 2.469188 2.275611 2.500688 2.552306 2.644637 2.263972 2.551832 3.540000 3.080000
1772410315787485724 2.439353 2.453738 2.609644 2.469188 2.201701 2.493550 2.552306 2.644637 2.263972 2.551832 3.540000 3.080000
1772410315807711538 2.439353 2.453738 2.609644 2.469188 2.201701 2.493550 2.552306 2.644637 2.263972 2.551832 3.540000 3.080000
1772410315818292217 2.439353 2.453738 2.609644 2.469188 2.201701 2.493550 2.552306 2.644637 2.230974 2.546952 3.540000 3.080000
1772410315818300921 2.439353 2.453738 2.609644 2.469188 2.201701 2.493550 2.473904 2.648795 2.230974 2.546952 3.540000 3.080000
1772410315827582344 2.439353 2.453738 2.609644 2.469188 2.201699 2.493572 2.473904 2.648795 2.230974 2.546952 3.540000 3.080000
1772410315845990921 2.384616 2.462999 2.609644 2.469188 2.201699 2.493572 2.473904 2.648795 2.230974 2.546952 3.540000 3.080000
1772410315847600473 2.384616 2.462999 2.609644 2.469188 2.186673 2.492786 2.473904 2.648795 2.230974 2.546952 3.540000 3.080000
1772410315867555318 2.384616 2.462999 2.609644 2.469188 2.186673 2.492786 2.473904 2.648795 2.230974 2.546952 3.540000 3.080000
1772410315887802762 2.384616 2.462999 2.609644 2.469188 2.186673 2.492791 2.473904 2.648795 2.230974 2.546952 3.540000 3.080000
1772410315907675509 2.384616 2.462999 2.609644 2.469188 2.186673 2.492791 2.473904 2.648795 2.230974 2.546952 3.540000 3.080000
1772410315918531731 2.384616 2.462999 2.609644 2.469188 2.186673 2.492791 2.473904 2.648795 2.237351 2.547052 3.540000 3.080000
1772410315918562015 2.384616 2.462999 2.609644 2.469188 2.186673 2.492791 2.490336 2.642248 2.237351 2.547052 3.540000 3.080000
1772410315927762130 2.384616 2.462999 2.609644 2.469188 2.186671 2.492826 2.490336 2.642248 2.237351 2.547052 3.540000 3.080000
1772410315947673795 2.384616 2.462999 2.609644 2.469188 2.186671 2.492826 2.490336 2.642248 2.237351 2.547052 3.540000 3.080000
1772410315967548910 2.384616 2.462999 2.609644 2.469188 2.186671 2.492826 2.490336 2.642248 2.237351 2.547052 3.540000 3.080000
1772410315986959404 2.384616 2.462999 2.609644 2.469188 2.186671 2.492826 2.490336 2.642248 2.237351 2.547052 3.480000 3.060000
1772410315987458852 2.384616 2.462999 2.549648 2.449174 2.186671 2.492826 2.490336 2.642248 2.237351 2.547052 3.480000 3.060000
1772410315987548807 2.384616 2.462999 2.549648 2.449174 2.186669 2.492855 2.490336 2.642248 2.237351 2.547052 3.480000 3.060000
1772410316007693083 2.384616 2.462999 2.549648 2.449174 2.168562 2.490030 2.490336 2.642248 2.237351 2.547052 3.480000 3.060000
1772410316027633522 2.384616 2.462999 2.549648 2.449174 2.168564 2.489978 2.490336 2.642248 2.237351 2.547052 3.480000 3.060000
1772410316047837922 2.384616 2.462999 2.549648 2.449174 2.168564 2.489978 2.490336 2.642248 2.237351 2.547052 3.480000 3.060000
1772410316066009904 2.357765 2.468269 2.549648 2.449174 2.168564 2.489978 2.490336 2.642248 2.237351 2.547052 3.480000 3.060000
1772410316067547368 2.357765 2.468269 2.549648 2.449174 2.158646 2.489857 2.490336 2.642248 2.237351 2.547052 3.480000 3.060000
1772410316086242644 2.357765 2.468269 2.549648 2.449174 2.158646 2.489857 2.490336 2.642248 2.237351 2.547052 3.430000 3.080000
1772410316086735228 2.357765 2.468269 2.499644 2.469163 2.158646 2.489857 2.490336 2.642248 2.237351 2.547052 3.430000 3.080000
1772410316087546431 2.357765 2.468269 2.499644 2.469163 2.171071 2.488943 2.490336 2.642248 2.237351 2.547052 3.430000 3.080000
1772410316093071347 2.357765 2.468269 2.499644 2.469163 2.171071 2.488943 2.476223 2.641821 2.237351 2.547052 3.430000 3.080000
1772410316107500225 2.357765 2.468269 2.499644 2.469163 2.171071 2.488943 2.476223 2.641821 2.237351 2.547052 3.430000 3.080000
1772410316118166067 2.357765 2.468269 2.499644 2.469163 2.171071 2.488943 2.476223 2.641821 2.265999 2.534341 3.430000 3.080000
1772410316127461544 2.357765 2.468269 2.499644 2.469163 2.171071 2.488927 2.476223 2.641821 2.265999 2.534341 3.430000 3.080000
1772410316147574826 2.357765 2.468269 2.499644 2.469163 2.171071 2.488927 2.476223 2.641821 2.265999 2.534341 3.430000 3.080000
1772410316167588789 2.357765 2.468269 2.499644 2.469163 2.171071 2.488933 2.476223 2.641821 2.265999 2.534341 3.430000 3.080000
1772410316185902441 2.330702 2.474077 2.499644 2.469163 2.171071 2.488933 2.476223 2.641821 2.265999 2.534341 3.430000 3.080000
1772410316187516366 2.330702 2.474077 2.499644 2.469163 2.148035 2.488892 2.476223 2.641821 2.265999 2.534341 3.430000 3.080000
1772410316207731369 2.330702 2.474077 2.499644 2.469163 2.148035 2.488892 2.476223 2.641821 2.265999 2.534341 3.430000 3.080000
1772410316218580392 2.330702 2.474077 2.499644 2.469163 2.148035 2.488892 2.476223 2.641821 2.234825 2.536582 3.430000 3.080000
1772410316218589217 2.330702 2.474077 2.499644 2.469163 2.148035 2.488892 2.440950 2.646690 2.234825 2.536582 3.430000 3.080000
1772410316227994629 2.330702 2.474077 2.499644 2.469163 2.148035 2.488876 2.440950 2.646690 2.234825 2.536582 3.430000 3.080000
1772410316247702881 2.330702 2.474077 2.499644 2.469163 2.148035 2.488876 2.440950 2.646690 2.234825 2.536582 3.430000 3.080000
1772410316267733220 2.330702 2.474077 2.499644 2.469163 2.148035 2.488883 2.440950 2.646690 2.234825 2.536582 3.430000 3.080000
1772410316286031168 2.330702 2.474077 2.499644 2.469163 2.148035 2.488883 2.440950 2.646690 2.234825 2.536582 3.410000 3.080000
1772410316286057690 2.303003 2.480421 2.499644 2.469163 2.148035 2.488883 2.440950 2.646690 2.234825 2.536582 3.410000 3.080000
1772410316286629368 2.303003 2.480421 2.479644 2.469159 2.148035 2.488883 2.440950 2.646690 2.234825 2.536582 3.410000 3.080000
1772410316287568612 2.303003 2.480421 2.479644 2.469159 2.135516 2.488213 2.440950 2.646690 2.234825 2.536582 3.410000 3.080000
1772410316307722822 2.303003 2.480421 2.479644 2.469159 2.135516 2.488201 2.440950 2.646690 2.234825 2.536582 3.410000 3.080000
1772410316327650880 2.303003 2.480421 2.479644 2.469159 2.135516 2.488201 2.440950 2.646690 2.234825 2.536582 3.410000 3.080000
1772410316347621515 2.303003 2.480421 2.479644 2.469159 2.135516 2.488201 2.440950 2.646690 2.234825 2.536582 3.410000 3.080000
1772410316367791564 2.303003 2.480421 2.479644 2.469159 2.135516 2.488204 2.440950 2.646690 2.234825 2.536582 3.410000 3.080000
1772410316368500776 2.303003 2.480421 2.479644 2.469159 2.135516 2.488204 2.395212 2.652617 2.234825 2.536582 3.410000 3.080000
1772410316368625912 2.303003 2.480421 2.479644 2.469159 2.135516 2.488204 2.395212 2.652617 2.209436 2.534951 3.410000 3.080000
1772410316387554381 2.303003 2.480421 2.479644 2.469159 2.135516 2.488204 2.395212 2.652617 2.209436 2.534951 3.410000 3.080000
1772410316406035479 2.275219 2.487092 2.479644 2.469159 2.135516 2.488204 2.395212 2.652617 2.209436 2.534951 3.410000 3.080000
1772410316407574690 2.275219 2.487092 2.479644 2.469159 2.107017 2.488692 2.395212 2.652617 2.209436 2.534951 3.410000 3.080000
1772410316427638705 2.275219 2.487092 2.479644 2.469159 2.107017 2.488692 2.395212 2.652617 2.209436 2.534951 3.410000 3.080000
1772410316447621713 2.275219 2.487092 2.479644 2.469159 2.107017 2.488692 2.395212 2.652617 2.209436 2.534951 3.410000 3.080000
1772410316467737644 2.275219 2.487092 2.479644 2.469159 2.107016 2.488678 2.395212 2.652617 2.209436 2.534951 3.410000 3.080000
1772410316468670041 2.275219 2.487092 2.479644 2.469159 2.107016 2.488678 2.374669 2.655102 2.209436 2.534951 3.410000 3.080000
1772410316468700161 2.275219 2.487092 2.479644 2.469159 2.107016 2.488678 2.374669 2.655102 2.189055 2.537338 3.410000 3.080000
1772410316487716703 2.275219 2.487092 2.479644 2.469159 2.107016 2.488678 2.374669 2.655102 2.189055 2.537338 3.410000 3.080000
1772410316506292817 2.247133 2.494076 2.479644 2.469159 2.107016 2.488678 2.374669 2.655102 2.189055 2.537338 3.410000 3.080000
1772410316507638107 2.247133 2.494076 2.479644 2.469159 2.078088 2.489340 2.374669 2.655102 2.189055 2.537338 3.410000 3.080000
1772410316527992753 2.247133 2.494076 2.479644 2.469159 2.078088 2.489340 2.374669 2.655102 2.189055 2.537338 3.410000 3.080000
1772410316547463854 2.247133 2.494076 2.479644 2.469159 2.078088 2.489340 2.374669 2.655102 2.189055 2.537338 3.410000 3.080000
1772410316567898797 2.247133 2.494076 2.479644 2.469159 2.078088 2.489323 2.374669 2.655102 2.189055 2.537338 3.410000 3.080000
1772410316586860025 2.247133 2.494076 2.479644 2.469159 2.078088 2.489323 2.374669 2.655102 2.189055 2.537338 3.360000 3.180000
1772410316587735406 2.247133 2.494076 2.429621 2.569147 2.078088 2.489323 2.374669 2.655102 2.189055 2.537338 3.360000 3.180000
1772410316587809600 2.247133 2.494076 2.429621 2.569147 2.078088 2.489323 2.374669 2.655102 2.189055 2.537338 3.360000 3.180000
1772410316593096534 2.247133 2.494076 2.429621 2.569147 2.078088 2.489323 2.335556 2.661091 2.189055 2.537338 3.360000 3.180000
1772410316607564470 2.247133 2.494076 2.429621 2.569147 2.071739 2.493483 2.335556 2.661091 2.189055 2.537338 3.360000 3.180000
1772410316625947059 2.219141 2.501219 2.429621 2.569147 2.071739 2.493483 2.335556 2.661091 2.189055 2.537338 3.360000 3.180000
1772410316627539331 2.219141 2.501219 2.429621 2.569147 2.062194 2.493732 2.335556 2.661091 2.189055 2.537338 3.360000 3.180000
1772410316647602983 2.219141 2.501219 2.429621 2.569147 2.062194 2.493729 2.335556 2.661091 2.189055 2.537338 3.360000 3.180000
1772410316667894826 2.219141 2.501219 2.429621 2.569147 2.062194 2.493729 2.335556 2.661091 2.189055 2.537338 3.360000 3.180000
1772410316668775479 2.219141 2.501219 2.429621 2.569147 2.062194 2.493729 2.335556 2.661091 2.155455 2.546701 3.360000 3.180000
1772410316686505986 2.219141 2.501219 2.429621 2.569147 2.062194 2.493729 2.335556 2.661091 2.155455 2.546701 3.340000 3.180000
1772410316687311519 2.219141 2.501219 2.409621 2.569143 2.062194 2.493729 2.335556 2.661091 2.155455 2.546701 3.340000 3.180000
1772410316687716170 2.219141 2.501219 2.409621 2.569143 2.062194 2.493729 2.335556 2.661091 2.155455 2.546701 3.340000 3.180000
1772410316707657329 2.219141 2.501219 2.409621 2.569143 2.064025 2.497507 2.335556 2.661091 2.155455 2.546701 3.340000 3.180000
1772410316718787084 2.219141 2.501219 2.409621 2.569143 2.064025 2.497507 2.308952 2.664955 2.155455 2.546701 3.340000 3.180000
1772410316726037277 2.191029 2.508532 2.409621 2.569143 2.064025 2.497507 2.308952 2.664955 2.155455 2.546701 3.340000 3.180000
1772410316727603979 2.191029 2.508532 2.409621 2.569143 2.052494 2.497835 2.308952 2.664955 2.155455 2.546701 3.340000 3.180000
1772410316747733840 2.191029 2.508532 2.409621 2.569143 2.052494 2.497834 2.308952 2.664955 2.155455 2.546701 3.340000 3.180000
1772410316767915058 2.191029 2.508532 2.409621 2.569143 2.052494 2.497834 2.308952 2.664955 2.155455 2.546701 3.340000 3.180000
1772410316786022543 2.191029 2.508532 2.409621 2.569143 2.052494 2.497834 2.308952 2.664955 2.155455 2.546701 3.280000 3.190000
1772410316786680780 2.191029 2.508532 2.349619 2.579129 2.052494 2.497834 2.308952 2.664955 2.155455 2.546701 3.280000 3.190000
1772410316787760131 2.191029 2.508532 2.349619 2.579129 2.049149 2.501988 2.308952 2.664955 2.155455 2.546701 3.280000 3.190000
1772410316807901572 2.191029 2.508532 2.349619 2.579129 2.049149 2.501982 2.308952 2.664955 2.155455 2.546701 3.280000 3.190000
1772410316818184413 2.191029 2.508532 2.349619 2.579129 2.049149 2.501982 2.308952 2.664955 2.147561 2.557229 3.280000 3.190000
1772410316827904871 2.191029 2.508532 2.349619 2.579129 2.049149 2.501982 2.308952 2.664955 2.147561 2.557229 3.280000 3.190000
1772410316846238401 2.162637 2.516022 2.349619 2.579129 2.049149 2.501982 2.308952 2.664955 2.147561 2.557229 3.280000 3.190000
1772410316847597828 2.162637 2.516022 2.349619 2.579129 2.034535 2.502418 2.308952 2.664955 2.147561 2.557229 3.280000 3.190000
1772410316868011006 2.162637 2.516022 2.349619 2.579129 2.034535 2.502418 2.308952 2.664955 2.147561 2.557229 3.280000 3.190000
1772410316886334790 2.162637 2.516022 2.349619 2.579129 2.034535 2.502418 2.308952 2.664955 2.147561 2.557229 3.260000 3.160000
1772410316886992950 2.162637 2.516022 2.329626 2.549125 2.034535 2.502418 2.308952 2.664955 2.147561 2.557229 3.260000 3.160000
1772410316887985683 2.162637 2.516022 2.329626 2.549125 2.038344 2.504801 2.308952 2.664955 2.147561 2.557229 3.260000 3.160000
1772410316893246651 2.162637 2.516022 2.329626 2.549125 2.038344 2.504801 2.260787 2.672783 2.147561 2.557229 3.260000 3.160000
1772410316907859998 2.162637 2.516022 2.329626 2.549125 2.038344 2.504801 2.260787 2.672783 2.147561 2.557229 3.260000 3.160000
1772410316918658245 2.162637 2.516022 2.329626 2.549125 2.038344 2.504801 2.260787 2.672783 2.141304 2.559587 3.260000 3.160000
1772410316927864454 2.162637 2.516022 2.329626 2.549125 2.038344 2.504801 2.260787 2.672783 2.141304 2.559587 3.260000 3.160000
1772410316946030279 2.134520 2.523520 2.329626 2.549125 2.038344 2.504801 2.260787 2.672783 2.141304 2.559587 3.260000 3.160000
1772410316947583707 2.134520 2.523520 2.329626 2.549125 2.021023 2.505343 2.260787 2.672783 2.141304 2.559587 3.260000 3.160000
1772410316967967872 2.134520 2.523520 2.329626 2.549125 2.021023 2.505343 2.260787 2.672783 2.141304 2.559587 3.260000 3.160000
1772410316988300916 2.134520 2.523520 2.329626 2.549125 2.021023 2.505343 2.260787 2.672783 2.141304 2.559587 3.260000 3.160000
1772410316992155831 2.134520 2.523520 2.329626 2.549125 2.021023 2.505343 2.260787 2.672783 2.141304 2.559587 3.200000 3.160000
1772410316992887522 2.134520 2.523520 2.269626 2.549111 2.021023 2.505343 2.260787 2.672783 2.141304 2.559587 3.200000 3.160000
1772410316993672032 2.134520 2.523520 2.269626 2.549111 2.021023 2.505343 2.230708 2.677837 2.141304 2.559587 3.200000 3.160000
1772410317007741995 2.134520 2.523520 2.269626 2.549111 2.020923 2.507653 2.230708 2.677837 2.141304 2.559587 3.200000 3.160000
1772410317027682155 2.134520 2.523520 2.269626 2.549111 2.020923 2.507653 2.230708 2.677837 2.141304 2.559587 3.200000 3.160000
1772410317047689235 2.134520 2.523520 2.269626 2.549111 2.020923 2.507653 2.230708 2.677837 2.141304 2.559587 3.200000 3.160000
1772410317066440765 2.105910 2.531210 2.269626 2.549111 2.020923 2.507653 2.230708 2.677837 2.141304 2.559587 3.200000 3.160000
1772410317067559073 2.105910 2.531210 2.269626 2.549111 2.001272 2.508277 2.230708 2.677837 2.141304 2.559587 3.200000 3.160000
1772410317086570800 2.105910 2.531210 2.269626 2.549111 2.001272 2.508277 2.230708 2.677837 2.141304 2.559587 3.190000 3.140000
1772410317087376511 2.105910 2.531210 2.259630 2.529109 2.001272 2.508277 2.230708 2.677837 2.141304 2.559587 3.190000 3.140000
1772410317087794345 2.105910 2.531210 2.259630 2.529109 2.001272 2.508278 2.230708 2.677837 2.141304 2.559587 3.190000 3.140000
1772410317107795822 2.105910 2.531210 2.259630 2.529109 2.008027 2.509364 2.230708 2.677837 2.141304 2.559587 3.190000 3.140000
1772410317118592398 2.105910 2.531210 2.259630 2.529109 2.008027 2.509364 2.203172 2.682359 2.141304 2.559587 3.190000 3.140000
1772410317118628975 2.105910 2.531210 2.259630 2.529109 2.008027 2.509364 2.203172 2.682359 2.104697 2.564105 3.190000 3.140000
1772410317127645517 2.105910 2.531210 2.259630 2.529109 2.008027 2.509366 2.203172 2.682359 2.104697 2.564105 3.190000 3.140000
1772410317147739551 2.105910 2.531210 2.259630 2.529109 2.008027 2.509366 2.203172 2.682359 2.104697 2.564105 3.190000 3.140000
1772410317166393639 2.077818 2.538805 2.259630 2.529109 2.008027 2.509366 2.203172 2.682359 2.104697 2.564105 3.190000 3.140000
1772410317167686477 2.077818 2.538805 2.259630 2.529109 1.984860 2.510138 2.203172 2.682359 2.104697 2.564105 3.190000 3.140000
1772410317186458772 2.077818 2.538805 2.259630 2.529109 1.984860 2.510138 2.203172 2.682359 2.104697 2.564105 3.160000 3.110000
1772410317186908352 2.077818 2.538805 2.229637 2.499102 1.984860 2.510138 2.203172 2.682359 2.104697 2.564105 3.160000 3.110000
1772410317187672385 2.077818 2.538805 2.229637 2.499102 1.990122 2.509829 2.203172 2.682359 2.104697 2.564105 3.160000 3.110000
1772410317207568108 2.077818 2.538805 2.229637 2.499102 1.990122 2.509829 2.203172 2.682359 2.104697 2.564105 3.160000 3.110000
1772410317227556771 2.077818 2.538805 2.229637 2.499102 1.990122 2.509828 2.203172 2.682359 2.104697 2.564105 3.160000 3.110000
1772410317247682109 2.077818 2.538805 2.229637 2.499102 1.990122 2.509828 2.203172 2.682359 2.104697 2.564105 3.160000 3.110000
1772410317267810055 2.077818 2.538805 2.229637 2.499102 1.990122 2.509828 2.203172 2.682359 2.104697 2.564105 3.160000 3.110000
1772410317268676851 2.077818 2.538805 2.229637 2.499102 1.990122 2.509828 2.157066 2.690309 2.104697 2.564105 3.160000 3.110000
1772410317268721581 2.077818 2.538805 2.229637 2.499102 1.990122 2.509828 2.157066 2.690309 2.069722 2.565273 3.160000 3.110000
1772410317286414170 2.020998 2.554256 2.229637 2.499102 1.990122 2.509828 2.157066 2.690309 2.069722 2.565273 3.160000 3.110000
1772410317287693091 2.020998 2.554256 2.229637 2.499102 1.941258 2.511475 2.157066 2.690309 2.069722 2.565273 3.160000 3.110000
1772410317308011532 2.020998 2.554256 2.229637 2.499102 1.941258 2.511475 2.157066 2.690309 2.069722 2.565273 3.160000 3.110000
1772410317327712808 2.020998 2.554256 2.229637 2.499102 1.941258 2.511470 2.157066 2.690309 2.069722 2.565273 3.160000 3.110000
1772410317347738429 2.020998 2.554256 2.229637 2.499102 1.941258 2.511470 2.157066 2.690309 2.069722 2.565273 3.160000 3.110000
1772410317368072695 2.020998 2.554256 2.229637 2.499102 1.941258 2.511470 2.157066 2.690309 2.069722 2.565273 3.160000 3.110000
1772410317368833493 2.020998 2.554256 2.229637 2.499102 1.941258 2.511470 2.095835 2.701237 2.069722 2.565273 3.160000 3.110000
1772410317369174462 2.020998 2.554256 2.229637 2.499102 1.941258 2.511470 2.095835 2.701237 2.008324 2.573944 3.160000 3.110000
1772410317386555418 2.020998 2.554256 2.229637 2.499102 1.941258 2.511470 2.095835 2.701237 2.008324 2.573944 3.120000 3.060000
1772410317387406482 2.020998 2.554256 2.189648 2.449093 1.941258 2.511470 2.095835 2.701237 2.008324 2.573944 3.120000 3.060000
1772410317387800740 2.020998 2.554256 2.189648 2.449093 1.941258 2.511470 2.095835 2.701237 2.008324 2.573944 3.120000 3.060000
1772410317407908533 2.020998 2.554256 2.189648 2.449093 1.905393 2.510275 2.095835 2.701237 2.008324 2.573944 3.120000 3.060000
1772410317427793516 2.020998 2.554256 2.189648 2.449093 1.905392 2.510270 2.095835 2.701237 2.008324 2.573944 3.120000 3.060000
1772410317447663063 2.020998 2.554256 2.189648 2.449093 1.905392 2.510270 2.095835 2.701237 2.008324 2.573944 3.120000 3.060000
1772410317467845728 2.020998 2.554256 2.189648 2.449093 1.905392 2.510270 2.095835 2.701237 2.008324 2.573944 3.120000 3.060000
1772410317486654647 2.020998 2.554256 2.189648 2.449093 1.905392 2.510270 2.095835 2.701237 2.008324 2.573944 3.090000 3.070000
1772410317487287688 2.020998 2.554256 2.159646 2.459087 1.905392 2.510270 2.095835 2.701237 2.008324 2.573944 3.090000 3.070000
1772410317487581973 2.020998 2.554256 2.159646 2.459087 1.905392 2.510270 2.095835 2.701237 2.008324 2.573944 3.090000 3.070000
1772410317493175911 2.020998 2.554256 2.159646 2.459087 1.905392 2.510270 2.031923 2.712349 2.008324 2.573944 3.090000 3.070000
1772410317506468883 1.964193 2.569763 2.159646 2.459087 1.905392 2.510270 2.031923 2.712349 2.008324 2.573944 3.090000 3.070000
1772410317507695398 1.964193 2.569763 2.159646 2.459087 1.864245 2.509786 2.031923 2.712349 2.008324 2.573944 3.090000 3.070000
1772410317527690274 1.964193 2.569763 2.159646 2.459087 1.864245 2.509787 2.031923 2.712349 2.008324 2.573944 3.090000 3.070000
1772410317547706770 1.964193 2.569763 2.159646 2.459087 1.864245 2.509787 2.031923 2.712349 2.008324 2.573944 3.090000 3.070000
1772410317567697597 1.964193 2.569763 2.159646 2.459087 1.864245 2.509785 2.031923 2.712349 2.008324 2.573944 3.090000 3.070000
1772410317568432706 1.964193 2.569763 2.159646 2.459087 1.864245 2.509785 2.031923 2.712349 1.994379 2.560974 3.090000 3.070000
1772410317586263629 1.964193 2.569763 2.159646 2.459087 1.864245 2.509785 2.031923 2.712349 1.994379 2.560974 3.070000 3.040000
1772410317586476744 1.964193 2.569763 2.139653 2.429082 1.864245 2.509785 2.031923 2.712349 1.994379 2.560974 3.070000 3.040000
1772410317587565105 1.964193 2.569763 2.139653 2.429082 1.855695 2.506948 2.031923 2.712349 1.994379 2.560974 3.070000 3.040000
1772410317592790053 1.964193 2.569763 2.139653 2.429082 1.855695 2.506948 2.036015 2.711271 1.994379 2.560974 3.070000 3.040000
1772410317607513402 1.964193 2.569763 2.139653 2.429082 1.855695 2.506946 2.036015 2.711271 1.994379 2.560974 3.070000 3.040000
1772410317627554011 1.964193 2.569763 2.139653 2.429082 1.855695 2.506946 2.036015 2.711271 1.994379 2.560974 3.070000 3.040000
1772410317647442055 1.964193 2.569763 2.139653 2.429082 1.855695 2.506946 2.036015 2.711271 1.994379 2.560974 3.070000 3.040000
1772410317667542681 1.964193 2.569763 2.139653 2.429082 1.855695 2.506945 2.036015 2.711271 1.994379 2.560974 3.070000 3.040000
1772410317687685442 1.964193 2.569763 2.139653 2.429082 1.855695 2.506945 2.036015 2.711271 1.994379 2.560974 3.070000 3.040000
1772410317693129817 1.964193 2.569763 2.139653 2.429082 1.855695 2.506945 2.036015 2.711271 1.975013 2.554609 3.070000 3.040000
1772410317707979890 1.964193 2.569763 2.139653 2.429082 1.855695 2.506944 2.036015 2.711271 1.975013 2.554609 3.070000 3.040000
1772410317718312433 1.964193 2.569763 2.139653 2.429082 1.855695 2.506944 2.003223 2.717013 1.975013 2.554609 3.070000 3.040000
1772410317726386415 1.936124 2.577440 2.139653 2.429082 1.855695 2.506944 2.003223 2.717013 1.975013 2.554609 3.070000 3.040000
1772410317727491241 1.936124 2.577440 2.139653 2.429082 1.837222 2.507532 2.003223 2.717013 1.975013 2.554609 3.070000 3.040000
1772410317747683611 1.936124 2.577440 2.139653 2.429082 1.837222 2.507532 2.003223 2.717013 1.975013 2.554609 3.070000 3.040000
1772410317767638323 1.936124 2.577440 2.139653 2.429082 1.837222 2.507532 2.003223 2.717013 1.975013 2.554609 3.070000 3.040000
1772410317786727664 1.936124 2.577440 2.139653 2.429082 1.837222 2.507532 2.003223 2.717013 1.975013 2.554609 3.030000 3.040000
1772410317787343781 1.936124 2.577440 2.099653 2.429073 1.837222 2.507532 2.003223 2.717013 1.975013 2.554609 3.030000 3.040000
1772410317787546752 1.936124 2.577440 2.099653 2.429073 1.837222 2.507532 2.003223 2.717013 1.975013 2.554609 3.030000 3.040000
1772410317807640027 1.936124 2.577440 2.099653 2.429073 1.841044 2.504352 2.003223 2.717013 1.975013 2.554609 3.030000 3.040000
1772410317826218442 1.879131 2.593058 2.099653 2.429073 1.841044 2.504352 2.003223 2.717013 1.975013 2.554609 3.030000 3.040000
1772410317827748695 1.879131 2.593058 2.099653 2.429073 1.817612 2.505090 2.003223 2.717013 1.975013 2.554609 3.030000 3.040000
1772410317847710838 1.879131 2.593058 2.099653 2.429073 1.817612 2.505095 2.003223 2.717013 1.975013 2.554609 3.030000 3.040000
1772410317867740025 1.879131 2.593058 2.099653 2.429073 1.817612 2.505095 2.003223 2.717013 1.975013 2.554609 3.030000 3.040000
1772410317868438822 1.879131 2.593058 2.099653 2.429073 1.817612 2.505095 1.938094 2.728550 1.975013 2.554609 3.030000 3.040000
1772410317868454453 1.879131 2.593058 2.099653 2.429073 1.817612 2.505095 1.938094 2.728550 1.906818 2.555546 3.030000 3.040000
1772410317886752173 1.879131 2.593058 2.099653 2.429073 1.817612 2.505095 1.938094 2.728550 1.906818 2.555546 3.010000 3.010000
1772410317887618132 1.879131 2.593058 2.079660 2.399068 1.817612 2.505095 1.938094 2.728550 1.906818 2.555546 3.010000 3.010000
1772410317887889151 1.879131 2.593058 2.079660 2.399068 1.817612 2.505095 1.938094 2.728550 1.906818 2.555546 3.010000 3.010000
1772410317907793701 1.879131 2.593058 2.079660 2.399068 1.794795 2.501584 1.938094 2.728550 1.906818 2.555546 3.010000 3.010000
1772410317927868119 1.879131 2.593058 2.079660 2.399068 1.794795 2.501584 1.938094 2.728550 1.906818 2.555546 3.010000 3.010000
1772410317947701118 1.879131 2.593058 2.079660 2.399068 1.794794 2.501581 1.938094 2.728550 1.906818 2.555546 3.010000 3.010000
1772410317967565504 1.879131 2.593058 2.079660 2.399068 1.794794 2.501581 1.938094 2.728550 1.906818 2.555546 3.010000 3.010000
1772410317986392964 1.879131 2.593058 2.079660 2.399068 1.794794 2.501581 1.938094 2.728550 1.906818 2.555546 3.000000 2.990000
1772410317986621443 1.879131 2.593058 2.069664 2.379066 1.794794 2.501581 1.938094 2.728550 1.906818 2.555546 3.000000 2.990000
1772410317987482652 1.879131 2.593058 2.069664 2.379066 1.749963 2.498206 1.938094 2.728550 1.906818 2.555546 3.000000 2.990000
1772410317992542369 1.879131 2.593058 2.069664 2.379066 1.749963 2.498206 1.891987 2.736666 1.906818 2.555546 3.000000 2.990000
1772410318007558913 1.879131 2.593058 2.069664 2.379066 1.749963 2.498198 1.891987 2.736666 1.906818 2.555546 3.000000 2.990000
1772410318027765885 1.879131 2.593058 2.069664 2.379066 1.749963 2.498198 1.891987 2.736666 1.906818 2.555546 3.000000 2.990000
1772410318042990354 1.879131 2.593058 2.069664 2.379066 1.749963 2.498198 1.891987 2.736666 1.865673 2.539303 3.000000 2.990000
1772410318046068363 1.850713 2.600854 2.069664 2.379066 1.749963 2.498198 1.891987 2.736666 1.865673 2.539303 3.000000 2.990000
1772410318047486734 1.850713 2.600854 2.069664 2.379066 1.741981 2.498456 1.891987 2.736666 1.865673 2.539303 3.000000 2.990000
1772410318067552917 1.850713 2.600854 2.069664 2.379066 1.741981 2.498456 1.891987 2.736666 1.865673 2.539303 3.000000 2.990000
1772410318087195474 1.850713 2.600854 2.069664 2.379066 1.741981 2.498456 1.891987 2.736666 1.865673 2.539303 2.960000 2.980000
1772410318087662263 1.850713 2.600854 2.069664 2.379066 1.741981 2.498456 1.891987 2.736666 1.865673 2.539303 2.960000 2.980000
1772410318087704351 1.850713 2.600854 2.029666 2.369057 1.741981 2.498456 1.891987 2.736666 1.865673 2.539303 2.960000 2.980000
1772410318093019767 1.850713 2.600854 2.029666 2.369057 1.741981 2.498456 1.910646 2.733160 1.865673 2.539303 2.960000 2.980000
1772410318107855271 1.850713 2.600854 2.029666 2.369057 1.749130 2.493087 1.910646 2.733160 1.865673 2.539303 2.960000 2.980000
1772410318127777377 1.850713 2.600854 2.029666 2.369057 1.749130 2.493087 1.910646 2.733160 1.865673 2.539303 2.960000 2.980000
1772410318143097195 1.850713 2.600854 2.029666 2.369057 1.749130 2.493087 1.910646 2.733160 1.899493 2.522729 2.960000 2.980000
1772410318147730948 1.850713 2.600854 2.029666 2.369057 1.749129 2.493085 1.910646 2.733160 1.899493 2.522729 2.960000 2.980000
1772410318166105019 1.822396 2.608621 2.029666 2.369057 1.749129 2.493085 1.910646 2.733160 1.899493 2.522729 2.960000 2.980000
1772410318167574259 1.822396 2.608621 2.029666 2.369057 1.729635 2.493708 1.910646 2.733160 1.899493 2.522729 2.960000 2.980000
1772410318186591627 1.822396 2.608621 2.029666 2.369057 1.729635 2.493708 1.910646 2.733160 1.899493 2.522729 2.940000 3.000000
1772410318187154229 1.822396 2.608621 2.009662 2.389053 1.729635 2.493708 1.910646 2.733160 1.899493 2.522729 2.940000 3.000000
1772410318187613559 1.822396 2.608621 2.009662 2.389053 1.729635 2.493712 1.910646 2.733160 1.899493 2.522729 2.940000 3.000000
1772410318207760078 1.822396 2.608621 2.009662 2.389053 1.736803 2.489382 1.910646 2.733160 1.899493 2.522729 2.940000 3.000000
1772410318218477860 1.822396 2.608621 2.009662 2.389053 1.736803 2.489382 1.873344 2.739835 1.899493 2.522729 2.940000 3.000000
1772410318227807841 1.822396 2.608621 2.009662 2.389053 1.736803 2.489382 1.873344 2.739835 1.899493 2.522729 2.940000 3.000000
1772410318247598487 1.822396 2.608621 2.009662 2.389053 1.736803 2.489382 1.873344 2.739835 1.899493 2.522729 2.940000 3.000000
1772410318266225135 1.767893 2.623571 2.009662 2.389053 1.736803 2.489382 1.873344 2.739835 1.899493 2.522729 2.940000 3.000000
1772410318267663072 1.767893 2.623571 2.009662 2.389053 1.691981 2.490846 1.873344 2.739835 1.899493 2.522729 2.940000 3.000000
1772410318287211493 1.767893 2.623571 2.009662 2.389053 1.691981 2.490846 1.873344 2.739835 1.899493 2.522729 2.920000 2.990000
1772410318287664086 1.767893 2.623571 2.009662 2.389053 1.691981 2.490839 1.873344 2.739835 1.899493 2.522729 2.920000 2.990000
1772410318287727376 1.767893 2.623571 1.989664 2.379048 1.691981 2.490839 1.873344 2.739835 1.899493 2.522729 2.920000 2.990000
1772410318307768175 1.767893 2.623571 1.989664 2.379048 1.693731 2.486396 1.873344 2.739835 1.899493 2.522729 2.920000 2.990000
1772410318327742746 1.767893 2.623571 1.989664 2.379048 1.693731 2.486396 1.873344 2.739835 1.899493 2.522729 2.920000 2.990000
1772410318343333872 1.767893 2.623571 1.989664 2.379048 1.693731 2.486396 1.782826 2.756029 1.899493 2.522729 2.920000 2.990000
1772410318343365187 1.767893 2.623571 1.989664 2.379048 1.693731 2.486396 1.782826 2.756029 1.816458 2.516134 2.920000 2.990000
1772410318347733567 1.767893 2.623571 1.989664 2.379048 1.693731 2.486393 1.782826 2.756029 1.816458 2.516134 2.920000 2.990000
1772410318367823969 1.767893 2.623571 1.989664 2.379048 1.693731 2.486393 1.782826 2.756029 1.816458 2.516134 2.920000 2.990000
1772410318387863487 1.767893 2.623571 1.989664 2.379048 1.693731 2.486390 1.782826 2.756029 1.816458 2.516134 2.920000 2.990000
1772410318389206465 1.767893 2.623571 1.989664 2.379048 1.693731 2.486390 1.782826 2.756029 1.816458 2.516134 2.900000 2.990000
1772410318389276175 1.765255 2.624295 1.989664 2.379048 1.693731 2.486390 1.782826 2.756029 1.816458 2.516134 2.900000 2.990000
1772410318390108679 1.765255 2.624295 1.969664 2.379044 1.693731 2.486390 1.782826 2.756029 1.816458 2.516134 2.900000 2.990000
1772410318407707069 1.765255 2.624295 1.969664 2.379044 1.703420 2.481840 1.782826 2.756029 1.816458 2.516134 2.900000 2.990000
1772410318427574087 1.765255 2.624295 1.969664 2.379044 1.703420 2.481840 1.782826 2.756029 1.816458 2.516134 2.900000 2.990000
1772410318447690521 1.765255 2.624295 1.969664 2.379044 1.703420 2.481840 1.782826 2.756029 1.816458 2.516134 2.900000 2.990000
1772410318467692325 1.765255 2.624295 1.969664 2.379044 1.703420 2.481840 1.782826 2.756029 1.816458 2.516134 2.900000 2.990000
1772410318468576770 1.765255 2.624295 1.969664 2.379044 1.703420 2.481840 1.815744 2.749838 1.816458 2.516134 2.900000 2.990000
1772410318468618288 1.765255 2.624295 1.969664 2.379044 1.703420 2.481840 1.815744 2.749838 1.850234 2.502425 2.900000 2.990000
1772410318486327885 1.737141 2.632006 1.969664 2.379044 1.703420 2.481840 1.815744 2.749838 1.850234 2.502425 2.900000 2.990000
1772410318487671527 1.737141 2.632006 1.969664 2.379044 1.674317 2.482696 1.815744 2.749838 1.850234 2.502425 2.900000 2.990000
1772410318508014345 1.737141 2.632006 1.969664 2.379044 1.674317 2.482696 1.815744 2.749838 1.850234 2.502425 2.900000 2.990000
1772410318527782228 1.737141 2.632006 1.969664 2.379044 1.674317 2.482695 1.815744 2.749838 1.850234 2.502425 2.900000 2.990000
1772410318547763352 1.737141 2.632006 1.969664 2.379044 1.674317 2.482695 1.815744 2.749838 1.850234 2.502425 2.900000 2.990000
1772410318567837017 1.737141 2.632006 1.969664 2.379044 1.674317 2.482695 1.815744 2.749838 1.850234 2.502425 2.900000 2.990000
1772410318568424127 1.737141 2.632006 1.969664 2.379044 1.674317 2.482695 1.769241 2.758215 1.850234 2.502425 2.900000 2.990000
1772410318568430959 1.737141 2.632006 1.969664 2.379044 1.674317 2.482695 1.769241 2.758215 1.803695 2.508893 2.900000 2.990000
1772410318586828453 1.737141 2.632006 1.969664 2.379044 1.674317 2.482695 1.769241 2.758215 1.803695 2.508893 2.830000 3.010000
1772410318587390785 1.737141 2.632006 1.899660 2.399028 1.674317 2.482695 1.769241 2.758215 1.803695 2.508893 2.830000 3.010000
1772410318587729309 1.737141 2.632006 1.899660 2.399028 1.674317 2.482694 1.769241 2.758215 1.803695 2.508893 2.830000 3.010000
1772410318606024511 1.708519 2.639857 1.899660 2.399028 1.674317 2.482694 1.769241 2.758215 1.803695 2.508893 2.830000 3.010000
1772410318607632276 1.708519 2.639857 1.899660 2.399028 1.651163 2.480011 1.769241 2.758215 1.803695 2.508893 2.830000 3.010000
1772410318627982678 1.708519 2.639857 1.899660 2.399028 1.651163 2.480015 1.769241 2.758215 1.803695 2.508893 2.830000 3.010000
1772410318647883957 1.708519 2.639857 1.899660 2.399028 1.651163 2.480015 1.769241 2.758215 1.803695 2.508893 2.830000 3.010000
1772410318667677046 1.708519 2.639857 1.899660 2.399028 1.651163 2.480015 1.769241 2.758215 1.803695 2.508893 2.830000 3.010000
1772410318686686487 1.708519 2.639857 1.899660 2.399028 1.651163 2.480015 1.769241 2.758215 1.803695 2.508893 2.800000 3.010000
1772410318687164805 1.708519 2.639857 1.869660 2.399021 1.651163 2.480015 1.769241 2.758215 1.803695 2.508893 2.800000 3.010000
1772410318687460182 1.708519 2.639857 1.869660 2.399021 1.651163 2.480016 1.769241 2.758215 1.803695 2.508893 2.800000 3.010000
1772410318693103950 1.708519 2.639857 1.869660 2.399021 1.651163 2.480016 1.741711 2.763040 1.803695 2.508893 2.800000 3.010000
1772410318706047020 1.680048 2.647659 1.869660 2.399021 1.651163 2.480016 1.741711 2.763040 1.803695 2.508893 2.800000 3.010000
1772410318707596351 1.680048 2.647659 1.869660 2.399021 1.635783 2.477213 1.741711 2.763040 1.803695 2.508893 2.800000 3.010000
1772410318727509678 1.680048 2.647659 1.869660 2.399021 1.635783 2.477213 1.741711 2.763040 1.803695 2.508893 2.800000 3.010000
1772410318747452529 1.680048 2.647659 1.869660 2.399021 1.635783 2.477213 1.741711 2.763040 1.803695 2.508893 2.800000 3.010000
1772410318767486740 1.680048 2.647659 1.869660 2.399021 1.635783 2.477210 1.741711 2.763040 1.803695 2.508893 2.800000 3.010000
1772410318767968001 1.680048 2.647659 1.869660 2.399021 1.635783 2.477210 1.741711 2.763040 1.761874 2.499650 2.800000 3.010000
1772410318786277938 1.680048 2.647659 1.869660 2.399021 1.635783 2.477210 1.741711 2.763040 1.761874 2.499650 2.770000 3.020000
1772410318786508945 1.680048 2.647659 1.839657 2.409014 1.635783 2.477210 1.741711 2.763040 1.761874 2.499650 2.770000 3.020000
1772410318787405069 1.680048 2.647659 1.839657 2.409014 1.621894 2.474873 1.741711 2.763040 1.761874 2.499650 2.770000 3.020000
1772410318807559359 1.680048 2.647659 1.839657 2.409014 1.621894 2.474873 1.741711 2.763040 1.761874 2.499650 2.770000 3.020000
1772410318826027394 1.651370 2.655503 1.839657 2.409014 1.621894 2.474873 1.741711 2.763040 1.761874 2.499650 2.770000 3.020000
1772410318827442263 1.651370 2.655503 1.839657 2.409014 1.612040 2.475134 1.741711 2.763040 1.761874 2.499650 2.770000 3.020000
1772410318847547318 1.651370 2.655503 1.839657 2.409014 1.612040 2.475134 1.741711 2.763040 1.761874 2.499650 2.770000 3.020000
1772410318867550707 1.651370 2.655503 1.839657 2.409014 1.612040 2.475134 1.741711 2.763040 1.761874 2.499650 2.770000 3.020000
1772410318867804673 1.651370 2.655503 1.839657 2.409014 1.612040 2.475134 1.741711 2.763040 1.745256 2.495524 2.770000 3.020000
1772410318867814469 1.651370 2.655503 1.839657 2.409014 1.612040 2.475134 1.693336 2.771578 1.745256 2.495524 2.770000 3.020000
1772410318886521933 1.651370 2.655503 1.839657 2.409014 1.612040 2.475134 1.693336 2.771578 1.745256 2.495524 2.730000 3.020000
1772410318886702927 1.651370 2.655503 1.799657 2.409005 1.612040 2.475134 1.693336 2.771578 1.745256 2.495524 2.730000 3.020000
1772410318887413310 1.651370 2.655503 1.799657 2.409005 1.605896 2.472649 1.693336 2.771578 1.745256 2.495524 2.730000 3.020000
1772410318907655826 1.651370 2.655503 1.799657 2.409005 1.605896 2.472646 1.693336 2.771578 1.745256 2.495524 2.730000 3.020000
1772410318925859525 1.622993 2.663250 1.799657 2.409005 1.605896 2.472646 1.693336 2.771578 1.745256 2.495524 2.730000 3.020000
1772410318927516167 1.622993 2.663250 1.799657 2.409005 1.594221 2.472942 1.693336 2.771578 1.745256 2.495524 2.730000 3.020000
1772410318947455252 1.622993 2.663250 1.799657 2.409005 1.594221 2.472942 1.693336 2.771578 1.745256 2.495524 2.730000 3.020000
1772410318967441400 1.622993 2.663250 1.799657 2.409005 1.594221 2.472940 1.693336 2.771578 1.745256 2.495524 2.730000 3.020000
1772410318986739409 1.622993 2.663250 1.799657 2.409005 1.594221 2.472940 1.693336 2.771578 1.745256 2.495524 2.690000 3.060000
1772410318987382849 1.622993 2.663250 1.759648 2.448996 1.594221 2.472940 1.693336 2.771578 1.745256 2.495524 2.690000 3.060000
1772410318987443311 1.622993 2.663250 1.759648 2.448996 1.594221 2.472940 1.693336 2.771578 1.745256 2.495524 2.690000 3.060000
1772410318992996644 1.622993 2.663250 1.759648 2.448996 1.594221 2.472940 1.655539 2.778220 1.745256 2.495524 2.690000 3.060000
1772410319007634513 1.622993 2.663250 1.759648 2.448996 1.584330 2.472315 1.655539 2.778220 1.745256 2.495524 2.690000 3.060000
1772410319027736297 1.622993 2.663250 1.759648 2.448996 1.584330 2.472315 1.655539 2.778220 1.745256 2.495524 2.690000 3.060000
1772410319042964131 1.622993 2.663250 1.759648 2.448996 1.584330 2.472315 1.655539 2.778220 1.695528 2.493237 2.690000 3.060000
1772410319046050940 1.594559 2.670989 1.759648 2.448996 1.584330 2.472315 1.655539 2.778220 1.695528 2.493237 2.690000 3.060000
1772410319047394904 1.594559 2.670989 1.759648 2.448996 1.569723 2.472651 1.655539 2.778220 1.695528 2.493237 2.690000 3.060000
1772410319067488959 1.594559 2.670989 1.759648 2.448996 1.569723 2.472651 1.655539 2.778220 1.695528 2.493237 2.690000 3.060000
1772410319086968960 1.594559 2.670989 1.759648 2.448996 1.569723 2.472651 1.655539 2.778220 1.695528 2.493237 2.660000 3.060000
1772410319087241900 1.594559 2.670989 1.729648 2.448990 1.569723 2.472651 1.655539 2.778220 1.695528 2.493237 2.660000 3.060000
1772410319087418065 1.594559 2.670989 1.729648 2.448990 1.569723 2.472651 1.655539 2.778220 1.695528 2.493237 2.660000 3.060000
1772410319107501413 1.594559 2.670989 1.729648 2.448990 1.567157 2.471836 1.655539 2.778220 1.695528 2.493237 2.660000 3.060000
1772410319118532976 1.594559 2.670989 1.729648 2.448990 1.567157 2.471836 1.628621 2.782899 1.695528 2.493237 2.660000 3.060000
1772410319127685701 1.594559 2.670989 1.729648 2.448990 1.567157 2.471836 1.628621 2.782899 1.695528 2.493237 2.660000 3.060000
1772410319146667142 1.565915 2.678756 1.729648 2.448990 1.567157 2.471836 1.628621 2.782899 1.695528 2.493237 2.660000 3.060000
1772410319147473848 1.565915 2.678756 1.729648 2.448990 1.549482 2.472198 1.628621 2.782899 1.695528 2.493237 2.660000 3.060000
1772410319167667577 1.565915 2.678756 1.729648 2.448990 1.549482 2.472200 1.628621 2.782899 1.695528 2.493237 2.660000 3.060000
1772410319186423458 1.565915 2.678756 1.729648 2.448990 1.549482 2.472200 1.628621 2.782899 1.695528 2.493237 2.640000 3.060000
1772410319186772244 1.565915 2.678756 1.709648 2.448985 1.549482 2.472200 1.628621 2.782899 1.695528 2.493237 2.640000 3.060000
1772410319187699488 1.565915 2.678756 1.709648 2.448985 1.544969 2.471414 1.628621 2.782899 1.695528 2.493237 2.640000 3.060000
1772410319207540223 1.565915 2.678756 1.709648 2.448985 1.544969 2.471415 1.628621 2.782899 1.695528 2.493237 2.640000 3.060000
1772410319218383783 1.565915 2.678756 1.709648 2.448985 1.544969 2.471415 1.628621 2.782899 1.653066 2.493103 2.640000 3.060000
1772410319227606752 1.565915 2.678756 1.709648 2.448985 1.544969 2.471415 1.628621 2.782899 1.653066 2.493103 2.640000 3.060000
1772410319247649106 1.565915 2.678756 1.709648 2.448985 1.544969 2.471412 1.628621 2.782899 1.653066 2.493103 2.640000 3.060000
1772410319266472819 1.537466 2.686440 1.709648 2.448985 1.544969 2.471412 1.628621 2.782899 1.653066 2.493103 2.640000 3.060000
1772410319267544402 1.537466 2.686440 1.709648 2.448985 1.525405 2.471757 1.628621 2.782899 1.653066 2.493103 2.640000 3.060000
1772410319287215204 1.537466 2.686440 1.709648 2.448985 1.525405 2.471757 1.628621 2.782899 1.653066 2.493103 2.610000 3.060000
1772410319287580555 1.537466 2.686440 1.709648 2.448985 1.525405 2.471757 1.628621 2.782899 1.653066 2.493103 2.610000 3.060000
1772410319287721727 1.537466 2.686440 1.679648 2.448978 1.525405 2.471757 1.628621 2.782899 1.653066 2.493103 2.610000 3.060000
1772410319292958075 1.537466 2.686440 1.679648 2.448978 1.525405 2.471757 1.580142 2.791336 1.653066 2.493103 2.610000 3.060000
1772410319307758092 1.537466 2.686440 1.679648 2.448978 1.527294 2.470848 1.580142 2.791336 1.653066 2.493103 2.610000 3.060000
1772410319327577839 1.537466 2.686440 1.679648 2.448978 1.527294 2.470848 1.580142 2.791336 1.653066 2.493103 2.610000 3.060000
1772410319347660522 1.537466 2.686440 1.679648 2.448978 1.527294 2.470846 1.580142 2.791336 1.653066 2.493103 2.610000 3.060000
1772410319366531856 1.508758 2.694171 1.679648 2.448978 1.527294 2.470846 1.580142 2.791336 1.653066 2.493103 2.610000 3.060000
1772410319367565881 1.508758 2.694171 1.679648 2.448978 1.503652 2.471203 1.580142 2.791336 1.653066 2.493103 2.610000 3.060000
1772410319386317012 1.508758 2.694171 1.679648 2.448978 1.503652 2.471203 1.580142 2.791336 1.653066 2.493103 2.610000 3.080000
1772410319386832251 1.508758 2.694171 1.679644 2.468978 1.503652 2.471203 1.580142 2.791336 1.653066 2.493103 2.610000 3.080000
1772410319387793888 1.508758 2.694171 1.679644 2.468978 1.505497 2.471188 1.580142 2.791336 1.653066 2.493103 2.610000 3.080000
1772410319393105943 1.508758 2.694171 1.679644 2.468978 1.505497 2.471188 1.548989 2.796712 1.653066 2.493103 2.610000 3.080000
1772410319407612452 1.508758 2.694171 1.679644 2.468978 1.505497 2.471194 1.548989 2.796712 1.653066 2.493103 2.610000 3.080000
1772410319427607748 1.508758 2.694171 1.679644 2.468978 1.505497 2.471194 1.548989 2.796712 1.653066 2.493103 2.610000 3.080000
1772410319443206124 1.508758 2.694171 1.679644 2.468978 1.505497 2.471194 1.548989 2.796712 1.595657 2.496425 2.610000 3.080000
1772410319447600507 1.508758 2.694171 1.679644 2.468978 1.505497 2.471195 1.548989 2.796712 1.595657 2.496425 2.610000 3.080000
1772410319467651887 1.508758 2.694171 1.679644 2.468978 1.505497 2.471195 1.548989 2.796712 1.595657 2.496425 2.610000 3.080000
1772410319487497354 1.508758 2.694171 1.679644 2.468978 1.505497 2.471194 1.548989 2.796712 1.595657 2.496425 2.610000 3.080000
1772410319487539963 1.480298 2.701813 1.679644 2.468978 1.505497 2.471194 1.548989 2.796712 1.595657 2.496425 2.610000 3.080000
1772410319487570992 1.480298 2.701813 1.679644 2.468978 1.505497 2.471194 1.548989 2.796712 1.595657 2.496425 2.580000 3.070000
1772410319488015145 1.480298 2.701813 1.649646 2.458972 1.505497 2.471194 1.548989 2.796712 1.595657 2.496425 2.580000 3.070000
1772410319507638089 1.480298 2.701813 1.649646 2.458972 1.488266 2.470996 1.548989 2.796712 1.595657 2.496425 2.580000 3.070000
1772410319518843272 1.480298 2.701813 1.649646 2.458972 1.488266 2.470996 1.522382 2.801248 1.595657 2.496425 2.580000 3.070000
1772410319527610658 1.480298 2.701813 1.649646 2.458972 1.488266 2.470996 1.522382 2.801248 1.595657 2.496425 2.580000 3.070000
1772410319547685099 1.480298 2.701813 1.649646 2.458972 1.488266 2.470993 1.522382 2.801248 1.595657 2.496425 2.580000 3.070000
1772410319567751895 1.480298 2.701813 1.649646 2.458972 1.488266 2.470993 1.522382 2.801248 1.595657 2.496425 2.580000 3.070000
1772410319568530849 1.480298 2.701813 1.649646 2.458972 1.488266 2.470993 1.522382 2.801248 1.571276 2.497298 2.580000 3.070000
1772410319586764322 1.480298 2.701813 1.649646 2.458972 1.488266 2.470993 1.522382 2.801248 1.571276 2.497298 2.540000 3.070000
1772410319586790365 1.422949 2.717122 1.649646 2.458972 1.488266 2.470993 1.522382 2.801248 1.571276 2.497298 2.540000 3.070000
1772410319587264343 1.422949 2.717122 1.609646 2.458963 1.488266 2.470993 1.522382 2.801248 1.571276 2.497298 2.540000 3.070000
1772410319587428283 1.422949 2.717122 1.609646 2.458963 1.429116 2.471675 1.522382 2.801248 1.571276 2.497298 2.540000 3.070000
1772410319607605992 1.422949 2.717122 1.609646 2.458963 1.436765 2.471125 1.522382 2.801248 1.571276 2.497298 2.540000 3.070000
1772410319627760938 1.422949 2.717122 1.609646 2.458963 1.436765 2.471125 1.522382 2.801248 1.571276 2.497298 2.540000 3.070000
1772410319643079558 1.422949 2.717122 1.609646 2.458963 1.436765 2.471125 1.424870 2.818079 1.571276 2.497298 2.540000 3.070000
1772410319647665755 1.422949 2.717122 1.609646 2.458963 1.436765 2.471133 1.424870 2.818079 1.571276 2.497298 2.540000 3.070000
1772410319667742321 1.422949 2.717122 1.609646 2.458963 1.436765 2.471133 1.424870 2.818079 1.571276 2.497298 2.540000 3.070000
1772410319686309159 1.422949 2.717122 1.609646 2.458963 1.436765 2.471133 1.424870 2.818079 1.571276 2.497298 2.510000 3.070000
1772410319686721048 1.422949 2.717122 1.579646 2.458956 1.436765 2.471133 1.424870 2.818079 1.571276 2.497298 2.510000 3.070000
1772410319687530590 1.422949 2.717122 1.579646 2.458956 1.386036 2.471181 1.424870 2.818079 1.571276 2.497298 2.510000 3.070000
1772410319707841909 1.422949 2.717122 1.579646 2.458956 1.386036 2.471181 1.424870 2.818079 1.571276 2.497298 2.510000 3.070000
1772410319718901052 1.422949 2.717122 1.579646 2.458956 1.386036 2.471181 1.424870 2.818079 1.461271 2.506535 2.510000 3.070000
1772410319727614955 1.422949 2.717122 1.579646 2.458956 1.386036 2.471191 1.424870 2.818079 1.461271 2.506535 2.510000 3.070000
1772410319747706657 1.422949 2.717122 1.579646 2.458956 1.386036 2.471188 1.424870 2.818079 1.461271 2.506535 2.510000 3.070000
1772410319768287017 1.422949 2.717122 1.579646 2.458956 1.386036 2.471188 1.424870 2.818079 1.461271 2.506535 2.510000 3.070000
1772410319769009632 1.422949 2.717122 1.579646 2.458956 1.386036 2.471188 1.345950 2.831340 1.461271 2.506535 2.510000 3.070000
1772410319786361942 1.422949 2.717122 1.579646 2.458956 1.386036 2.471188 1.345950 2.831340 1.461271 2.506535 2.480000 3.060000
1772410319786865107 1.422949 2.717122 1.549648 2.448949 1.386036 2.471188 1.345950 2.831340 1.461271 2.506535 2.480000 3.060000
1772410319787640276 1.422949 2.717122 1.549648 2.448949 1.335819 2.470750 1.345950 2.831340 1.461271 2.506535 2.480000 3.060000
1772410319806156840 1.365773 2.732265 1.549648 2.448949 1.335819 2.470750 1.345950 2.831340 1.461271 2.506535 2.480000 3.060000
1772410319807654347 1.365773 2.732265 1.549648 2.448949 1.330555 2.470792 1.345950 2.831340 1.461271 2.506535 2.480000 3.060000
1772410319827536223 1.365773 2.732265 1.549648 2.448949 1.330555 2.470798 1.345950 2.831340 1.461271 2.506535 2.480000 3.060000
1772410319847749910 1.365773 2.732265 1.549648 2.448949 1.330555 2.470798 1.345950 2.831340 1.461271 2.506535 2.480000 3.060000
1772410319867707686 1.365773 2.732265 1.549648 2.448949 1.330555 2.470798 1.345950 2.831340 1.461271 2.506535 2.480000 3.060000
1772410319868545911 1.365773 2.732265 1.549648 2.448949 1.330555 2.470798 1.345950 2.831340 1.449999 2.504385 2.480000 3.060000
1772410319886411241 1.365773 2.732265 1.549648 2.448949 1.330555 2.470798 1.345950 2.831340 1.449999 2.504385 2.440000 3.080000
1772410319887028192 1.365773 2.732265 1.509644 2.468940 1.330555 2.470798 1.345950 2.831340 1.449999 2.504385 2.440000 3.080000
1772410319888068982 1.365773 2.732265 1.509644 2.468940 1.317391 2.470848 1.345950 2.831340 1.449999 2.504385 2.440000 3.080000
1772410319893028692 1.365773 2.732265 1.509644 2.468940 1.317391 2.470848 1.361290 2.828465 1.449999 2.504385 2.440000 3.080000
1772410319907747890 1.365773 2.732265 1.509644 2.468940 1.317391 2.470848 1.361290 2.828465 1.449999 2.504385 2.440000 3.080000
1772410319927600243 1.365773 2.732265 1.509644 2.468940 1.317391 2.470836 1.361290 2.828465 1.449999 2.504385 2.440000 3.080000
1772410319947671937 1.365773 2.732265 1.509644 2.468940 1.317391 2.470836 1.361290 2.828465 1.449999 2.504385 2.440000 3.080000
1772410319967558268 1.365773 2.732265 1.509644 2.468940 1.317391 2.470822 1.361290 2.828465 1.449999 2.504385 2.440000 3.080000
1772410319987432485 1.365773 2.732265 1.509644 2.468940 1.317391 2.470822 1.361290 2.828465 1.449999 2.504385 2.430000 3.100000
1772410319987878294 1.365773 2.732265 1.509644 2.468940 1.317391 2.470822 1.361290 2.828465 1.449999 2.504385 2.430000 3.100000
1772410319988445851 1.365773 2.732265 1.499639 2.488938 1.317391 2.470822 1.361290 2.828465 1.449999 2.504385 2.430000 3.100000
1772410319993251935 1.365773 2.732265 1.499639 2.488938 1.317391 2.470822 1.335295 2.832756 1.449999 2.504385 2.430000 3.100000
1772410320007636624 1.365773 2.732265 1.499639 2.488938 1.299025 2.471522 1.335295 2.832756 1.449999 2.504385 2.430000 3.100000
1772410320027721305 1.365773 2.732265 1.499639 2.488938 1.299025 2.471516 1.335295 2.832756 1.449999 2.504385 2.430000 3.100000
1772410320028529943 1.337975 2.739525 1.499639 2.488938 1.299025 2.471516 1.335295 2.832756 1.449999 2.504385 2.430000 3.100000
1772410320047610140 1.337975 2.739525 1.499639 2.488938 1.293863 2.471471 1.335295 2.832756 1.449999 2.504385 2.430000 3.100000
1772410320067751076 1.337975 2.739525 1.499639 2.488938 1.293864 2.471464 1.335295 2.832756 1.449999 2.504385 2.430000 3.100000
1772410320068413594 1.337975 2.739525 1.499639 2.488938 1.293864 2.471464 1.335295 2.832756 1.442808 2.502611 2.430000 3.100000
1772410320086416698 1.337975 2.739525 1.499639 2.488938 1.293864 2.471464 1.335295 2.832756 1.442808 2.502611 2.410000 3.120000
1772410320087247043 1.337975 2.739525 1.479635 2.508933 1.293864 2.471464 1.335295 2.832756 1.442808 2.502611 2.410000 3.120000
1772410320087694224 1.337975 2.739525 1.479635 2.508933 1.293864 2.471464 1.335295 2.832756 1.442808 2.502611 2.410000 3.120000
1772410320107760976 1.337975 2.739525 1.479635 2.508933 1.293997 2.472883 1.335295 2.832756 1.442808 2.502611 2.410000 3.120000
1772410320118560391 1.337975 2.739525 1.479635 2.508933 1.293997 2.472883 1.335438 2.832618 1.442808 2.502611 2.410000 3.120000
1772410320127867730 1.337975 2.739525 1.479635 2.508933 1.293997 2.472884 1.335438 2.832618 1.442808 2.502611 2.410000 3.120000
1772410320146395291 1.310718 2.746360 1.479635 2.508933 1.293997 2.472884 1.335438 2.832618 1.442808 2.502611 2.410000 3.120000
1772410320147661338 1.310718 2.746360 1.479635 2.508933 1.280029 2.472515 1.335438 2.832618 1.442808 2.502611 2.410000 3.120000
1772410320167825872 1.310718 2.746360 1.479635 2.508933 1.280029 2.472514 1.335438 2.832618 1.442808 2.502611 2.410000 3.120000
1772410320188000448 1.310718 2.746360 1.479635 2.508933 1.280029 2.472514 1.335438 2.832618 1.442808 2.502611 2.410000 3.120000
1772410320188521275 1.310718 2.746360 1.479635 2.508933 1.280029 2.472514 1.335438 2.832618 1.442808 2.502611 2.380000 3.110000
1772410320189518019 1.310718 2.746360 1.449637 2.498927 1.280029 2.472514 1.335438 2.832618 1.442808 2.502611 2.380000 3.110000
1772410320207492432 1.310718 2.746360 1.449637 2.498927 1.278050 2.473298 1.335438 2.832618 1.442808 2.502611 2.380000 3.110000
1772410320218543635 1.310718 2.746360 1.449637 2.498927 1.278050 2.473298 1.335438 2.832618 1.402967 2.507961 2.380000 3.110000
1772410320227792841 1.310718 2.746360 1.449637 2.498927 1.278050 2.473284 1.335438 2.832618 1.402967 2.507961 2.380000 3.110000
1772410320246201027 1.259496 2.757210 1.449637 2.498927 1.278050 2.473284 1.335438 2.832618 1.402967 2.507961 2.380000 3.110000
1772410320247663279 1.259496 2.757210 1.449637 2.498927 1.246841 2.471752 1.335438 2.832618 1.402967 2.507961 2.380000 3.110000
1772410320267805207 1.259496 2.757210 1.449637 2.498927 1.246841 2.471745 1.335438 2.832618 1.402967 2.507961 2.380000 3.110000
1772410320287847936 1.259496 2.757210 1.449637 2.498927 1.246841 2.471745 1.335438 2.832618 1.402967 2.507961 2.380000 3.110000
1772410320288596512 1.259496 2.757210 1.449637 2.498927 1.246841 2.471745 1.335438 2.832618 1.402967 2.507961 2.330000 3.120000
1772410320289372144 1.259496 2.757210 1.399635 2.508915 1.246841 2.471745 1.335438 2.832618 1.402967 2.507961 2.330000 3.120000
1772410320293450421 1.259496 2.757210 1.399635 2.508915 1.246841 2.471745 1.252593 2.846151 1.402967 2.507961 2.330000 3.120000
1772410320307703367 1.259496 2.757210 1.399635 2.508915 1.232974 2.471989 1.252593 2.846151 1.402967 2.507961 2.330000 3.120000
1772410320318964065 1.259496 2.757210 1.399635 2.508915 1.232974 2.471989 1.252593 2.846151 1.332276 2.515500 2.330000 3.120000
1772410320327842260 1.259496 2.757210 1.399635 2.508915 1.232974 2.471989 1.252593 2.846151 1.332276 2.515500 2.330000 3.120000
1772410320347649974 1.259496 2.757210 1.399635 2.508915 1.232974 2.471989 1.252593 2.846151 1.332276 2.515500 2.330000 3.120000
1772410320367799534 1.259496 2.757210 1.399635 2.508915 1.232978 2.471922 1.252593 2.846151 1.332276 2.515500 2.330000 3.120000
1772410320386978238 1.259496 2.757210 1.399635 2.508915 1.232978 2.471922 1.252593 2.846151 1.332276 2.515500 2.300000 3.090000
1772410320387523415 1.259496 2.757210 1.369642 2.478909 1.232978 2.471922 1.252593 2.846151 1.332276 2.515500 2.300000 3.090000
1772410320387809875 1.259496 2.757210 1.369642 2.478909 1.232978 2.471922 1.252593 2.846151 1.332276 2.515500 2.300000 3.090000
1772410320393214155 1.259496 2.757210 1.369642 2.478909 1.232978 2.471922 1.213311 2.849957 1.332276 2.515500 2.300000 3.090000
1772410320407668737 1.259496 2.757210 1.369642 2.478909 1.188430 2.467502 1.213311 2.849957 1.332276 2.515500 2.300000 3.090000
1772410320418722787 1.259496 2.757210 1.369642 2.478909 1.188430 2.467502 1.213311 2.849957 1.276745 2.515232 2.300000 3.090000
1772410320427873207 1.259496 2.757210 1.369642 2.478909 1.188430 2.467502 1.213311 2.849957 1.276745 2.515232 2.300000 3.090000
1772410320447814346 1.259496 2.757210 1.369642 2.478909 1.188430 2.467502 1.213311 2.849957 1.276745 2.515232 2.300000 3.090000
1772410320466514003 1.234057 2.761418 1.369642 2.478909 1.188430 2.467502 1.213311 2.849957 1.276745 2.515232 2.300000 3.090000
1772410320467706271 1.234057 2.761418 1.369642 2.478909 1.179191 2.466387 1.213311 2.849957 1.276745 2.515232 2.300000 3.090000
1772410320486960985 1.234057 2.761418 1.369642 2.478909 1.179191 2.466387 1.213311 2.849957 1.276745 2.515232 2.270000 3.090000
1772410320487776700 1.234057 2.761418 1.369642 2.478909 1.179191 2.466387 1.213311 2.849957 1.276745 2.515232 2.270000 3.090000
1772410320487835446 1.234057 2.761418 1.339642 2.478902 1.179191 2.466387 1.213311 2.849957 1.276745 2.515232 2.270000 3.090000
1772410320493276033 1.234057 2.761418 1.339642 2.478902 1.179191 2.466387 1.237858 2.846058 1.276745 2.515232 2.270000 3.090000
1772410320507634154 1.234057 2.761418 1.339642 2.478902 1.183510 2.466638 1.237858 2.846058 1.276745 2.515232 2.270000 3.090000
1772410320527639524 1.234057 2.761418 1.339642 2.478902 1.183510 2.466638 1.237858 2.846058 1.276745 2.515232 2.270000 3.090000
1772410320547613485 1.234057 2.761418 1.339642 2.478902 1.183512 2.466626 1.237858 2.846058 1.276745 2.515232 2.270000 3.090000
1772410320567876410 1.234057 2.761418 1.339642 2.478902 1.183512 2.466626 1.237858 2.846058 1.276745 2.515232 2.270000 3.090000
1772410320568785572 1.234057 2.761418 1.339642 2.478902 1.183512 2.466626 1.237858 2.846058 1.311821 2.509276 2.270000 3.090000
1772410320586823927 1.207633 2.765094 1.339642 2.478902 1.183512 2.466626 1.237858 2.846058 1.311821 2.509276 2.270000 3.090000
1772410320586867558 1.207633 2.765094 1.339642 2.478902 1.183512 2.466626 1.237858 2.846058 1.311821 2.509276 2.230000 3.070000
1772410320587637939 1.207633 2.765094 1.299646 2.458893 1.183512 2.466626 1.237858 2.846058 1.311821 2.509276 2.230000 3.070000
1772410320587685803 1.207633 2.765094 1.299646 2.458893 1.161597 2.463642 1.237858 2.846058 1.311821 2.509276 2.230000 3.070000
1772410320607855963 1.207633 2.765094 1.299646 2.458893 1.167274 2.463459 1.237858 2.846058 1.311821 2.509276 2.230000 3.070000
1772410320618565837 1.207633 2.765094 1.299646 2.458893 1.167274 2.463459 1.203120 2.848922 1.311821 2.509276 2.230000 3.070000
1772410320627778700 1.207633 2.765094 1.299646 2.458893 1.167274 2.463459 1.203120 2.848922 1.311821 2.509276 2.230000 3.070000
1772410320647785783 1.207633 2.765094 1.299646 2.458893 1.167275 2.463452 1.203120 2.848922 1.311821 2.509276 2.230000 3.070000
1772410320667636891 1.207633 2.765094 1.299646 2.458893 1.167275 2.463452 1.203120 2.848922 1.311821 2.509276 2.230000 3.070000
1772410320686392384 1.207633 2.765094 1.299646 2.458893 1.167275 2.463452 1.203120 2.848922 1.311821 2.509276 2.220000 3.080000
1772410320686485858 1.179943 2.768430 1.299646 2.458893 1.167275 2.463452 1.203120 2.848922 1.311821 2.509276 2.220000 3.080000
1772410320686912373 1.179943 2.768430 1.289644 2.468891 1.167275 2.463452 1.203120 2.848922 1.311821 2.509276 2.220000 3.080000
1772410320687747784 1.179943 2.768430 1.289644 2.468891 1.145856 2.459715 1.203120 2.848922 1.311821 2.509276 2.220000 3.080000
1772410320708001108 1.179943 2.768430 1.289644 2.468891 1.145853 2.459733 1.203120 2.848922 1.311821 2.509276 2.220000 3.080000
1772410320727816756 1.179943 2.768430 1.289644 2.468891 1.145853 2.459733 1.203120 2.848922 1.311821 2.509276 2.220000 3.080000
1772410320744066888 1.179943 2.768430 1.289644 2.468891 1.145853 2.459733 1.203120 2.848922 1.258380 2.502887 2.220000 3.080000
1772410320744084905 1.179943 2.768430 1.289644 2.468891 1.145853 2.459733 1.164403 2.850870 1.258380 2.502887 2.220000 3.080000
1772410320747830571 1.179943 2.768430 1.289644 2.468891 1.145854 2.459726 1.164403 2.850870 1.258380 2.502887 2.220000 3.080000
1772410320767782999 1.179943 2.768430 1.289644 2.468891 1.145854 2.459726 1.164403 2.850870 1.258380 2.502887 2.220000 3.080000
1772410320786513430 1.179943 2.768430 1.289644 2.468891 1.145854 2.459726 1.164403 2.850870 1.258380 2.502887 2.210000 3.110000
1772410320787130057 1.179943 2.768430 1.279637 2.498888 1.145854 2.459726 1.164403 2.850870 1.258380 2.502887 2.210000 3.110000
1772410320787572639 1.179943 2.768430 1.279637 2.498888 1.145855 2.459717 1.164403 2.850870 1.258380 2.502887 2.210000 3.110000
1772410320805776841 1.151900 2.771446 1.279637 2.498888 1.145855 2.459717 1.164403 2.850870 1.258380 2.502887 2.210000 3.110000
1772410320807589815 1.151900 2.771446 1.279637 2.498888 1.120393 2.456275 1.164403 2.850870 1.258380 2.502887 2.210000 3.110000
1772410320827410108 1.151900 2.771446 1.279637 2.498888 1.120393 2.456275 1.164403 2.850870 1.258380 2.502887 2.210000 3.110000
1772410320847575129 1.151900 2.771446 1.279637 2.498888 1.120390 2.456295 1.164403 2.850870 1.258380 2.502887 2.210000 3.110000
1772410320867498687 1.151900 2.771446 1.279637 2.498888 1.120390 2.456295 1.164403 2.850870 1.258380 2.502887 2.210000 3.110000
1772410320867850473 1.151900 2.771446 1.279637 2.498888 1.120390 2.456295 1.138075 2.851040 1.258380 2.502887 2.210000 3.110000
1772410320868083184 1.151900 2.771446 1.279637 2.498888 1.120390 2.456295 1.138075 2.851040 1.231391 2.501239 2.210000 3.110000
1772410320886241453 1.151900 2.771446 1.279637 2.498888 1.120390 2.456295 1.138075 2.851040 1.231391 2.501239 2.200000 3.120000
1772410320886527725 1.151900 2.771446 1.269635 2.508886 1.120390 2.456295 1.138075 2.851040 1.231391 2.501239 2.200000 3.120000
1772410320887549926 1.151900 2.771446 1.269635 2.508886 1.108663 2.455416 1.138075 2.851040 1.231391 2.501239 2.200000 3.120000
1772410320906490896 1.123151 2.774290 1.269635 2.508886 1.108663 2.455416 1.138075 2.851040 1.231391 2.501239 2.200000 3.120000
1772410320907737491 1.123151 2.774290 1.269635 2.508886 1.103082 2.454449 1.138075 2.851040 1.231391 2.501239 2.200000 3.120000
1772410320927617150 1.123151 2.774290 1.269635 2.508886 1.103082 2.454449 1.138075 2.851040 1.231391 2.501239 2.200000 3.120000
1772410320947868086 1.123151 2.774290 1.269635 2.508886 1.103079 2.454465 1.138075 2.851040 1.231391 2.501239 2.200000 3.120000
1772410320967740329 1.123151 2.774290 1.269635 2.508886 1.103079 2.454465 1.138075 2.851040 1.231391 2.501239 2.200000 3.120000
1772410320968552244 1.123151 2.774290 1.269635 2.508886 1.103079 2.454465 1.105505 2.851775 1.231391 2.501239 2.200000 3.120000
1772410320968589060 1.123151 2.774290 1.269635 2.508886 1.103079 2.454465 1.105505 2.851775 1.202011 2.500227 2.200000 3.120000
1772410320987855539 1.123151 2.774290 1.269635 2.508886 1.103080 2.454463 1.105505 2.851775 1.202011 2.500227 2.200000 3.120000
1772410321007774954 1.123151 2.774290 1.269635 2.508886 1.103080 2.454463 1.105505 2.851775 1.202011 2.500227 2.200000 3.120000
1772410321026540684 1.094281 2.776974 1.269635 2.508886 1.103080 2.454463 1.105505 2.851775 1.202011 2.500227 2.200000 3.120000
1772410321027575259 1.094281 2.776974 1.269635 2.508886 1.074504 2.449500 1.105505 2.851775 1.202011 2.500227 2.200000 3.120000
1772410321047762974 1.094281 2.776974 1.269635 2.508886 1.074504 2.449500 1.105505 2.851775 1.202011 2.500227 2.200000 3.120000
1772410321067696386 1.094281 2.776974 1.269635 2.508886 1.074504 2.449500 1.105505 2.851775 1.202011 2.500227 2.200000 3.120000
1772410321086478730 1.094281 2.776974 1.269635 2.508886 1.074504 2.449500 1.105505 2.851775 1.202011 2.500227 2.110000 3.100000
1772410321087135262 1.094281 2.776974 1.179639 2.488866 1.074504 2.449500 1.105505 2.851775 1.202011 2.500227 2.110000 3.100000
1772410321087645255 1.094281 2.776974 1.179639 2.488866 1.074503 2.449501 1.105505 2.851775 1.202011 2.500227 2.110000 3.100000
1772410321093020088 1.094281 2.776974 1.179639 2.488866 1.074503 2.449501 1.078544 2.851460 1.202011 2.500227 2.110000 3.100000
1772410321107555680 1.094281 2.776974 1.179639 2.488866 1.065274 2.448763 1.078544 2.851460 1.202011 2.500227 2.110000 3.100000
1772410321126205740 1.035624 2.782139 1.179639 2.488866 1.065274 2.448763 1.078544 2.851460 1.202011 2.500227 2.110000 3.100000
1772410321127415943 1.035624 2.782139 1.179639 2.488866 1.042188 2.444681 1.078544 2.851460 1.202011 2.500227 2.110000 3.100000
1772410321147519869 1.035624 2.782139 1.179639 2.488866 1.042188 2.444681 1.078544 2.851460 1.202011 2.500227 2.110000 3.100000
1772410321167739723 1.035624 2.782139 1.179639 2.488866 1.042188 2.444681 1.078544 2.851460 1.202011 2.500227 2.110000 3.100000
1772410321168362269 1.035624 2.782139 1.179639 2.488866 1.042188 2.444681 1.078544 2.851460 1.107512 2.493842 2.110000 3.100000
1772410321186540896 1.035624 2.782139 1.179639 2.488866 1.042188 2.444681 1.078544 2.851460 1.107512 2.493842 2.070000 3.100000
1772410321187489798 1.035624 2.782139 1.139639 2.488857 1.042188 2.444681 1.078544 2.851460 1.107512 2.493842 2.070000 3.100000
1772410321187852345 1.035624 2.782139 1.139639 2.488857 1.042187 2.444685 1.078544 2.851460 1.107512 2.493842 2.070000 3.100000
1772410321193062307 1.035624 2.782139 1.139639 2.488857 1.042187 2.444685 0.996840 2.853719 1.107512 2.493842 2.070000 3.100000
1772410321207957237 1.035624 2.782139 1.139639 2.488857 1.012795 2.440614 0.996840 2.853719 1.107512 2.493842 2.070000 3.100000
1772410321227783723 1.035624 2.782139 1.139639 2.488857 1.012792 2.440629 0.996840 2.853719 1.107512 2.493842 2.070000 3.100000
1772410321247622465 1.035624 2.782139 1.139639 2.488857 1.012792 2.440629 0.996840 2.853719 1.107512 2.493842 2.070000 3.100000
1772410321267566600 1.035624 2.782139 1.139639 2.488857 1.012790 2.440642 0.996840 2.853719 1.107512 2.493842 2.070000 3.100000
1772410321286595690 1.035624 2.782139 1.139639 2.488857 1.012790 2.440642 0.996840 2.853719 1.107512 2.493842 2.060000 3.120000
1772410321287022587 1.035624 2.782139 1.129635 2.508855 1.012790 2.440642 0.996840 2.853719 1.107512 2.493842 2.060000 3.120000
1772410321287547033 1.035624 2.782139 1.129635 2.508855 1.012790 2.440642 0.996840 2.853719 1.107512 2.493842 2.060000 3.120000
1772410321307653892 1.035624 2.782139 1.129635 2.508855 0.961919 2.433791 0.996840 2.853719 1.107512 2.493842 2.060000 3.120000
1772410321318132444 1.035624 2.782139 1.129635 2.508855 0.961919 2.433791 0.996840 2.853719 1.040212 2.489358 2.060000 3.120000
1772410321318165498 1.035624 2.782139 1.129635 2.508855 0.961919 2.433791 0.918282 2.853088 1.040212 2.489358 2.060000 3.120000
1772410321327596356 1.035624 2.782139 1.129635 2.508855 0.961914 2.433823 0.918282 2.853088 1.040212 2.489358 2.060000 3.120000
1772410321346318852 1.007002 2.784638 1.129635 2.508855 0.961914 2.433823 0.918282 2.853088 1.040212 2.489358 2.060000 3.120000
1772410321347578400 1.007002 2.784638 1.129635 2.508855 0.954230 2.432532 0.918282 2.853088 1.040212 2.489358 2.060000 3.120000
1772410321367580294 1.007002 2.784638 1.129635 2.508855 0.954229 2.432539 0.918282 2.853088 1.040212 2.489358 2.060000 3.120000
1772410321386843777 1.007002 2.784638 1.129635 2.508855 0.954229 2.432539 0.918282 2.853088 1.040212 2.489358 2.060000 3.120000
1772410321387570180 1.007002 2.784638 1.129635 2.508855 0.954229 2.432539 0.918282 2.853088 1.040212 2.489358 2.060000 3.120000
1772410321387646052 1.007002 2.784638 1.129635 2.508855 0.954229 2.432539 0.918282 2.853088 1.040212 2.489358 2.060000 3.120000
1772410321407673605 1.007002 2.784638 1.129635 2.508855 0.956545 2.434914 0.918282 2.853088 1.040212 2.489358 2.060000 3.120000
1772410321427603641 1.007002 2.784638 1.129635 2.508855 0.956544 2.434921 0.918282 2.853088 1.040212 2.489358 2.060000 3.120000
1772410321443130444 1.007002 2.784638 1.129635 2.508855 0.956544 2.434921 0.962443 2.850201 1.040212 2.489358 2.060000 3.120000
1772410321443141516 1.007002 2.784638 1.129635 2.508855 0.956544 2.434921 0.962443 2.850201 1.078782 2.492401 2.060000 3.120000
1772410321447732917 1.007002 2.784638 1.129635 2.508855 0.956544 2.434921 0.962443 2.850201 1.078782 2.492401 2.060000 3.120000
1772410321466306870 0.978925 2.787325 1.129635 2.508855 0.956544 2.434921 0.962443 2.850201 1.078782 2.492401 2.060000 3.120000
1772410321467772390 0.978925 2.787325 1.129635 2.508855 0.938055 2.432213 0.962443 2.850201 1.078782 2.492401 2.060000 3.120000
1772410321486427086 0.978925 2.787325 1.129635 2.508855 0.938055 2.432213 0.962443 2.850201 1.078782 2.492401 2.020000 3.120000
1772410321487103619 0.978925 2.787325 1.089635 2.508846 0.938055 2.432213 0.962443 2.850201 1.078782 2.492401 2.020000 3.120000
1772410321487870900 0.978925 2.787325 1.089635 2.508846 0.939900 2.434802 0.962443 2.850201 1.078782 2.492401 2.020000 3.120000
1772410321507907432 0.978925 2.787325 1.089635 2.508846 0.939902 2.434788 0.962443 2.850201 1.078782 2.492401 2.020000 3.120000
1772410321527829254 0.978925 2.787325 1.089635 2.508846 0.939901 2.434794 0.962443 2.850201 1.078782 2.492401 2.020000 3.120000
1772410321547745108 0.978925 2.787325 1.089635 2.508846 0.939901 2.434794 0.962443 2.850201 1.078782 2.492401 2.020000 3.120000
1772410321566494562 0.952048 2.790363 1.089635 2.508846 0.939901 2.434794 0.962443 2.850201 1.078782 2.492401 2.020000 3.120000
1772410321567675991 0.952048 2.790363 1.089635 2.508846 0.918489 2.432182 0.962443 2.850201 1.078782 2.492401 2.020000 3.120000
1772410321587863454 0.952048 2.790363 1.089635 2.508846 0.918489 2.432182 0.962443 2.850201 1.078782 2.492401 2.020000 3.120000
1772410321593547153 0.952048 2.790363 1.089635 2.508846 0.918489 2.432182 0.916458 2.850588 1.078782 2.492401 2.020000 3.120000
1772410321593572555 0.952048 2.790363 1.089635 2.508846 0.918489 2.432182 0.916458 2.850588 1.034705 2.490613 2.020000 3.120000
1772410321607619342 0.952048 2.790363 1.089635 2.508846 0.918488 2.432190 0.916458 2.850588 1.034705 2.490613 2.020000 3.120000
1772410321627766479 0.952048 2.790363 1.089635 2.508846 0.918488 2.432190 0.916458 2.850588 1.034705 2.490613 2.020000 3.120000
1772410321647631437 0.952048 2.790363 1.089635 2.508846 0.918488 2.432190 0.916458 2.850588 1.034705 2.490613 2.020000 3.120000
1772410321667672585 0.952048 2.790363 1.089635 2.508846 0.918483 2.432229 0.916458 2.850588 1.034705 2.490613 2.020000 3.120000
1772410321686646849 0.952048 2.790363 1.089635 2.508846 0.918483 2.432229 0.916458 2.850588 1.034705 2.490613 2.000000 3.130000
1772410321686682025 0.926148 2.793992 1.089635 2.508846 0.918483 2.432229 0.916458 2.850588 1.034705 2.490613 2.000000 3.130000
1772410321687146604 0.926148 2.793992 1.069633 2.518841 0.918483 2.432229 0.916458 2.850588 1.034705 2.490613 2.000000 3.130000
1772410321687354829 0.926148 2.793992 1.069633 2.518841 0.892431 2.429923 0.916458 2.850588 1.034705 2.490613 2.000000 3.130000
1772410321707723047 0.926148 2.793992 1.069633 2.518841 0.899972 2.433717 0.916458 2.850588 1.034705 2.490613 2.000000 3.130000
1772410321727787495 0.926148 2.793992 1.069633 2.518841 0.899972 2.433717 0.916458 2.850588 1.034705 2.490613 2.000000 3.130000
1772410321743161339 0.926148 2.793992 1.069633 2.518841 0.899972 2.433717 0.886246 2.850948 1.034705 2.490613 2.000000 3.130000
1772410321743167726 0.926148 2.793992 1.069633 2.518841 0.899972 2.433717 0.886246 2.850948 1.006880 2.491332 2.000000 3.130000
1772410321747349377 0.926148 2.793992 1.069633 2.518841 0.899971 2.433722 0.886246 2.850948 1.006880 2.491332 2.000000 3.130000
1772410321767763259 0.926148 2.793992 1.069633 2.518841 0.899969 2.433741 0.886246 2.850948 1.006880 2.491332 2.000000 3.130000
1772410321786668025 0.926148 2.793992 1.069633 2.518841 0.899969 2.433741 0.886246 2.850948 1.006880 2.491332 1.950000 3.120000
1772410321786699370 0.901327 2.798379 1.069633 2.518841 0.899969 2.433741 0.886246 2.850948 1.006880 2.491332 1.950000 3.120000
1772410321787092193 0.901327 2.798379 1.019635 2.508830 0.899969 2.433741 0.886246 2.850948 1.006880 2.491332 1.950000 3.120000
1772410321787689396 0.901327 2.798379 1.019635 2.508830 0.881045 2.435683 0.886246 2.850948 1.006880 2.491332 1.950000 3.120000
1772410321807726243 0.901327 2.798379 1.019635 2.508830 0.881046 2.435658 0.886246 2.850948 1.006880 2.491332 1.950000 3.120000
1772410321827642412 0.901327 2.798379 1.019635 2.508830 0.881046 2.435658 0.886246 2.850948 1.006880 2.491332 1.950000 3.120000
1772410321843760889 0.901327 2.798379 1.019635 2.508830 0.881046 2.435658 0.886246 2.850948 0.980489 2.492399 1.950000 3.120000
1772410321843771106 0.901327 2.798379 1.019635 2.508830 0.881046 2.435658 0.858525 2.852509 0.980489 2.492399 1.950000 3.120000
1772410321847715794 0.901327 2.798379 1.019635 2.508830 0.881045 2.435688 0.858525 2.852509 0.980489 2.492399 1.950000 3.120000
1772410321867772241 0.901327 2.798379 1.019635 2.508830 0.881045 2.435688 0.858525 2.852509 0.980489 2.492399 1.950000 3.120000
1772410321887868671 0.901327 2.798379 1.019635 2.508830 0.881045 2.435688 0.858525 2.852509 0.980489 2.492399 1.950000 3.120000
1772410321906289864 0.877377 2.803642 1.019635 2.508830 0.881045 2.435688 0.858525 2.852509 0.980489 2.492399 1.950000 3.120000
1772410321907601160 0.877377 2.803642 1.019635 2.508830 0.856591 2.435601 0.858525 2.852509 0.980489 2.492399 1.950000 3.120000
1772410321927993802 0.877377 2.803642 1.019635 2.508830 0.856591 2.435601 0.858525 2.852509 0.980489 2.492399 1.950000 3.120000
1772410321947670601 0.877377 2.803642 1.019635 2.508830 0.856591 2.435549 0.858525 2.852509 0.980489 2.492399 1.950000 3.120000
1772410321967860716 0.877377 2.803642 1.019635 2.508830 0.856591 2.435549 0.858525 2.852509 0.980489 2.492399 1.950000 3.120000
1772410321968544888 0.877377 2.803642 1.019635 2.508830 0.856591 2.435549 0.858525 2.852509 0.957906 2.493300 1.950000 3.120000
1772410321968557914 0.877377 2.803642 1.019635 2.508830 0.856591 2.435549 0.836381 2.854707 0.957906 2.493300 1.950000 3.120000
1772410321986349669 0.877377 2.803642 1.019635 2.508830 0.856591 2.435549 0.836381 2.854707 0.957906 2.493300 1.880000 3.100000
1772410321987020321 0.877377 2.803642 0.949639 2.488814 0.856591 2.435549 0.836381 2.854707 0.957906 2.493300 1.880000 3.100000
1772410321987967577 0.877377 2.803642 0.949639 2.488814 0.844924 2.438144 0.836381 2.854707 0.957906 2.493300 1.880000 3.100000
1772410322005986982 0.852216 2.810175 0.949639 2.488814 0.844924 2.438144 0.836381 2.854707 0.957906 2.493300 1.880000 3.100000
1772410322007575935 0.852216 2.810175 0.949639 2.488814 0.839823 2.438193 0.836381 2.854707 0.957906 2.493300 1.880000 3.100000
1772410322027666232 0.852216 2.810175 0.949639 2.488814 0.839823 2.438193 0.836381 2.854707 0.957906 2.493300 1.880000 3.100000
1772410322047506158 0.852216 2.810175 0.949639 2.488814 0.839823 2.438190 0.836381 2.854707 0.957906 2.493300 1.880000 3.100000
1772410322067682127 0.852216 2.810175 0.949639 2.488814 0.839823 2.438190 0.836381 2.854707 0.957906 2.493300 1.880000 3.100000
1772410322087658021 0.852216 2.810175 0.949639 2.488814 0.839823 2.438190 0.836381 2.854707 0.957906 2.493300 1.830000 3.060000
1772410322087701794 0.852216 2.810175 0.949639 2.488814 0.839823 2.438204 0.836381 2.854707 0.957906 2.493300 1.830000 3.060000
1772410322088338665 0.852216 2.810175 0.899648 2.448803 0.839823 2.438204 0.836381 2.854707 0.957906 2.493300 1.830000 3.060000
1772410322093194534 0.852216 2.810175 0.899648 2.448803 0.839823 2.438204 0.800329 2.859497 0.957906 2.493300 1.830000 3.060000
1772410322107814272 0.852216 2.810175 0.899648 2.448803 0.822290 2.439370 0.800329 2.859497 0.957906 2.493300 1.830000 3.060000
1772410322118623474 0.852216 2.810175 0.899648 2.448803 0.822290 2.439370 0.800329 2.859497 0.910905 2.492474 1.830000 3.060000
1772410322126309230 0.826334 2.817657 0.899648 2.448803 0.822290 2.439370 0.800329 2.859497 0.910905 2.492474 1.830000 3.060000
1772410322127703116 0.826334 2.817657 0.899648 2.448803 0.813482 2.439779 0.800329 2.859497 0.910905 2.492474 1.830000 3.060000
1772410322147756440 0.826334 2.817657 0.899648 2.448803 0.813480 2.439717 0.800329 2.859497 0.910905 2.492474 1.830000 3.060000
1772410322167529525 0.826334 2.817657 0.899648 2.448803 0.813480 2.439717 0.800329 2.859497 0.910905 2.492474 1.830000 3.060000
1772410322186543688 0.826334 2.817657 0.899648 2.448803 0.813480 2.439717 0.800329 2.859497 0.910905 2.492474 1.820000 3.060000
1772410322187124665 0.826334 2.817657 0.889648 2.448800 0.813480 2.439717 0.800329 2.859497 0.910905 2.492474 1.820000 3.060000
1772410322187748498 0.826334 2.817657 0.889648 2.448800 0.803850 2.440750 0.800329 2.859497 0.910905 2.492474 1.820000 3.060000
1772410322207700886 0.826334 2.817657 0.889648 2.448800 0.803850 2.440750 0.800329 2.859497 0.910905 2.492474 1.820000 3.060000
1772410322218607345 0.826334 2.817657 0.889648 2.448800 0.803850 2.440750 0.775180 2.864317 0.910905 2.492474 1.820000 3.060000
1772410322226303720 0.799594 2.825944 0.889648 2.448800 0.803850 2.440750 0.775180 2.864317 0.910905 2.492474 1.820000 3.060000
1772410322227620351 0.799594 2.825944 0.889648 2.448800 0.792748 2.441362 0.775180 2.864317 0.910905 2.492474 1.820000 3.060000
1772410322247716680 0.799594 2.825944 0.889648 2.448800 0.792747 2.441325 0.775180 2.864317 0.910905 2.492474 1.820000 3.060000
1772410322267593541 0.799594 2.825944 0.889648 2.448800 0.792747 2.441325 0.775180 2.864317 0.910905 2.492474 1.820000 3.060000
1772410322287752558 0.799594 2.825944 0.889648 2.448800 0.792747 2.441337 0.775180 2.864317 0.910905 2.492474 1.820000 3.060000
1772410322293620081 0.799594 2.825944 0.889648 2.448800 0.792747 2.441337 0.775180 2.864317 0.865935 2.494565 1.820000 3.060000
1772410322307717443 0.799594 2.825944 0.889648 2.448800 0.792747 2.441337 0.775180 2.864317 0.865935 2.494565 1.820000 3.060000
1772410322327573610 0.799594 2.825944 0.889648 2.448800 0.792748 2.441354 0.775180 2.864317 0.865935 2.494565 1.820000 3.060000
1772410322343574766 0.799594 2.825944 0.889648 2.448800 0.792748 2.441354 0.737121 2.871725 0.865935 2.494565 1.820000 3.060000
1772410322346150338 0.772669 2.834694 0.889648 2.448800 0.792748 2.441354 0.737121 2.871725 0.865935 2.494565 1.820000 3.060000
1772410322347582147 0.772669 2.834694 0.889648 2.448800 0.764496 2.443129 0.737121 2.871725 0.865935 2.494565 1.820000 3.060000
1772410322367775134 0.772669 2.834694 0.889648 2.448800 0.764496 2.443129 0.737121 2.871725 0.865935 2.494565 1.820000 3.060000
1772410322386561256 0.772669 2.834694 0.889648 2.448800 0.764496 2.443129 0.737121 2.871725 0.865935 2.494565 1.780000 3.070000
1772410322387301687 0.772669 2.834694 0.849646 2.458791 0.764496 2.443129 0.737121 2.871725 0.865935 2.494565 1.780000 3.070000
1772410322387607799 0.772669 2.834694 0.849646 2.458791 0.764495 2.443111 0.737121 2.871725 0.865935 2.494565 1.780000 3.070000
1772410322407804578 0.772669 2.834694 0.849646 2.458791 0.759188 2.444420 0.737121 2.871725 0.865935 2.494565 1.780000 3.070000
1772410322418718034 0.772669 2.834694 0.849646 2.458791 0.759188 2.444420 0.737121 2.871725 0.836569 2.496161 1.780000 3.070000
1772410322427745833 0.772669 2.834694 0.849646 2.458791 0.759187 2.444415 0.737121 2.871725 0.836569 2.496161 1.780000 3.070000
1772410322446384995 0.745238 2.843921 0.849646 2.458791 0.759187 2.444415 0.737121 2.871725 0.836569 2.496161 1.780000 3.070000
1772410322447622518 0.745238 2.843921 0.849646 2.458791 0.741956 2.445636 0.737121 2.871725 0.836569 2.496161 1.780000 3.070000
1772410322467753038 0.745238 2.843921 0.849646 2.458791 0.741956 2.445636 0.737121 2.871725 0.836569 2.496161 1.780000 3.070000
1772410322486447030 0.745238 2.843921 0.849646 2.458791 0.741956 2.445636 0.737121 2.871725 0.836569 2.496161 1.740000 3.080000
1772410322487020372 0.745238 2.843921 0.809644 2.468782 0.741956 2.445636 0.737121 2.871725 0.836569 2.496161 1.740000 3.080000
1772410322487541813 0.745238 2.843921 0.809644 2.468782 0.741955 2.445630 0.737121 2.871725 0.836569 2.496161 1.740000 3.080000
1772410322493231325 0.745238 2.843921 0.809644 2.468782 0.741955 2.445630 0.699873 2.880336 0.836569 2.496161 1.740000 3.080000
1772410322507813797 0.745238 2.843921 0.809644 2.468782 0.733799 2.447470 0.699873 2.880336 0.836569 2.496161 1.740000 3.080000
1772410322527884021 0.745238 2.843921 0.809644 2.468782 0.733799 2.447469 0.699873 2.880336 0.836569 2.496161 1.740000 3.080000
1772410322543573590 0.745238 2.843921 0.809644 2.468782 0.733799 2.447469 0.699873 2.880336 0.795553 2.500236 1.740000 3.080000
1772410322547969140 0.745238 2.843921 0.809644 2.468782 0.733799 2.447469 0.699873 2.880336 0.795553 2.500236 1.740000 3.080000
1772410322566211121 0.717983 2.853343 0.809644 2.468782 0.733799 2.447469 0.699873 2.880336 0.795553 2.500236 1.740000 3.080000
1772410322567590102 0.717983 2.853343 0.809644 2.468782 0.714704 2.448948 0.699873 2.880336 0.795553 2.500236 1.740000 3.080000
1772410322587706082 0.717983 2.853343 0.809644 2.468782 0.714704 2.448948 0.699873 2.880336 0.795553 2.500236 1.740000 3.080000
1772410322588060272 0.717983 2.853343 0.809644 2.468782 0.714704 2.448948 0.699873 2.880336 0.795553 2.500236 1.690000 3.080000
1772410322588687044 0.717983 2.853343 0.759644 2.468771 0.714704 2.448948 0.699873 2.880336 0.795553 2.500236 1.690000 3.080000
1772410322607817169 0.717983 2.853343 0.759644 2.468771 0.712065 2.450190 0.699873 2.880336 0.795553 2.500236 1.690000 3.080000
1772410322627874983 0.717983 2.853343 0.759644 2.468771 0.712065 2.450187 0.699873 2.880336 0.795553 2.500236 1.690000 3.080000
1772410322643648228 0.717983 2.853343 0.759644 2.468771 0.712065 2.450187 0.666468 2.888597 0.795553 2.500236 1.690000 3.080000
1772410322647891756 0.717983 2.853343 0.759644 2.468771 0.712065 2.450187 0.666468 2.888597 0.795553 2.500236 1.690000 3.080000
1772410322666158549 0.690596 2.863020 0.759644 2.468771 0.712065 2.450187 0.666468 2.888597 0.795553 2.500236 1.690000 3.080000
1772410322667561105 0.690596 2.863020 0.759644 2.468771 0.688966 2.452085 0.666468 2.888597 0.795553 2.500236 1.690000 3.080000
1772410322686531648 0.690596 2.863020 0.759644 2.468771 0.688966 2.452085 0.666468 2.888597 0.795553 2.500236 1.650000 3.070000
1772410322686903798 0.690596 2.863020 0.719646 2.458762 0.688966 2.452085 0.666468 2.888597 0.795553 2.500236 1.650000 3.070000
1772410322687483773 0.690596 2.863020 0.719646 2.458762 0.684725 2.452850 0.666468 2.888597 0.795553 2.500236 1.650000 3.070000
1772410322707617343 0.690596 2.863020 0.719646 2.458762 0.684725 2.452850 0.666468 2.888597 0.795553 2.500236 1.650000 3.070000
1772410322727694089 0.690596 2.863020 0.719646 2.458762 0.684724 2.452846 0.666468 2.888597 0.795553 2.500236 1.650000 3.070000
1772410322743281067 0.690596 2.863020 0.719646 2.458762 0.684724 2.452846 0.634785 2.896163 0.795553 2.500236 1.650000 3.070000
1772410322743300412 0.690596 2.863020 0.719646 2.458762 0.684724 2.452846 0.634785 2.896163 0.736371 2.504096 1.650000 3.070000
1772410322747987801 0.690596 2.863020 0.719646 2.458762 0.684724 2.452846 0.634785 2.896163 0.736371 2.504096 1.650000 3.070000
1772410322767647230 0.690596 2.863020 0.719646 2.458762 0.684725 2.452849 0.634785 2.896163 0.736371 2.504096 1.650000 3.070000
1772410322786323413 0.690596 2.863020 0.719646 2.458762 0.684725 2.452849 0.634785 2.896163 0.736371 2.504096 1.630000 3.060000
1772410322786351487 0.662912 2.872963 0.719646 2.458762 0.684725 2.452849 0.634785 2.896163 0.736371 2.504096 1.630000 3.060000
1772410322786700566 0.662912 2.872963 0.699648 2.448758 0.684725 2.452849 0.634785 2.896163 0.736371 2.504096 1.630000 3.060000
1772410322787566368 0.662912 2.872963 0.699648 2.448758 0.661986 2.454693 0.634785 2.896163 0.736371 2.504096 1.630000 3.060000
1772410322807974570 0.662912 2.872963 0.699648 2.448758 0.661985 2.454689 0.634785 2.896163 0.736371 2.504096 1.630000 3.060000
1772410322827918729 0.662912 2.872963 0.699648 2.448758 0.661985 2.454687 0.634785 2.896163 0.736371 2.504096 1.630000 3.060000
1772410322847744723 0.662912 2.872963 0.699648 2.448758 0.661985 2.454687 0.634785 2.896163 0.736371 2.504096 1.630000 3.060000
1772410322867569260 0.662912 2.872963 0.699648 2.448758 0.661986 2.454690 0.634785 2.896163 0.736371 2.504096 1.630000 3.060000
1772410322867746827 0.662912 2.872963 0.699648 2.448758 0.661986 2.454690 0.634785 2.896163 0.704868 2.505333 1.630000 3.060000
1772410322867942003 0.662912 2.872963 0.699648 2.448758 0.661986 2.454690 0.608194 2.903402 0.704868 2.505333 1.630000 3.060000
1772410322886989659 0.662912 2.872963 0.699648 2.448758 0.661986 2.454690 0.608194 2.903402 0.704868 2.505333 1.600000 3.070000
1772410322887000070 0.635465 2.882943 0.699648 2.448758 0.661986 2.454690 0.608194 2.903402 0.704868 2.505333 1.600000 3.070000
1772410322887334437 0.635465 2.882943 0.699648 2.448758 0.661986 2.454690 0.608194 2.903402 0.704868 2.505333 1.600000 3.070000
1772410322887353530 0.635465 2.882943 0.669646 2.458751 0.661986 2.454690 0.608194 2.903402 0.704868 2.505333 1.600000 3.070000
1772410322907744945 0.635465 2.882943 0.669646 2.458751 0.634487 2.457356 0.608194 2.903402 0.704868 2.505333 1.600000 3.070000
1772410322927526100 0.635465 2.882943 0.669646 2.458751 0.634487 2.457356 0.608194 2.903402 0.704868 2.505333 1.600000 3.070000
1772410322947812005 0.635465 2.882943 0.669646 2.458751 0.634487 2.457356 0.608194 2.903402 0.704868 2.505333 1.600000 3.070000
1772410322967694303 0.635465 2.882943 0.669646 2.458751 0.634487 2.457357 0.608194 2.903402 0.704868 2.505333 1.600000 3.070000
1772410322968198089 0.635465 2.882943 0.669646 2.458751 0.634487 2.457357 0.576774 2.911317 0.704868 2.505333 1.600000 3.070000
1772410322968320031 0.635465 2.882943 0.669646 2.458751 0.634487 2.457357 0.576774 2.911317 0.670764 2.507696 1.600000 3.070000
1772410322986578359 0.635465 2.882943 0.669646 2.458751 0.634487 2.457357 0.576774 2.911317 0.670764 2.507696 1.570000 3.060000
1772410322987040994 0.635465 2.882943 0.639648 2.448744 0.634487 2.457357 0.576774 2.911317 0.670764 2.507696 1.570000 3.060000
1772410322987623837 0.635465 2.882943 0.639648 2.448744 0.606889 2.459534 0.576774 2.911317 0.670764 2.507696 1.570000 3.060000
1772410323006194789 0.607798 2.893087 0.639648 2.448744 0.606889 2.459534 0.576774 2.911317 0.670764 2.507696 1.570000 3.060000
1772410323007598076 0.607798 2.893087 0.639648 2.448744 0.602102 2.459973 0.576774 2.911317 0.670764 2.507696 1.570000 3.060000
1772410323027691148 0.607798 2.893087 0.639648 2.448744 0.602102 2.459973 0.576774 2.911317 0.670764 2.507696 1.570000 3.060000
1772410323047763235 0.607798 2.893087 0.639648 2.448744 0.602102 2.459973 0.576774 2.911317 0.670764 2.507696 1.570000 3.060000
1772410323067582771 0.607798 2.893087 0.639648 2.448744 0.602102 2.459973 0.576774 2.911317 0.670764 2.507696 1.570000 3.060000
1772410323068249004 0.607798 2.893087 0.639648 2.448744 0.602102 2.459973 0.576774 2.911317 0.646948 2.507529 1.570000 3.060000
1772410323068354627 0.607798 2.893087 0.639648 2.448744 0.602102 2.459973 0.556161 2.917165 0.646948 2.507529 1.570000 3.060000
1772410323086610961 0.607798 2.893087 0.639648 2.448744 0.602102 2.459973 0.556161 2.917165 0.646948 2.507529 1.530000 3.060000
1772410323087307094 0.607798 2.893087 0.599648 2.448735 0.602102 2.459973 0.556161 2.917165 0.646948 2.507529 1.530000 3.060000
1772410323087579427 0.607798 2.893087 0.599648 2.448735 0.602102 2.459973 0.556161 2.917165 0.646948 2.507529 1.530000 3.060000
1772410323106264154 0.580348 2.903212 0.599648 2.448735 0.602102 2.459973 0.556161 2.917165 0.646948 2.507529 1.530000 3.060000
1772410323107683351 0.580348 2.903212 0.599648 2.448735 0.577524 2.461779 0.556161 2.917165 0.646948 2.507529 1.530000 3.060000
1772410323127567248 0.580348 2.903212 0.599648 2.448735 0.577524 2.461779 0.556161 2.917165 0.646948 2.507529 1.530000 3.060000
1772410323147520217 0.580348 2.903212 0.599648 2.448735 0.577524 2.461781 0.556161 2.917165 0.646948 2.507529 1.530000 3.060000
1772410323167526319 0.580348 2.903212 0.599648 2.448735 0.577524 2.461781 0.556161 2.917165 0.646948 2.507529 1.530000 3.060000
1772410323186479627 0.580348 2.903212 0.599648 2.448735 0.577524 2.461781 0.556161 2.917165 0.646948 2.507529 1.540000 3.080000
1772410323186741863 0.580348 2.903212 0.609644 2.468737 0.577524 2.461781 0.556161 2.917165 0.646948 2.507529 1.540000 3.080000
1772410323187440918 0.580348 2.903212 0.609644 2.468737 0.556456 2.464236 0.556161 2.917165 0.646948 2.507529 1.540000 3.080000
1772410323192719119 0.580348 2.903212 0.609644 2.468737 0.556456 2.464236 0.517659 2.927186 0.646948 2.507529 1.540000 3.080000
1772410323207492835 0.580348 2.903212 0.609644 2.468737 0.556455 2.464226 0.517659 2.927186 0.646948 2.507529 1.540000 3.080000
1772410323226485888 0.552866 2.913402 0.609644 2.468737 0.556455 2.464226 0.517659 2.927186 0.646948 2.507529 1.540000 3.080000
1772410323227378466 0.552866 2.913402 0.609644 2.468737 0.546832 2.465150 0.517659 2.927186 0.646948 2.507529 1.540000 3.080000
1772410323247518416 0.552866 2.913402 0.609644 2.468737 0.546832 2.465147 0.517659 2.927186 0.646948 2.507529 1.540000 3.080000
1772410323267633476 0.552866 2.913402 0.609644 2.468737 0.546832 2.465147 0.517659 2.927186 0.646948 2.507529 1.540000 3.080000
1772410323267962827 0.552866 2.913402 0.609644 2.468737 0.546832 2.465147 0.517659 2.927186 0.587097 2.511341 1.540000 3.080000
1772410323286553504 0.552866 2.913402 0.609644 2.468737 0.546832 2.465147 0.517659 2.927186 0.587097 2.511341 1.500000 3.080000
1772410323286859665 0.552866 2.913402 0.569644 2.468728 0.546832 2.465147 0.517659 2.927186 0.587097 2.511341 1.500000 3.080000
1772410323287444747 0.552866 2.913402 0.569644 2.468728 0.533768 2.466643 0.517659 2.927186 0.587097 2.511341 1.500000 3.080000
1772410323307452544 0.552866 2.913402 0.569644 2.468728 0.533768 2.466645 0.517659 2.927186 0.587097 2.511341 1.500000 3.080000
1772410323326201981 0.525150 2.923718 0.569644 2.468728 0.533768 2.466645 0.517659 2.927186 0.587097 2.511341 1.500000 3.080000
1772410323327542543 0.525150 2.923718 0.569644 2.468728 0.522122 2.467759 0.517659 2.927186 0.587097 2.511341 1.500000 3.080000
1772410323347766306 0.525150 2.923718 0.569644 2.468728 0.522122 2.467755 0.517659 2.927186 0.587097 2.511341 1.500000 3.080000
1772410323367752419 0.525150 2.923718 0.569644 2.468728 0.522122 2.467755 0.517659 2.927186 0.587097 2.511341 1.500000 3.080000
1772410323368332757 0.525150 2.923718 0.569644 2.468728 0.522122 2.467755 0.473596 2.939303 0.587097 2.511341 1.500000 3.080000
1772410323368343965 0.525150 2.923718 0.569644 2.468728 0.522122 2.467755 0.473596 2.939303 0.555361 2.514260 1.500000 3.080000
1772410323386761330 0.525150 2.923718 0.569644 2.468728 0.522122 2.467755 0.473596 2.939303 0.555361 2.514260 1.470000 3.080000
1772410323387008476 0.525150 2.923718 0.539644 2.468722 0.522122 2.467755 0.473596 2.939303 0.555361 2.514260 1.470000 3.080000
1772410323387686559 0.525150 2.923718 0.539644 2.468722 0.505759 2.469422 0.473596 2.939303 0.555361 2.514260 1.470000 3.080000
1772410323407882638 0.525150 2.923718 0.539644 2.468722 0.505759 2.469422 0.473596 2.939303 0.555361 2.514260 1.470000 3.080000
1772410323427660770 0.525150 2.923718 0.539644 2.468722 0.505759 2.469422 0.473596 2.939303 0.555361 2.514260 1.470000 3.080000
1772410323446756026 0.497787 2.933926 0.539644 2.468722 0.505759 2.469422 0.473596 2.939303 0.555361 2.514260 1.470000 3.080000
1772410323447439963 0.497787 2.933926 0.539644 2.468722 0.491408 2.470783 0.473596 2.939303 0.555361 2.514260 1.470000 3.080000
1772410323467613720 0.497787 2.933926 0.539644 2.468722 0.491408 2.470784 0.473596 2.939303 0.555361 2.514260 1.470000 3.080000
1772410323486690751 0.497787 2.933926 0.539644 2.468722 0.491408 2.470784 0.473596 2.939303 0.555361 2.514260 1.440000 3.070000
1772410323487315175 0.497787 2.933926 0.509646 2.458715 0.491408 2.470784 0.473596 2.939303 0.555361 2.514260 1.440000 3.070000
1772410323487548059 0.497787 2.933926 0.509646 2.458715 0.491408 2.470786 0.473596 2.939303 0.555361 2.514260 1.440000 3.070000
1772410323493144559 0.497787 2.933926 0.509646 2.458715 0.491408 2.470786 0.446109 2.946969 0.555361 2.514260 1.440000 3.070000
1772410323507768530 0.497787 2.933926 0.509646 2.458715 0.482816 2.471159 0.446109 2.946969 0.555361 2.514260 1.440000 3.070000
1772410323518557627 0.497787 2.933926 0.509646 2.458715 0.482816 2.471159 0.446109 2.946969 0.518389 2.513931 1.440000 3.070000
1772410323527551829 0.497787 2.933926 0.509646 2.458715 0.482816 2.471159 0.446109 2.946969 0.518389 2.513931 1.440000 3.070000
1772410323545977557 0.470035 2.944294 0.509646 2.458715 0.482816 2.471159 0.446109 2.946969 0.518389 2.513931 1.440000 3.070000
1772410323547682691 0.470035 2.944294 0.509646 2.458715 0.465282 2.472851 0.446109 2.946969 0.518389 2.513931 1.440000 3.070000
1772410323567579348 0.470035 2.944294 0.509646 2.458715 0.465282 2.472851 0.446109 2.946969 0.518389 2.513931 1.440000 3.070000
1772410323586380409 0.470035 2.944294 0.509646 2.458715 0.465282 2.472851 0.446109 2.946969 0.518389 2.513931 1.430000 3.090000
1772410323586663160 0.470035 2.944294 0.499642 2.478713 0.465282 2.472851 0.446109 2.946969 0.518389 2.513931 1.430000 3.090000
1772410323587521404 0.470035 2.944294 0.499642 2.478713 0.455371 2.474202 0.446109 2.946969 0.518389 2.513931 1.430000 3.090000
1772410323607614038 0.470035 2.944294 0.499642 2.478713 0.455371 2.474202 0.446109 2.946969 0.518389 2.513931 1.430000 3.090000
1772410323618366948 0.470035 2.944294 0.499642 2.478713 0.455371 2.474202 0.406636 2.957504 0.518389 2.513931 1.430000 3.090000
1772410323618620078 0.470035 2.944294 0.499642 2.478713 0.455371 2.474202 0.406636 2.957504 0.485008 2.517865 1.430000 3.090000
1772410323627548123 0.470035 2.944294 0.499642 2.478713 0.455371 2.474201 0.406636 2.957504 0.485008 2.517865 1.430000 3.090000
1772410323647753486 0.470035 2.944294 0.499642 2.478713 0.455371 2.474201 0.406636 2.957504 0.485008 2.517865 1.430000 3.090000
1772410323666516121 0.442578 2.954552 0.499642 2.478713 0.455371 2.474201 0.406636 2.957504 0.485008 2.517865 1.430000 3.090000
1772410323667611464 0.442578 2.954552 0.499642 2.478713 0.436007 2.476063 0.406636 2.957504 0.485008 2.517865 1.430000 3.090000
1772410323686771581 0.442578 2.954552 0.499642 2.478713 0.436007 2.476063 0.406636 2.957504 0.485008 2.517865 1.380000 3.050000
1772410323687055781 0.442578 2.954552 0.449651 2.438701 0.436007 2.476063 0.406636 2.957504 0.485008 2.517865 1.380000 3.050000
1772410323687542924 0.442578 2.954552 0.449651 2.438701 0.431853 2.474894 0.406636 2.957504 0.485008 2.517865 1.380000 3.050000
1772410323707482723 0.442578 2.954552 0.449651 2.438701 0.431853 2.474894 0.406636 2.957504 0.485008 2.517865 1.380000 3.050000
1772410323727600093 0.442578 2.954552 0.449651 2.438701 0.431852 2.474893 0.406636 2.957504 0.485008 2.517865 1.380000 3.050000
1772410323747699540 0.442578 2.954552 0.449651 2.438701 0.431852 2.474893 0.406636 2.957504 0.485008 2.517865 1.380000 3.050000
1772410323766182039 0.414872 2.964895 0.449651 2.438701 0.431852 2.474893 0.406636 2.957504 0.485008 2.517865 1.380000 3.050000
1772410323767475767 0.414872 2.964895 0.449651 2.438701 0.408419 2.477113 0.406636 2.957504 0.485008 2.517865 1.380000 3.050000
1772410323786505681 0.414872 2.964895 0.449651 2.438701 0.408419 2.477113 0.406636 2.957504 0.485008 2.517865 1.350000 3.050000
1772410323786963623 0.414872 2.964895 0.419651 2.438695 0.408419 2.477113 0.406636 2.957504 0.485008 2.517865 1.350000 3.050000
1772410323787875801 0.414872 2.964895 0.419651 2.438695 0.403195 2.475994 0.406636 2.957504 0.485008 2.517865 1.350000 3.050000
1772410323792908693 0.414872 2.964895 0.419651 2.438695 0.403195 2.475994 0.362955 2.969638 0.485008 2.517865 1.350000 3.050000
1772410323807610559 0.414872 2.964895 0.419651 2.438695 0.403195 2.475994 0.362955 2.969638 0.485008 2.517865 1.350000 3.050000
1772410323818400191 0.414872 2.964895 0.419651 2.438695 0.403195 2.475994 0.362955 2.969638 0.426844 2.517711 1.350000 3.050000
1772410323827606330 0.414872 2.964895 0.419651 2.438695 0.403195 2.475993 0.362955 2.969638 0.426844 2.517711 1.350000 3.050000
1772410323847695664 0.414872 2.964895 0.419651 2.438695 0.403195 2.475993 0.362955 2.969638 0.426844 2.517711 1.350000 3.050000
1772410323867558872 0.414872 2.964895 0.419651 2.438695 0.403194 2.475981 0.362955 2.969638 0.426844 2.517711 1.350000 3.050000
1772410323886448338 0.389472 2.974342 0.419651 2.438695 0.403194 2.475981 0.362955 2.969638 0.426844 2.517711 1.350000 3.050000
1772410323886475682 0.389472 2.974342 0.419651 2.438695 0.403194 2.475981 0.362955 2.969638 0.426844 2.517711 1.320000 3.050000
1772410323887047752 0.389472 2.974342 0.389651 2.438688 0.403194 2.475981 0.362955 2.969638 0.426844 2.517711 1.320000 3.050000
1772410323887414785 0.389472 2.974342 0.389651 2.438688 0.381101 2.476250 0.362955 2.969638 0.426844 2.517711 1.320000 3.050000
1772410323907546478 0.389472 2.974342 0.389651 2.438688 0.381101 2.476250 0.362955 2.969638 0.426844 2.517711 1.320000 3.050000
1772410323927513517 0.389472 2.974342 0.389651 2.438688 0.381099 2.476235 0.362955 2.969638 0.426844 2.517711 1.320000 3.050000
1772410323943205613 0.389472 2.974342 0.389651 2.438688 0.381099 2.476235 0.333558 2.977881 0.426844 2.517711 1.320000 3.050000
1772410323943221450 0.389472 2.974342 0.389651 2.438688 0.381099 2.476235 0.333558 2.977881 0.399320 2.517047 1.320000 3.050000
1772410323947742359 0.389472 2.974342 0.389651 2.438688 0.381099 2.476235 0.333558 2.977881 0.399320 2.517047 1.320000 3.050000
1772410323967549268 0.389472 2.974342 0.389651 2.438688 0.381098 2.476222 0.333558 2.977881 0.399320 2.517047 1.320000 3.050000
1772410323986104805 0.389472 2.974342 0.389651 2.438688 0.381098 2.476222 0.333558 2.977881 0.399320 2.517047 1.280000 3.060000
1772410323986390521 0.378234 2.978390 0.389651 2.438688 0.381098 2.476222 0.333558 2.977881 0.399320 2.517047 1.280000 3.060000
1772410323986695834 0.378234 2.978390 0.349648 2.448679 0.381098 2.476222 0.333558 2.977881 0.399320 2.517047 1.280000 3.060000
1772410323987433275 0.378234 2.978390 0.349648 2.448679 0.368312 2.475809 0.333558 2.977881 0.399320 2.517047 1.280000 3.060000
1772410324007572716 0.378234 2.978390 0.349648 2.448679 0.368312 2.475809 0.333558 2.977881 0.399320 2.517047 1.280000 3.060000
1772410324027616842 0.378234 2.978390 0.349648 2.448679 0.368313 2.475827 0.333558 2.977881 0.399320 2.517047 1.280000 3.060000
1772410324043201351 0.378234 2.978390 0.349648 2.448679 0.368313 2.475827 0.329286 2.979383 0.399320 2.517047 1.280000 3.060000
1772410324043216532 0.378234 2.978390 0.349648 2.448679 0.368313 2.475827 0.329286 2.979383 0.389999 2.513208 1.280000 3.060000
1772410324047700083 0.378234 2.978390 0.349648 2.448679 0.368313 2.475827 0.329286 2.979383 0.389999 2.513208 1.280000 3.060000
1772410324067371760 0.378234 2.978390 0.349648 2.448679 0.368313 2.475828 0.329286 2.979383 0.389999 2.513208 1.280000 3.060000
1772410324087085891 0.378234 2.978390 0.349648 2.448679 0.368313 2.475828 0.329286 2.979383 0.389999 2.513208 1.240000 3.060000
1772410324087516411 0.378234 2.978390 0.349648 2.448679 0.368313 2.475828 0.329286 2.979383 0.389999 2.513208 1.240000 3.060000
1772410324087624282 0.378234 2.978390 0.309648 2.448670 0.368313 2.475828 0.329286 2.979383 0.389999 2.513208 1.240000 3.060000
1772410324106254325 0.377736 2.978561 0.309648 2.448670 0.368313 2.475828 0.329286 2.979383 0.389999 2.513208 1.240000 3.060000
1772410324107506114 0.377736 2.978561 0.309648 2.448670 0.354316 2.475445 0.329286 2.979383 0.389999 2.513208 1.240000 3.060000
1772410324127747975 0.377736 2.978561 0.309648 2.448670 0.354316 2.475447 0.329286 2.979383 0.389999 2.513208 1.240000 3.060000
1772410324147727393 0.377736 2.978561 0.309648 2.448670 0.354316 2.475447 0.329286 2.979383 0.389999 2.513208 1.240000 3.060000
1772410324167667654 0.377736 2.978561 0.309648 2.448670 0.354316 2.475447 0.329286 2.979383 0.389999 2.513208 1.240000 3.060000
1772410324168201756 0.377736 2.978561 0.309648 2.448670 0.354316 2.475447 0.329286 2.979383 0.390842 2.507268 1.240000 3.060000
1772410324168215651 0.377736 2.978561 0.309648 2.448670 0.354316 2.475447 0.336958 2.977647 0.390842 2.507268 1.240000 3.060000
1772410324186407104 0.377736 2.978561 0.309648 2.448670 0.354316 2.475447 0.336958 2.977647 0.390842 2.507268 1.210000 3.060000
1772410324186817358 0.377736 2.978561 0.279648 2.448663 0.354316 2.475447 0.336958 2.977647 0.390842 2.507268 1.210000 3.060000
1772410324187432832 0.377736 2.978561 0.279648 2.448663 0.350794 2.474327 0.336958 2.977647 0.390842 2.507268 1.210000 3.060000
1772410324206098745 0.377985 2.978477 0.279648 2.448663 0.350794 2.474327 0.336958 2.977647 0.390842 2.507268 1.210000 3.060000
1772410324207585033 0.377985 2.978477 0.279648 2.448663 0.350846 2.474324 0.336958 2.977647 0.390842 2.507268 1.210000 3.060000
1772410324227895825 0.377985 2.978477 0.279648 2.448663 0.350846 2.474324 0.336958 2.977647 0.390842 2.507268 1.210000 3.060000
1772410324247542721 0.377985 2.978477 0.279648 2.448663 0.350846 2.474324 0.336958 2.977647 0.390842 2.507268 1.210000 3.060000
1772410324267589684 0.377985 2.978477 0.279648 2.448663 0.350846 2.474324 0.336958 2.977647 0.390842 2.507268 1.210000 3.060000
1772410324286672286 0.377985 2.978477 0.279648 2.448663 0.350846 2.474324 0.336958 2.977647 0.390842 2.507268 1.190000 3.060000
1772410324287504646 0.377985 2.978477 0.259648 2.448659 0.350846 2.474324 0.336958 2.977647 0.390842 2.507268 1.190000 3.060000
1772410324287839196 0.377985 2.978477 0.259648 2.448659 0.350846 2.474324 0.336958 2.977647 0.390842 2.507268 1.190000 3.060000
1772410324292975838 0.377985 2.978477 0.259648 2.448659 0.350846 2.474324 0.337550 2.977494 0.390842 2.507268 1.190000 3.060000
1772410324307671139 0.377985 2.978477 0.259648 2.448659 0.347148 2.473213 0.337550 2.977494 0.390842 2.507268 1.190000 3.060000
1772410324318520589 0.377985 2.978477 0.259648 2.448659 0.347148 2.473213 0.337550 2.977494 0.376838 2.498942 1.190000 3.060000
1772410324327736958 0.377985 2.978477 0.259648 2.448659 0.347148 2.473213 0.337550 2.977494 0.376838 2.498942 1.190000 3.060000
1772410324328160093 0.377985 2.978477 0.259648 2.448659 0.347148 2.473213 0.337550 2.977494 0.376838 2.498942 1.190000 3.060000
1772410324347414252 0.377985 2.978477 0.259648 2.448659 0.347148 2.473213 0.337550 2.977494 0.376838 2.498942 1.190000 3.060000
1772410324367508899 0.377985 2.978477 0.259648 2.448659 0.347148 2.473213 0.337550 2.977494 0.376838 2.498942 1.190000 3.060000
1772410324387010417 0.377985 2.978477 0.259648 2.448659 0.347148 2.473213 0.337550 2.977494 0.376838 2.498942 1.160000 3.060000
1772410324387371738 0.377985 2.978477 0.229648 2.448652 0.347148 2.473213 0.337550 2.977494 0.376838 2.498942 1.160000 3.060000
1772410324387417962 0.377985 2.978477 0.229648 2.448652 0.347148 2.473213 0.337550 2.977494 0.376838 2.498942 1.160000 3.060000
1772410324392860018 0.377985 2.978477 0.229648 2.448652 0.347148 2.473213 0.336752 2.977668 0.376838 2.498942 1.160000 3.060000
1772410324407823672 0.377985 2.978477 0.229648 2.448652 0.342115 2.472161 0.336752 2.977668 0.376838 2.498942 1.160000 3.060000
1772410324426184563 0.377985 2.978477 0.229648 2.448652 0.342115 2.472161 0.336752 2.977668 0.376838 2.498942 1.160000 3.060000
1772410324427568709 0.377985 2.978477 0.229648 2.448652 0.342115 2.472161 0.336752 2.977668 0.376838 2.498942 1.160000 3.060000
1772410324447663649 0.377985 2.978477 0.229648 2.448652 0.342115 2.472161 0.336752 2.977668 0.376838 2.498942 1.160000 3.060000
1772410324467649737 0.377985 2.978477 0.229648 2.448652 0.342115 2.472161 0.336752 2.977668 0.376838 2.498942 1.160000 3.060000
1772410324468316173 0.377985 2.978477 0.229648 2.448652 0.342115 2.472161 0.336752 2.977668 0.367107 2.495368 1.160000 3.060000
1772410324487272221 0.377985 2.978477 0.229648 2.448652 0.342115 2.472161 0.336752 2.977668 0.367107 2.495368 1.130000 3.060000
1772410324487970987 0.377985 2.978477 0.229648 2.448652 0.342115 2.472161 0.336752 2.977668 0.367107 2.495368 1.130000 3.060000
1772410324488033796 0.377985 2.978477 0.199648 2.448645 0.342115 2.472161 0.336752 2.977668 0.367107 2.495368 1.130000 3.060000
1772410324493272939 0.377985 2.978477 0.199648 2.448645 0.342115 2.472161 0.336475 2.977725 0.367107 2.495368 1.130000 3.060000
1772410324508037607 0.377985 2.978477 0.199648 2.448645 0.336000 2.471151 0.336475 2.977725 0.367107 2.495368 1.130000 3.060000
1772410324527847280 0.377985 2.978477 0.199648 2.448645 0.336000 2.471151 0.336475 2.977725 0.367107 2.495368 1.130000 3.060000
1772410324547865169 0.377985 2.978477 0.199648 2.448645 0.336000 2.471151 0.336475 2.977725 0.367107 2.495368 1.130000 3.060000
1772410324567586467 0.377985 2.978477 0.199648 2.448645 0.336000 2.471151 0.336475 2.977725 0.367107 2.495368 1.130000 3.060000
1772410324587509795 0.377985 2.978477 0.199648 2.448645 0.336000 2.471151 0.336475 2.977725 0.367107 2.495368 1.100000 3.060000
1772410324587540354 0.377985 2.978477 0.199648 2.448645 0.336000 2.471151 0.336475 2.977725 0.367107 2.495368 1.100000 3.060000
1772410324587906218 0.377985 2.978477 0.169648 2.448638 0.336000 2.471151 0.336475 2.977725 0.367107 2.495368 1.100000 3.060000
1772410324608957793 0.377985 2.978477 0.169648 2.448638 0.329002 2.470204 0.336475 2.977725 0.367107 2.495368 1.100000 3.060000
1772410324623075118 0.377985 2.978477 0.169648 2.448638 0.329002 2.470204 0.339376 2.977041 0.367107 2.495368 1.100000 3.060000
1772410324623272674 0.377985 2.978477 0.169648 2.448638 0.329002 2.470204 0.339376 2.977041 0.350794 2.487768 1.100000 3.060000
1772410324627345194 0.377985 2.978477 0.169648 2.448638 0.329002 2.470204 0.339376 2.977041 0.350794 2.487768 1.100000 3.060000
1772410324645978751 0.377734 2.978556 0.169648 2.448638 0.329002 2.470204 0.339376 2.977041 0.350794 2.487768 1.100000 3.060000
1772410324647318027 0.377734 2.978556 0.169648 2.448638 0.328931 2.470203 0.339376 2.977041 0.350794 2.487768 1.100000 3.060000
1772410324667368658 0.377734 2.978556 0.169648 2.448638 0.328931 2.470203 0.339376 2.977041 0.350794 2.487768 1.100000 3.060000
1772410324687439115 0.377734 2.978556 0.169648 2.448638 0.328931 2.470202 0.339376 2.977041 0.350794 2.487768 1.100000 3.060000
1772410324707645343 0.377734 2.978556 0.169648 2.448638 0.328931 2.470202 0.339376 2.977041 0.350794 2.487768 1.100000 3.060000
1772410324727582183 0.377734 2.978556 0.169648 2.448638 0.328931 2.470202 0.339376 2.977041 0.350794 2.487768 1.100000 3.060000
1772410324747634581 0.377734 2.978556 0.169648 2.448638 0.328931 2.470202 0.339376 2.977041 0.350794 2.487768 1.100000 3.060000
1772410324766169361 0.377377 2.978644 0.169648 2.448638 0.328931 2.470202 0.339376 2.977041 0.350794 2.487768 1.100000 3.060000
1772410324767361275 0.377377 2.978644 0.169648 2.448638 0.328567 2.470149 0.339376 2.977041 0.350794 2.487768 1.100000 3.060000
1772410324786567963 0.377377 2.978644 0.169648 2.448638 0.328567 2.470149 0.339376 2.977041 0.350794 2.487768 1.060000 3.060000
1772410324786762212 0.377377 2.978644 0.129648 2.448629 0.328567 2.470149 0.339376 2.977041 0.350794 2.487768 1.060000 3.060000
1772410324787347737 0.377377 2.978644 0.129648 2.448629 0.319930 2.469211 0.339376 2.977041 0.350794 2.487768 1.060000 3.060000
1772410324792875268 0.377377 2.978644 0.129648 2.448629 0.319930 2.469211 0.336696 2.977694 0.350794 2.487768 1.060000 3.060000
1772410324807566047 0.377377 2.978644 0.129648 2.448629 0.319930 2.469211 0.336696 2.977694 0.350794 2.487768 1.060000 3.060000
1772410324818623364 0.377377 2.978644 0.129648 2.448629 0.319930 2.469211 0.336696 2.977694 0.329570 2.486112 1.060000 3.060000
1772410324827465495 0.377377 2.978644 0.129648 2.448629 0.319930 2.469211 0.336696 2.977694 0.329570 2.486112 1.060000 3.060000
1772410324847687905 0.377377 2.978644 0.129648 2.448629 0.319930 2.469210 0.336696 2.977694 0.329570 2.486112 1.060000 3.060000
1772410324866496214 0.377116 2.978679 0.129648 2.448629 0.319930 2.469210 0.336696 2.977694 0.329570 2.486112 1.060000 3.060000
1772410324867682327 0.377116 2.978679 0.129648 2.448629 0.319728 2.469154 0.336696 2.977694 0.329570 2.486112 1.060000 3.060000
1772410324886226111 0.377116 2.978679 0.129648 2.448629 0.319728 2.469154 0.336696 2.977694 0.329570 2.486112 1.030000 3.050000
1772410324886408154 0.377116 2.978679 0.099651 2.438623 0.319728 2.469154 0.336696 2.977694 0.329570 2.486112 1.030000 3.050000
1772410324887544625 0.377116 2.978679 0.099651 2.438623 0.310176 2.467822 0.336696 2.977694 0.329570 2.486112 1.030000 3.050000
1772410324907713696 0.377116 2.978679 0.099651 2.438623 0.310176 2.467822 0.336696 2.977694 0.329570 2.486112 1.030000 3.050000
1772410324919118917 0.377116 2.978679 0.099651 2.438623 0.310176 2.467822 0.335832 2.977935 0.329570 2.486112 1.030000 3.050000
1772410324919138076 0.377116 2.978679 0.099651 2.438623 0.310176 2.467822 0.335832 2.977935 0.311535 2.482822 1.030000 3.050000
1772410324927607213 0.377116 2.978679 0.099651 2.438623 0.310176 2.467821 0.335832 2.977935 0.311535 2.482822 1.030000 3.050000
1772410324947711159 0.377116 2.978679 0.099651 2.438623 0.310176 2.467821 0.335832 2.977935 0.311535 2.482822 1.030000 3.050000
1772410324967770406 0.377116 2.978679 0.099651 2.438623 0.310176 2.467821 0.335832 2.977935 0.311535 2.482822 1.030000 3.050000
1772410324986392209 0.377063 2.978680 0.099651 2.438623 0.310176 2.467821 0.335832 2.977935 0.311535 2.482822 1.030000 3.050000
1772410324987612348 0.377063 2.978680 0.099651 2.438623 0.310137 2.467803 0.335832 2.977935 0.311535 2.482822 1.030000 3.050000
1772410325007959478 0.377063 2.978680 0.099651 2.438623 0.310137 2.467803 0.335832 2.977935 0.311535 2.482822 1.030000 3.050000
1772410325027585667 0.377063 2.978680 0.099651 2.438623 0.310137 2.467803 0.335832 2.977935 0.311535 2.482822 1.030000 3.050000
1772410325047602813 0.377063 2.978680 0.099651 2.438623 0.310137 2.467803 0.335832 2.977935 0.311535 2.482822 1.030000 3.050000
1772410325067670008 0.377063 2.978680 0.099651 2.438623 0.310137 2.467803 0.335832 2.977935 0.311535 2.482822 1.030000 3.050000
1772410325068664460 0.377063 2.978680 0.099651 2.438623 0.310137 2.467803 0.336146 2.978102 0.311535 2.482822 1.030000 3.050000
1772410325068711936 0.377063 2.978680 0.099651 2.438623 0.310137 2.467803 0.336146 2.978102 0.312048 2.482959 1.030000 3.050000
1772410325087688918 0.377063 2.978680 0.099651 2.438623 0.310137 2.467803 0.336146 2.978102 0.312048 2.482959 1.030000 3.050000
1772410325091913425 0.377011 2.978675 0.099651 2.438623 0.310137 2.467803 0.336146 2.978102 0.312048 2.482959 1.030000 3.050000
1772410325091995638 0.377011 2.978675 0.099651 2.438623 0.310137 2.467803 0.336146 2.978102 0.312048 2.482959 1.020000 3.060000
1772410325092630770 0.377011 2.978675 0.089648 2.448620 0.310137 2.467803 0.336146 2.978102 0.312048 2.482959 1.020000 3.060000
1772410325107859278 0.377011 2.978675 0.089648 2.448620 0.300361 2.466931 0.336146 2.978102 0.312048 2.482959 1.020000 3.060000
1772410325127804957 0.377011 2.978675 0.089648 2.448620 0.300361 2.466931 0.336146 2.978102 0.312048 2.482959 1.020000 3.060000
1772410325147809498 0.377011 2.978675 0.089648 2.448620 0.300361 2.466931 0.336146 2.978102 0.312048 2.482959 1.020000 3.060000
1772410325167866764 0.377011 2.978675 0.089648 2.448620 0.300361 2.466931 0.336146 2.978102 0.312048 2.482959 1.020000 3.060000
1772410325168126092 0.377011 2.978675 0.089648 2.448620 0.300361 2.466931 0.336146 2.978102 0.294112 2.480347 1.020000 3.060000
1772410325168325299 0.377011 2.978675 0.089648 2.448620 0.300361 2.466931 0.335575 2.978339 0.294112 2.480347 1.020000 3.060000
1772410325186767818 0.377011 2.978675 0.089648 2.448620 0.300361 2.466931 0.335575 2.978339 0.294112 2.480347 1.000000 3.070000
1772410325187276223 0.377011 2.978675 0.069646 2.458616 0.300361 2.466931 0.335575 2.978339 0.294112 2.480347 1.000000 3.070000
1772410325187551479 0.377011 2.978675 0.069646 2.458616 0.300361 2.466931 0.335575 2.978339 0.294112 2.480347 1.000000 3.070000
1772410325207300315 0.376960 2.978663 0.069646 2.458616 0.300361 2.466931 0.335575 2.978339 0.294112 2.480347 1.000000 3.070000
1772410325207681892 0.376960 2.978663 0.069646 2.458616 0.290356 2.466542 0.335575 2.978339 0.294112 2.480347 1.000000 3.070000
1772410325227567157 0.376960 2.978663 0.069646 2.458616 0.290349 2.466537 0.335575 2.978339 0.294112 2.480347 1.000000 3.070000
1772410325247567246 0.376960 2.978663 0.069646 2.458616 0.290349 2.466537 0.335575 2.978339 0.294112 2.480347 1.000000 3.070000
1772410325267534476 0.376960 2.978663 0.069646 2.458616 0.290349 2.466537 0.335575 2.978339 0.294112 2.480347 1.000000 3.070000
1772410325268312524 0.376960 2.978663 0.069646 2.458616 0.290349 2.466537 0.335575 2.978339 0.276678 2.478745 1.000000 3.070000
1772410325268394189 0.376960 2.978663 0.069646 2.458616 0.290349 2.466537 0.335371 2.978527 0.276678 2.478745 1.000000 3.070000
1772410325286735361 0.376960 2.978663 0.069646 2.458616 0.290349 2.466537 0.335371 2.978527 0.276678 2.478745 1.010000 3.080000
1772410325287243829 0.376960 2.978663 0.079644 2.468618 0.290349 2.466537 0.335371 2.978527 0.276678 2.478745 1.010000 3.080000
1772410325287567512 0.376960 2.978663 0.079644 2.468618 0.290349 2.466537 0.335371 2.978527 0.276678 2.478745 1.010000 3.080000
1772410325306430223 0.376910 2.978646 0.079644 2.468618 0.290349 2.466537 0.335371 2.978527 0.276678 2.478745 1.010000 3.080000
1772410325307634598 0.376910 2.978646 0.079644 2.468618 0.281207 2.466598 0.335371 2.978527 0.276678 2.478745 1.010000 3.080000
1772410325327832646 0.376910 2.978646 0.079644 2.468618 0.281206 2.466598 0.335371 2.978527 0.276678 2.478745 1.010000 3.080000
1772410325347648576 0.376910 2.978646 0.079644 2.468618 0.281206 2.466598 0.335371 2.978527 0.276678 2.478745 1.010000 3.080000
1772410325367577668 0.376910 2.978646 0.079644 2.468618 0.281207 2.466598 0.335371 2.978527 0.276678 2.478745 1.010000 3.080000
1772410325386957976 0.376910 2.978646 0.079644 2.468618 0.281207 2.466598 0.335371 2.978527 0.276678 2.478745 1.010000 3.080000
1772410325387526416 0.376910 2.978646 0.079644 2.468618 0.281207 2.466598 0.335371 2.978527 0.276678 2.478745 1.010000 3.080000
1772410325387849079 0.376910 2.978646 0.079644 2.468618 0.281207 2.466598 0.335371 2.978527 0.276678 2.478745 1.010000 3.080000
1772410325393146307 0.376910 2.978646 0.079644 2.468618 0.281207 2.466598 0.335335 2.978783 0.276678 2.478745 1.010000 3.080000
1772410325407883944 0.376910 2.978646 0.079644 2.468618 0.272456 2.466655 0.335335 2.978783 0.276678 2.478745 1.010000 3.080000
1772410325426225112 0.376862 2.978624 0.079644 2.468618 0.272456 2.466655 0.335335 2.978783 0.276678 2.478745 1.010000 3.080000
1772410325427698854 0.376862 2.978624 0.079644 2.468618 0.272445 2.466642 0.335335 2.978783 0.276678 2.478745 1.010000 3.080000
1772410325447642930 0.376862 2.978624 0.079644 2.468618 0.272445 2.466642 0.335335 2.978783 0.276678 2.478745 1.010000 3.080000
1772410325467691093 0.376862 2.978624 0.079644 2.468618 0.272445 2.466642 0.335335 2.978783 0.276678 2.478745 1.010000 3.080000
1772410325468477303 0.376862 2.978624 0.079644 2.468618 0.272445 2.466642 0.335335 2.978783 0.249440 2.477686 1.010000 3.080000
1772410325486638482 0.376862 2.978624 0.079644 2.468618 0.272445 2.466642 0.335335 2.978783 0.249440 2.477686 1.010000 3.090000
1772410325487388678 0.376862 2.978624 0.079642 2.478618 0.272445 2.466642 0.335335 2.978783 0.249440 2.477686 1.010000 3.090000
1772410325487777826 0.376862 2.978624 0.079642 2.478618 0.272445 2.466642 0.335335 2.978783 0.249440 2.477686 1.010000 3.090000
1772410325507614875 0.376862 2.978624 0.079642 2.478618 0.264078 2.467141 0.335335 2.978783 0.249440 2.477686 1.010000 3.090000
1772410325518672523 0.376862 2.978624 0.079642 2.478618 0.264078 2.467141 0.335173 2.979064 0.249440 2.477686 1.010000 3.090000
1772410325526308101 0.376862 2.978624 0.079642 2.478618 0.264078 2.467141 0.335173 2.979064 0.249440 2.477686 1.010000 3.090000
1772410325527654408 0.376862 2.978624 0.079642 2.478618 0.264078 2.467141 0.335173 2.979064 0.249440 2.477686 1.010000 3.090000
1772410325547893553 0.376862 2.978624 0.079642 2.478618 0.264078 2.467141 0.335173 2.979064 0.249440 2.477686 1.010000 3.090000
1772410325567566140 0.376862 2.978624 0.079642 2.478618 0.264078 2.467141 0.335173 2.979064 0.249440 2.477686 1.010000 3.090000
1772410325586970053 0.376862 2.978624 0.079642 2.478618 0.264078 2.467141 0.335173 2.979064 0.249440 2.477686 1.020000 3.090000
1772410325587166481 0.376862 2.978624 0.089642 2.478620 0.264078 2.467141 0.335173 2.979064 0.249440 2.477686 1.020000 3.090000
1772410325587399112 0.376862 2.978624 0.089642 2.478620 0.264078 2.467141 0.335173 2.979064 0.249440 2.477686 1.020000 3.090000
1772410325607481950 0.376862 2.978624 0.089642 2.478620 0.256516 2.467638 0.335173 2.979064 0.249440 2.477686 1.020000 3.090000
1772410325627782690 0.376862 2.978624 0.089642 2.478620 0.256516 2.467638 0.335173 2.979064 0.249440 2.477686 1.020000 3.090000
1772410325643826273 0.376862 2.978624 0.089642 2.478620 0.256516 2.467638 0.335070 2.979362 0.249440 2.477686 1.020000 3.090000
1772410325643862044 0.376862 2.978624 0.089642 2.478620 0.256516 2.467638 0.335070 2.979362 0.226576 2.478064 1.020000 3.090000
1772410325646157929 0.376904 2.978656 0.089642 2.478620 0.256516 2.467638 0.335070 2.979362 0.226576 2.478064 1.020000 3.090000
1772410325647614816 0.376904 2.978656 0.089642 2.478620 0.256528 2.467661 0.335070 2.979362 0.226576 2.478064 1.020000 3.090000
1772410325667895930 0.376904 2.978656 0.089642 2.478620 0.256528 2.467661 0.335070 2.979362 0.226576 2.478064 1.020000 3.090000
1772410325686803546 0.376904 2.978656 0.089642 2.478620 0.256528 2.467661 0.335070 2.979362 0.226576 2.478064 1.030000 3.100000
1772410325687327352 0.376904 2.978656 0.099639 2.488623 0.256528 2.467661 0.335070 2.979362 0.226576 2.478064 1.030000 3.100000
1772410325687360082 0.376904 2.978656 0.099639 2.488623 0.256528 2.467661 0.335070 2.979362 0.226576 2.478064 1.030000 3.100000
1772410325707917350 0.376904 2.978656 0.099639 2.488623 0.249729 2.468586 0.335070 2.979362 0.226576 2.478064 1.030000 3.100000
1772410325728010274 0.376904 2.978656 0.099639 2.488623 0.249729 2.468586 0.335070 2.979362 0.226576 2.478064 1.030000 3.100000
1772410325746064234 0.376941 2.978693 0.099639 2.488623 0.249729 2.468586 0.335070 2.979362 0.226576 2.478064 1.030000 3.100000
1772410325747719004 0.376941 2.978693 0.099639 2.488623 0.249741 2.468615 0.335070 2.979362 0.226576 2.478064 1.030000 3.100000
1772410325768034633 0.376941 2.978693 0.099639 2.488623 0.249741 2.468615 0.335070 2.979362 0.226576 2.478064 1.030000 3.100000
1772410325786614347 0.376941 2.978693 0.099639 2.488623 0.249741 2.468615 0.335070 2.979362 0.226576 2.478064 1.010000 3.070000
1772410325787280356 0.376941 2.978693 0.079646 2.458618 0.249741 2.468615 0.335070 2.979362 0.226576 2.478064 1.010000 3.070000
1772410325787628126 0.376941 2.978693 0.079646 2.458618 0.249741 2.468615 0.335070 2.979362 0.226576 2.478064 1.010000 3.070000
1772410325792960715 0.376941 2.978693 0.079646 2.458618 0.249741 2.468615 0.335134 2.979834 0.226576 2.478064 1.010000 3.070000
1772410325807773743 0.376941 2.978693 0.079646 2.458618 0.242363 2.468200 0.335134 2.979834 0.226576 2.478064 1.010000 3.070000
1772410325818790207 0.376941 2.978693 0.079646 2.458618 0.242363 2.468200 0.335134 2.979834 0.208139 2.477750 1.010000 3.070000
1772410325827832946 0.376941 2.978693 0.079646 2.458618 0.242363 2.468200 0.335134 2.979834 0.208139 2.477750 1.010000 3.070000
1772410325847853319 0.376941 2.978693 0.079646 2.458618 0.242363 2.468200 0.335134 2.979834 0.208139 2.477750 1.010000 3.070000
1772410325866283373 0.377009 2.978774 0.079646 2.458618 0.242363 2.468200 0.335134 2.979834 0.208139 2.477750 1.010000 3.070000
1772410325867701337 0.377009 2.978774 0.079646 2.458618 0.242382 2.468267 0.335134 2.979834 0.208139 2.477750 1.010000 3.070000
1772410325886448025 0.377009 2.978774 0.079646 2.458618 0.242382 2.468267 0.335134 2.979834 0.208139 2.477750 0.990000 3.070000
1772410325886704491 0.377009 2.978774 0.059646 2.458613 0.242382 2.468267 0.335134 2.979834 0.208139 2.477750 0.990000 3.070000
1772410325887584163 0.377009 2.978774 0.059646 2.458613 0.234447 2.467865 0.335134 2.979834 0.208139 2.477750 0.990000 3.070000
1772410325893064857 0.377009 2.978774 0.059646 2.458613 0.234447 2.467865 0.334867 2.980047 0.208139 2.477750 0.990000 3.070000
1772410325907757724 0.377009 2.978774 0.059646 2.458613 0.234448 2.467865 0.334867 2.980047 0.208139 2.477750 0.990000 3.070000
1772410325918849882 0.377009 2.978774 0.059646 2.458613 0.234448 2.467865 0.334867 2.980047 0.197494 2.476428 0.990000 3.070000
1772410325927842894 0.377009 2.978774 0.059646 2.458613 0.234448 2.467865 0.334867 2.980047 0.197494 2.476428 0.990000 3.070000
1772410325947511617 0.377009 2.978774 0.059646 2.458613 0.234447 2.467865 0.334867 2.980047 0.197494 2.476428 0.990000 3.070000
1772410325967293683 0.375638 2.976467 0.059646 2.458613 0.234447 2.467865 0.334867 2.980047 0.197494 2.476428 0.990000 3.070000
1772410325967434101 0.375638 2.976467 0.059646 2.458613 0.234447 2.467865 0.334867 2.980047 0.197494 2.476428 0.990000 3.070000
1772410325986948090 0.375638 2.976467 0.059646 2.458613 0.234447 2.467865 0.334867 2.980047 0.197494 2.476428 0.980000 3.070000
1772410325987292456 0.375638 2.976467 0.049646 2.458611 0.234447 2.467865 0.334867 2.980047 0.197494 2.476428 0.980000 3.070000
1772410325987446965 0.375638 2.976467 0.049646 2.458611 0.234071 2.465760 0.334867 2.980047 0.197494 2.476428 0.980000 3.070000
1772410326007833470 0.375638 2.976467 0.049646 2.458611 0.225983 2.464921 0.334867 2.980047 0.197494 2.476428 0.980000 3.070000
1772410326018731676 0.375638 2.976467 0.049646 2.458611 0.225983 2.464921 0.334867 2.980047 0.184640 2.471832 0.980000 3.070000
1772410326018774340 0.375638 2.976467 0.049646 2.458611 0.225983 2.464921 0.331318 2.977044 0.184640 2.471832 0.980000 3.070000
1772410326027969162 0.375638 2.976467 0.049646 2.458611 0.225983 2.464921 0.331318 2.977044 0.184640 2.471832 0.980000 3.070000
1772410326047882931 0.375638 2.976467 0.049646 2.458611 0.225982 2.464921 0.331318 2.977044 0.184640 2.471832 0.980000 3.070000
1772410326067667931 0.375638 2.976467 0.049646 2.458611 0.225982 2.464921 0.331318 2.977044 0.184640 2.471832 0.980000 3.070000
1772410326086441233 0.375638 2.976467 0.049646 2.458611 0.225982 2.464921 0.331318 2.977044 0.184640 2.471832 0.980000 3.070000
1772410326086795048 0.375638 2.976467 0.049646 2.458611 0.225982 2.464921 0.331318 2.977044 0.184640 2.471832 0.980000 3.070000
1772410326087377349 0.375638 2.976467 0.049646 2.458611 0.218190 2.462105 0.331318 2.977044 0.184640 2.471832 0.980000 3.070000
1772410326107809054 0.375638 2.976467 0.049646 2.458611 0.218190 2.462105 0.331318 2.977044 0.184640 2.471832 0.980000 3.070000
1772410326127845379 0.375638 2.976467 0.049646 2.458611 0.218190 2.462105 0.331318 2.977044 0.184640 2.471832 0.980000 3.070000
1772410326143889454 0.375638 2.976467 0.049646 2.458611 0.218190 2.462105 0.330493 2.974388 0.184640 2.471832 0.980000 3.070000
1772410326143902693 0.375638 2.976467 0.049646 2.458611 0.218190 2.462105 0.330493 2.974388 0.174178 2.467219 0.980000 3.070000
1772410326147915347 0.375638 2.976467 0.049646 2.458611 0.218179 2.462107 0.330493 2.974388 0.174178 2.467219 0.980000 3.070000
1772410326167890266 0.375638 2.976467 0.049646 2.458611 0.218179 2.462107 0.330493 2.974388 0.174178 2.467219 0.980000 3.070000
1772410326187381013 0.367622 2.958897 0.049646 2.458611 0.218179 2.462107 0.330493 2.974388 0.174178 2.467219 0.980000 3.070000
1772410326187417796 0.367622 2.958897 0.049646 2.458611 0.218179 2.462107 0.330493 2.974388 0.174178 2.467219 0.990000 3.080000
1772410326187815861 0.367622 2.958897 0.049646 2.458611 0.218177 2.462107 0.330493 2.974388 0.174178 2.467219 0.990000 3.080000
1772410326187876586 0.367622 2.958897 0.059644 2.468613 0.218177 2.462107 0.330493 2.974388 0.174178 2.467219 0.990000 3.080000
1772410326207827406 0.367622 2.958897 0.059644 2.468613 0.210404 2.454048 0.330493 2.974388 0.174178 2.467219 0.990000 3.080000
1772410326227822951 0.367622 2.958897 0.059644 2.468613 0.210404 2.454048 0.330493 2.974388 0.174178 2.467219 0.990000 3.080000
1772410326247966323 0.367622 2.958897 0.059644 2.468613 0.210401 2.454048 0.330493 2.974388 0.174178 2.467219 0.990000 3.080000
1772410326267770222 0.367622 2.958897 0.059644 2.468613 0.210401 2.454048 0.330493 2.974388 0.174178 2.467219 0.990000 3.080000
1772410326268592146 0.367622 2.958897 0.059644 2.468613 0.210401 2.454048 0.323867 2.958233 0.174178 2.467219 0.990000 3.080000
1772410326268623510 0.367622 2.958897 0.059644 2.468613 0.210401 2.454048 0.323867 2.958233 0.162356 2.451159 0.990000 3.080000
1772410326286530432 0.367622 2.958897 0.059644 2.468613 0.210401 2.454048 0.323867 2.958233 0.162356 2.451159 0.990000 3.090000
1772410326287230928 0.367622 2.958897 0.059642 2.478613 0.210401 2.454048 0.323867 2.958233 0.162356 2.451159 0.990000 3.090000
1772410326287636828 0.367622 2.958897 0.059642 2.478613 0.210400 2.454049 0.323867 2.958233 0.162356 2.451159 0.990000 3.090000
1772410326306058952 0.356418 2.934163 0.059642 2.478613 0.210400 2.454049 0.323867 2.958233 0.162356 2.451159 0.990000 3.090000
1772410326307741352 0.356418 2.934163 0.059642 2.478613 0.202466 2.442301 0.323867 2.958233 0.162356 2.451159 0.990000 3.090000
1772410326327763690 0.356418 2.934163 0.059642 2.478613 0.202470 2.442301 0.323867 2.958233 0.162356 2.451159 0.990000 3.090000
1772410326347886094 0.356418 2.934163 0.059642 2.478613 0.202470 2.442301 0.323867 2.958233 0.162356 2.451159 0.990000 3.090000
1772410326367987038 0.356418 2.934163 0.059642 2.478613 0.202470 2.442301 0.323867 2.958233 0.162356 2.451159 0.990000 3.090000
1772410326386227888 0.356418 2.934163 0.059642 2.478613 0.202470 2.442301 0.323867 2.958233 0.162356 2.451159 1.020000 3.090000
1772410326386643529 0.356418 2.934163 0.089642 2.478620 0.202470 2.442301 0.323867 2.958233 0.162356 2.451159 1.020000 3.090000
1772410326387583198 0.356418 2.934163 0.089642 2.478620 0.195546 2.426574 0.323867 2.958233 0.162356 2.451159 1.020000 3.090000
1772410326392916241 0.356418 2.934163 0.089642 2.478620 0.195546 2.426574 0.312624 2.926537 0.162356 2.451159 1.020000 3.090000
1772410326406304107 0.344307 2.907819 0.089642 2.478620 0.195546 2.426574 0.312624 2.926537 0.162356 2.451159 1.020000 3.090000
1772410326407635477 0.344307 2.907819 0.089642 2.478620 0.194827 2.420886 0.312624 2.926537 0.162356 2.451159 1.020000 3.090000
1772410326427902418 0.344307 2.907819 0.089642 2.478620 0.194831 2.420885 0.312624 2.926537 0.162356 2.451159 1.020000 3.090000
1772410326447965442 0.344307 2.907819 0.089642 2.478620 0.194831 2.420885 0.312624 2.926537 0.162356 2.451159 1.020000 3.090000
1772410326467775141 0.344307 2.907819 0.089642 2.478620 0.194831 2.420885 0.312624 2.926537 0.162356 2.451159 1.020000 3.090000
1772410326468655936 0.344307 2.907819 0.089642 2.478620 0.194831 2.420885 0.312624 2.926537 0.141043 2.392125 1.020000 3.090000
1772410326486335159 0.344307 2.907819 0.089642 2.478620 0.194831 2.420885 0.312624 2.926537 0.141043 2.392125 1.000000 3.080000
1772410326486887254 0.344307 2.907819 0.069644 2.468616 0.194831 2.420885 0.312624 2.926537 0.141043 2.392125 1.000000 3.080000
1772410326487861862 0.344307 2.907819 0.069644 2.468616 0.186793 2.400747 0.312624 2.926537 0.141043 2.392125 1.000000 3.080000
1772410326492997570 0.344307 2.907819 0.069644 2.468616 0.186793 2.400747 0.305375 2.895975 0.141043 2.392125 1.000000 3.080000
1772410326507994540 0.344307 2.907819 0.069644 2.468616 0.186793 2.400747 0.305375 2.895975 0.141043 2.392125 1.000000 3.080000
1772410326526758631 0.332096 2.881347 0.069644 2.468616 0.186793 2.400747 0.305375 2.895975 0.141043 2.392125 1.000000 3.080000
1772410326527660192 0.332096 2.881347 0.069644 2.468616 0.185610 2.391169 0.305375 2.895975 0.141043 2.392125 1.000000 3.080000
1772410326547891266 0.332096 2.881347 0.069644 2.468616 0.185610 2.391169 0.305375 2.895975 0.141043 2.392125 1.000000 3.080000
1772410326567728818 0.332096 2.881347 0.069644 2.468616 0.185610 2.391169 0.305375 2.895975 0.141043 2.392125 1.000000 3.080000
1772410326586662929 0.332096 2.881347 0.069644 2.468616 0.185610 2.391169 0.305375 2.895975 0.141043 2.392125 1.010000 3.070000
1772410326587072336 0.332096 2.881347 0.079646 2.458618 0.185610 2.391169 0.305375 2.895975 0.141043 2.392125 1.010000 3.070000
1772410326587450251 0.332096 2.881347 0.079646 2.458618 0.185610 2.391169 0.305375 2.895975 0.141043 2.392125 1.010000 3.070000
1772410326607585024 0.332096 2.881347 0.079646 2.458618 0.179429 2.380141 0.305375 2.895975 0.141043 2.392125 1.010000 3.070000
1772410326626443020 0.319767 2.854582 0.079646 2.458618 0.179429 2.380141 0.305375 2.895975 0.141043 2.392125 1.010000 3.070000
1772410326627716555 0.319767 2.854582 0.079646 2.458618 0.178008 2.368502 0.305375 2.895975 0.141043 2.392125 1.010000 3.070000
1772410326647827384 0.319767 2.854582 0.079646 2.458618 0.178008 2.368502 0.305375 2.895975 0.141043 2.392125 1.010000 3.070000
1772410326667702491 0.319767 2.854582 0.079646 2.458618 0.178005 2.368503 0.305375 2.895975 0.141043 2.392125 1.010000 3.070000
1772410326668397378 0.319767 2.854582 0.079646 2.458618 0.178005 2.368503 0.298410 2.848656 0.141043 2.392125 1.010000 3.070000
1772410326668448627 0.319767 2.854582 0.079646 2.458618 0.178005 2.368503 0.298410 2.848656 0.126148 2.345573 1.010000 3.070000
1772410326686461515 0.319767 2.854582 0.079646 2.458618 0.178005 2.368503 0.298410 2.848656 0.126148 2.345573 1.020000 3.060000
1772410326686781770 0.319767 2.854582 0.089648 2.448620 0.178005 2.368503 0.298410 2.848656 0.126148 2.345573 1.020000 3.060000
1772410326687722554 0.319767 2.854582 0.089648 2.448620 0.172188 2.354998 0.298410 2.848656 0.126148 2.345573 1.020000 3.060000
1772410326707722988 0.319767 2.854582 0.089648 2.448620 0.172188 2.354998 0.298410 2.848656 0.126148 2.345573 1.020000 3.060000
1772410326727879962 0.319767 2.854582 0.089648 2.448620 0.172188 2.354998 0.298410 2.848656 0.126148 2.345573 1.020000 3.060000
1772410326746402699 0.307495 2.827907 0.089648 2.448620 0.172188 2.354998 0.298410 2.848656 0.126148 2.345573 1.020000 3.060000
1772410326747670449 0.307495 2.827907 0.089648 2.448620 0.170409 2.340500 0.298410 2.848656 0.126148 2.345573 1.020000 3.060000
1772410326767848825 0.307495 2.827907 0.089648 2.448620 0.170414 2.340499 0.298410 2.848656 0.126148 2.345573 1.020000 3.060000
1772410326786680960 0.307495 2.827907 0.089648 2.448620 0.170414 2.340499 0.298410 2.848656 0.126148 2.345573 1.030000 3.060000
1772410326786977877 0.307495 2.827907 0.099648 2.448623 0.170414 2.340499 0.298410 2.848656 0.126148 2.345573 1.030000 3.060000
1772410326787883933 0.307495 2.827907 0.099648 2.448623 0.166262 2.335718 0.298410 2.848656 0.126148 2.345573 1.030000 3.060000
1772410326792886025 0.307495 2.827907 0.099648 2.448623 0.166262 2.335718 0.294804 2.819396 0.126148 2.345573 1.030000 3.060000
1772410326807633564 0.307495 2.827907 0.099648 2.448623 0.166262 2.335719 0.294804 2.819396 0.126148 2.345573 1.030000 3.060000
1772410326818549427 0.307495 2.827907 0.099648 2.448623 0.166262 2.335719 0.294804 2.819396 0.118408 2.324804 1.030000 3.060000
1772410326827873172 0.307495 2.827907 0.099648 2.448623 0.166262 2.335719 0.294804 2.819396 0.118408 2.324804 1.030000 3.060000
1772410326846531734 0.295104 2.800939 0.099648 2.448623 0.166262 2.335719 0.294804 2.819396 0.118408 2.324804 1.030000 3.060000
1772410326847702231 0.295104 2.800939 0.099648 2.448623 0.164124 2.318130 0.294804 2.819396 0.118408 2.324804 1.030000 3.060000
1772410326867875233 0.295104 2.800939 0.099648 2.448623 0.164122 2.318131 0.294804 2.819396 0.118408 2.324804 1.030000 3.060000
1772410326887686372 0.295104 2.800939 0.099648 2.448623 0.164122 2.318131 0.294804 2.819396 0.118408 2.324804 1.030000 3.060000
1772410326887857084 0.295104 2.800939 0.099648 2.448623 0.164122 2.318131 0.294804 2.819396 0.118408 2.324804 1.040000 3.060000
1772410326888361520 0.295104 2.800939 0.109648 2.448625 0.164122 2.318131 0.294804 2.819396 0.118408 2.324804 1.040000 3.060000
1772410326907863292 0.295104 2.800939 0.109648 2.448625 0.160419 2.312331 0.294804 2.819396 0.118408 2.324804 1.040000 3.060000
1772410326918317903 0.295104 2.800939 0.109648 2.448625 0.160419 2.312331 0.286793 2.780396 0.118408 2.324804 1.040000 3.060000
1772410326927918451 0.295104 2.800939 0.109648 2.448625 0.160419 2.312331 0.286793 2.780396 0.118408 2.324804 1.040000 3.060000
1772410326947918628 0.295104 2.800939 0.109648 2.448625 0.160419 2.312331 0.286793 2.780396 0.118408 2.324804 1.040000 3.060000
1772410326966171273 0.270585 2.747403 0.109648 2.448625 0.160419 2.312331 0.286793 2.780396 0.118408 2.324804 1.040000 3.060000
1772410326967724734 0.270585 2.747403 0.109648 2.448625 0.155734 2.273519 0.286793 2.780396 0.118408 2.324804 1.040000 3.060000
1772410326986583396 0.270585 2.747403 0.109648 2.448625 0.155734 2.273519 0.286793 2.780396 0.118408 2.324804 1.030000 3.060000
1772410326986910519 0.270585 2.747403 0.099648 2.448623 0.155734 2.273519 0.286793 2.780396 0.118408 2.324804 1.030000 3.060000
1772410326987730305 0.270585 2.747403 0.099648 2.448623 0.152187 2.271417 0.286793 2.780396 0.118408 2.324804 1.030000 3.060000
1772410327007742361 0.270585 2.747403 0.099648 2.448623 0.152191 2.271416 0.286793 2.780396 0.118408 2.324804 1.030000 3.060000
1772410327018425028 0.270585 2.747403 0.099648 2.448623 0.152191 2.271416 0.272154 2.723770 0.118408 2.324804 1.030000 3.060000
1772410327018439447 0.270585 2.747403 0.099648 2.448623 0.152191 2.271416 0.272154 2.723770 0.105295 2.249866 1.030000 3.060000
1772410327027833515 0.270585 2.747403 0.099648 2.448623 0.152191 2.271416 0.272154 2.723770 0.105295 2.249866 1.030000 3.060000
1772410327047531268 0.270585 2.747403 0.099648 2.448623 0.152193 2.271416 0.272154 2.723770 0.105295 2.249866 1.030000 3.060000
1772410327067919206 0.270585 2.747403 0.099648 2.448623 0.152205 2.271415 0.272154 2.723770 0.105295 2.249866 1.030000 3.060000
1772410327086431540 0.270585 2.747403 0.099648 2.448623 0.152205 2.271415 0.272154 2.723770 0.105295 2.249866 1.030000 3.060000
1772410327086804749 0.270585 2.747403 0.099648 2.448623 0.152205 2.271415 0.272154 2.723770 0.105295 2.249866 1.030000 3.060000
1772410327087547524 0.270585 2.747403 0.099648 2.448623 0.144563 2.232166 0.272154 2.723770 0.105295 2.249866 1.030000 3.060000
1772410327107888291 0.270585 2.747403 0.099648 2.448623 0.144586 2.232164 0.272154 2.723770 0.105295 2.249866 1.030000 3.060000
1772410327127790632 0.270585 2.747403 0.099648 2.448623 0.144586 2.232164 0.272154 2.723770 0.105295 2.249866 1.030000 3.060000
1772410327147782218 0.270585 2.747403 0.099648 2.448623 0.144634 2.232158 0.272154 2.723770 0.105295 2.249866 1.030000 3.060000
1772410327167918456 0.270585 2.747403 0.099648 2.448623 0.144634 2.232158 0.272154 2.723770 0.105295 2.249866 1.030000 3.060000
1772410327168841721 0.270585 2.747403 0.099648 2.448623 0.144634 2.232158 0.258447 2.644458 0.105295 2.249866 1.030000 3.060000
1772410327168870447 0.270585 2.747403 0.099648 2.448623 0.144634 2.232158 0.258447 2.644458 0.096475 2.191179 1.030000 3.060000
1772410327186328315 0.270585 2.747403 0.099648 2.448623 0.144634 2.232158 0.258447 2.644458 0.096475 2.191179 1.030000 3.040000
1772410327186351960 0.258815 2.721366 0.099648 2.448623 0.144634 2.232158 0.258447 2.644458 0.096475 2.191179 1.030000 3.040000
1772410327186732832 0.258815 2.721366 0.099653 2.428623 0.144634 2.232158 0.258447 2.644458 0.096475 2.191179 1.030000 3.040000
1772410327187691242 0.258815 2.721366 0.099653 2.428623 0.141460 2.228053 0.258447 2.644458 0.096475 2.191179 1.030000 3.040000
1772410327207775878 0.258815 2.721366 0.099653 2.428623 0.141467 2.228052 0.258447 2.644458 0.096475 2.191179 1.030000 3.040000
1772410327227792983 0.258815 2.721366 0.099653 2.428623 0.141467 2.228052 0.258447 2.644458 0.096475 2.191179 1.030000 3.040000
1772410327247821846 0.258815 2.721366 0.099653 2.428623 0.141480 2.228051 0.258447 2.644458 0.096475 2.191179 1.030000 3.040000
1772410327267847233 0.258815 2.721366 0.099653 2.428623 0.141480 2.228051 0.258447 2.644458 0.096475 2.191179 1.030000 3.040000
1772410327268739208 0.258815 2.721366 0.099653 2.428623 0.141480 2.228051 0.273299 2.675429 0.096475 2.191179 1.030000 3.040000
1772410327268896403 0.258815 2.721366 0.099653 2.428623 0.141480 2.228051 0.273299 2.675429 0.102171 2.246867 1.030000 3.040000
1772410327286780666 0.258815 2.721366 0.099653 2.428623 0.141480 2.228051 0.273299 2.675429 0.102171 2.246867 1.020000 3.020000
1772410327286803798 0.237878 2.671487 0.099653 2.428623 0.141480 2.228051 0.273299 2.675429 0.102171 2.246867 1.020000 3.020000
1772410327287060505 0.237878 2.671487 0.089657 2.408620 0.141480 2.228051 0.273299 2.675429 0.102171 2.246867 1.020000 3.020000
1772410327287583928 0.237878 2.671487 0.089657 2.408620 0.135481 2.184062 0.273299 2.675429 0.102171 2.246867 1.020000 3.020000
1772410327307702735 0.237878 2.671487 0.089657 2.408620 0.135481 2.184062 0.273299 2.675429 0.102171 2.246867 1.020000 3.020000
1772410327327703279 0.237878 2.671487 0.089657 2.408620 0.135481 2.184062 0.273299 2.675429 0.102171 2.246867 1.020000 3.020000
1772410327347626246 0.237878 2.671487 0.089657 2.408620 0.135494 2.184061 0.273299 2.675429 0.102171 2.246867 1.020000 3.020000
1772410327367742250 0.237878 2.671487 0.089657 2.408620 0.135494 2.184061 0.273299 2.675429 0.102171 2.246867 1.020000 3.020000
1772410327386779646 0.237878 2.671487 0.089657 2.408620 0.135494 2.184061 0.273299 2.675429 0.102171 2.246867 1.020000 3.010000
1772410327387131338 0.237878 2.671487 0.089660 2.398620 0.135494 2.184061 0.273299 2.675429 0.102171 2.246867 1.020000 3.010000
1772410327387528207 0.237878 2.671487 0.089660 2.398620 0.135521 2.184059 0.273299 2.675429 0.102171 2.246867 1.020000 3.010000
1772410327392818560 0.237878 2.671487 0.089660 2.398620 0.135521 2.184059 0.250478 2.589224 0.102171 2.246867 1.020000 3.010000
1772410327407678495 0.237878 2.671487 0.089660 2.398620 0.131398 2.141529 0.250478 2.589224 0.102171 2.246867 1.020000 3.010000
1772410327418800425 0.237878 2.671487 0.089660 2.398620 0.131398 2.141529 0.250478 2.589224 0.088141 2.162843 1.020000 3.010000
1772410327427571964 0.237878 2.671487 0.089660 2.398620 0.131398 2.141529 0.250478 2.589224 0.088141 2.162843 1.020000 3.010000
1772410327447691133 0.237878 2.671487 0.089660 2.398620 0.131329 2.141532 0.250478 2.589224 0.088141 2.162843 1.020000 3.010000
1772410327467867070 0.237878 2.671487 0.089660 2.398620 0.131329 2.141532 0.250478 2.589224 0.088141 2.162843 1.020000 3.010000
1772410327486547013 0.237878 2.671487 0.089660 2.398620 0.131329 2.141532 0.250478 2.589224 0.088141 2.162843 1.010000 2.990000
1772410327486860571 0.237878 2.671487 0.079664 2.378618 0.131329 2.141532 0.250478 2.589224 0.088141 2.162843 1.010000 2.990000
1772410327487617889 0.237878 2.671487 0.079664 2.378618 0.128008 2.099687 0.250478 2.589224 0.088141 2.162843 1.010000 2.990000
1772410327493036298 0.237878 2.671487 0.079664 2.378618 0.128008 2.099687 0.244234 2.531044 0.088141 2.162843 1.010000 2.990000
1772410327505924010 0.228470 2.646690 0.079664 2.378618 0.128008 2.099687 0.244234 2.531044 0.088141 2.162843 1.010000 2.990000
1772410327507502954 0.228470 2.646690 0.079664 2.378618 0.127978 2.097314 0.244234 2.531044 0.088141 2.162843 1.010000 2.990000
1772410327527565240 0.228470 2.646690 0.079664 2.378618 0.127890 2.097316 0.244234 2.531044 0.088141 2.162843 1.010000 2.990000
1772410327547667993 0.228470 2.646690 0.079664 2.378618 0.127890 2.097316 0.244234 2.531044 0.088141 2.162843 1.010000 2.990000
1772410327567530478 0.228470 2.646690 0.079664 2.378618 0.127890 2.097316 0.244234 2.531044 0.088141 2.162843 1.010000 2.990000
1772410327568082515 0.228470 2.646690 0.079664 2.378618 0.127890 2.097316 0.244234 2.531044 0.090180 2.185076 1.010000 2.990000
1772410327586725901 0.228470 2.646690 0.079664 2.378618 0.127890 2.097316 0.244234 2.531044 0.090180 2.185076 1.010000 2.970000
1772410327587131700 0.228470 2.646690 0.079669 2.358618 0.127890 2.097316 0.244234 2.531044 0.090180 2.185076 1.010000 2.970000
1772410327587547205 0.228470 2.646690 0.079669 2.358618 0.127915 2.097316 0.244234 2.531044 0.090180 2.185076 1.010000 2.970000
1772410327592946709 0.228470 2.646690 0.079669 2.358618 0.127915 2.097316 0.257967 2.567369 0.090180 2.185076 1.010000 2.970000
1772410327607700689 0.228470 2.646690 0.079669 2.358618 0.125845 2.098688 0.257967 2.567369 0.090180 2.185076 1.010000 2.970000
1772410327626391732 0.219197 2.620611 0.079669 2.358618 0.125845 2.098688 0.257967 2.567369 0.090180 2.185076 1.010000 2.970000
1772410327627570838 0.219197 2.620611 0.079669 2.358618 0.125816 2.089522 0.257967 2.567369 0.090180 2.185076 1.010000 2.970000
1772410327647745477 0.219197 2.620611 0.079669 2.358618 0.125816 2.089522 0.257967 2.567369 0.090180 2.185076 1.010000 2.970000
1772410327667879513 0.219197 2.620611 0.079669 2.358618 0.125816 2.089522 0.257967 2.567369 0.090180 2.185076 1.010000 2.970000
1772410327686962832 0.219197 2.620611 0.079669 2.358618 0.125816 2.089522 0.257967 2.567369 0.090180 2.185076 1.000000 2.940000
1772410327687465393 0.219197 2.620611 0.069675 2.328616 0.125816 2.089522 0.257967 2.567369 0.090180 2.185076 1.000000 2.940000
1772410327687493695 0.219197 2.620611 0.069675 2.328616 0.125813 2.089522 0.257967 2.567369 0.090180 2.185076 1.000000 2.940000
1772410327707616720 0.219197 2.620611 0.069675 2.328616 0.123548 2.086091 0.257967 2.567369 0.090180 2.185076 1.000000 2.940000
1772410327718572826 0.219197 2.620611 0.069675 2.328616 0.123548 2.086091 0.257967 2.567369 0.086467 2.165017 1.000000 2.940000
1772410327718890495 0.219197 2.620611 0.069675 2.328616 0.123548 2.086091 0.253245 2.533163 0.086467 2.165017 1.000000 2.940000
1772410327726058324 0.210256 2.594138 0.069675 2.328616 0.123548 2.086091 0.253245 2.533163 0.086467 2.165017 1.000000 2.940000
1772410327727718599 0.210256 2.594138 0.069675 2.328616 0.123624 2.074960 0.253245 2.533163 0.086467 2.165017 1.000000 2.940000
1772410327747701252 0.210256 2.594138 0.069675 2.328616 0.123624 2.074960 0.253245 2.533163 0.086467 2.165017 1.000000 2.940000
1772410327767691216 0.210256 2.594138 0.069675 2.328616 0.123619 2.074960 0.253245 2.533163 0.086467 2.165017 1.000000 2.940000
1772410327786454835 0.210256 2.594138 0.069675 2.328616 0.123619 2.074960 0.253245 2.533163 0.086467 2.165017 1.010000 2.930000
1772410327786834553 0.210256 2.594138 0.079678 2.318618 0.123619 2.074960 0.253245 2.533163 0.086467 2.165017 1.010000 2.930000
1772410327787480282 0.210256 2.594138 0.079678 2.318618 0.121998 2.068894 0.253245 2.533163 0.086467 2.165017 1.010000 2.930000
1772410327807854350 0.210256 2.594138 0.079678 2.318618 0.121998 2.068894 0.253245 2.533163 0.086467 2.165017 1.010000 2.930000
1772410327827654691 0.210256 2.594138 0.079678 2.318618 0.121990 2.068894 0.253245 2.533163 0.086467 2.165017 1.010000 2.930000
1772410327843267455 0.210256 2.594138 0.079678 2.318618 0.121990 2.068894 0.250448 2.495656 0.086467 2.165017 1.010000 2.930000
1772410327843291013 0.210256 2.594138 0.079678 2.318618 0.121990 2.068894 0.250448 2.495656 0.085718 2.137696 1.010000 2.930000
1772410327847626051 0.210256 2.594138 0.079678 2.318618 0.121990 2.068894 0.250448 2.495656 0.085718 2.137696 1.010000 2.930000
1772410327849459355 0.201474 2.567113 0.079678 2.318618 0.121990 2.068894 0.250448 2.495656 0.085718 2.137696 1.010000 2.930000
1772410327867610856 0.201474 2.567113 0.079678 2.318618 0.122211 2.054739 0.250448 2.495656 0.085718 2.137696 1.010000 2.930000
1772410327886471905 0.201474 2.567113 0.079678 2.318618 0.122211 2.054739 0.250448 2.495656 0.085718 2.137696 1.000000 2.910000
1772410327886956325 0.201474 2.567113 0.069682 2.298616 0.122211 2.054739 0.250448 2.495656 0.085718 2.137696 1.000000 2.910000
1772410327887810850 0.201474 2.567113 0.069682 2.298616 0.120200 2.055690 0.250448 2.495656 0.085718 2.137696 1.000000 2.910000
1772410327907815127 0.201474 2.567113 0.069682 2.298616 0.120200 2.055690 0.250448 2.495656 0.085718 2.137696 1.000000 2.910000
1772410327927854617 0.201474 2.567113 0.069682 2.298616 0.120201 2.055690 0.250448 2.495656 0.085718 2.137696 1.000000 2.910000
1772410327946412652 0.192741 2.539410 0.069682 2.298616 0.120201 2.055690 0.250448 2.495656 0.085718 2.137696 1.000000 2.910000
1772410327947622824 0.192741 2.539410 0.069682 2.298616 0.120584 2.038409 0.250448 2.495656 0.085718 2.137696 1.000000 2.910000
1772410327967755854 0.192741 2.539410 0.069682 2.298616 0.120580 2.038409 0.250448 2.495656 0.085718 2.137696 1.000000 2.910000
1772410327987817664 0.192741 2.539410 0.069682 2.298616 0.120580 2.038409 0.250448 2.495656 0.085718 2.137696 0.980000 2.890000
1772410327987860176 0.192741 2.539410 0.069682 2.298616 0.120580 2.038409 0.250448 2.495656 0.085718 2.137696 0.980000 2.890000
1772410327988371098 0.192741 2.539410 0.049687 2.278611 0.120580 2.038409 0.250448 2.495656 0.085718 2.137696 0.980000 2.890000
1772410327993039228 0.192741 2.539410 0.049687 2.278611 0.120580 2.038409 0.249535 2.456844 0.085718 2.137696 0.980000 2.890000
1772410328007690519 0.192741 2.539410 0.049687 2.278611 0.117900 2.037201 0.249535 2.456844 0.085718 2.137696 0.980000 2.890000
1772410328027574163 0.192741 2.539410 0.049687 2.278611 0.117899 2.037201 0.249535 2.456844 0.085718 2.137696 0.980000 2.890000
1772410328042888004 0.192741 2.539410 0.049687 2.278611 0.117899 2.037201 0.249535 2.456844 0.083076 2.104942 0.980000 2.890000
1772410328047450040 0.192741 2.539410 0.049687 2.278611 0.117899 2.037201 0.249535 2.456844 0.083076 2.104942 0.980000 2.890000
1772410328066179051 0.175555 2.483365 0.049687 2.278611 0.117899 2.037201 0.249535 2.456844 0.083076 2.104942 0.980000 2.890000
1772410328067367600 0.175555 2.483365 0.049687 2.278611 0.119034 1.998305 0.249535 2.456844 0.083076 2.104942 0.980000 2.890000
1772410328086665994 0.175555 2.483365 0.049687 2.278611 0.119034 1.998305 0.249535 2.456844 0.083076 2.104942 0.970000 2.870000
1772410328086903800 0.175555 2.483365 0.039691 2.258609 0.119034 1.998305 0.249535 2.456844 0.083076 2.104942 0.970000 2.870000
1772410328087449739 0.175555 2.483365 0.039691 2.258609 0.116009 1.999659 0.249535 2.456844 0.083076 2.104942 0.970000 2.870000
1772410328092631423 0.175555 2.483365 0.039691 2.258609 0.116009 1.999659 0.244520 2.395782 0.083076 2.104942 0.970000 2.870000
1772410328107351458 0.175555 2.483365 0.039691 2.258609 0.115995 1.999659 0.244520 2.395782 0.083076 2.104942 0.970000 2.870000
1772410328127535522 0.175555 2.483365 0.039691 2.258609 0.115995 1.999659 0.244520 2.395782 0.083076 2.104942 0.970000 2.870000
1772410328147581547 0.175555 2.483365 0.039691 2.258609 0.115995 1.999659 0.244520 2.395782 0.083076 2.104942 0.970000 2.870000
1772410328167732640 0.175555 2.483365 0.039691 2.258609 0.116003 1.999659 0.244520 2.395782 0.083076 2.104942 0.970000 2.870000
1772410328168328661 0.175555 2.483365 0.039691 2.258609 0.116003 1.999659 0.244520 2.395782 0.081516 2.040238 0.970000 2.870000
1772410328186894776 0.175555 2.483365 0.039691 2.258609 0.116003 1.999659 0.244520 2.395782 0.081516 2.040238 0.970000 2.850000
1772410328187325513 0.175555 2.483365 0.039696 2.238609 0.116003 1.999659 0.244520 2.395782 0.081516 2.040238 0.970000 2.850000
1772410328187680283 0.175555 2.483365 0.039696 2.238609 0.116003 1.999659 0.244520 2.395782 0.081516 2.040238 0.970000 2.850000
1772410328193199829 0.175555 2.483365 0.039696 2.238609 0.116003 1.999659 0.243719 2.344016 0.081516 2.040238 0.970000 2.850000
1772410328207666935 0.175555 2.483365 0.039696 2.238609 0.114410 1.962706 0.243719 2.344016 0.081516 2.040238 0.970000 2.850000
1772410328227758143 0.175555 2.483365 0.039696 2.238609 0.114410 1.962706 0.243719 2.344016 0.081516 2.040238 0.970000 2.850000
1772410328247606536 0.175555 2.483365 0.039696 2.238609 0.114410 1.962706 0.243719 2.344016 0.081516 2.040238 0.970000 2.850000
1772410328267586779 0.175555 2.483365 0.039696 2.238609 0.114411 1.962706 0.243719 2.344016 0.081516 2.040238 0.970000 2.850000
1772410328286278274 0.175555 2.483365 0.039696 2.238609 0.114411 1.962706 0.243719 2.344016 0.081516 2.040238 0.970000 2.820000
1772410328286300301 0.167166 2.455501 0.039696 2.238609 0.114411 1.962706 0.243719 2.344016 0.081516 2.040238 0.970000 2.820000
1772410328286520998 0.167166 2.455501 0.039703 2.208609 0.114411 1.962706 0.243719 2.344016 0.081516 2.040238 0.970000 2.820000
1772410328287556744 0.167166 2.455501 0.039703 2.208609 0.111772 1.960222 0.243719 2.344016 0.081516 2.040238 0.970000 2.820000
1772410328307780928 0.167166 2.455501 0.039703 2.208609 0.111770 1.960222 0.243719 2.344016 0.081516 2.040238 0.970000 2.820000
1772410328318149731 0.167166 2.455501 0.039703 2.208609 0.111770 1.960222 0.249940 2.368083 0.081516 2.040238 0.970000 2.820000
1772410328318394142 0.167166 2.455501 0.039703 2.208609 0.111770 1.960222 0.249940 2.368083 0.076787 2.066944 0.970000 2.820000
1772410328327649122 0.167166 2.455501 0.039703 2.208609 0.111770 1.960222 0.249940 2.368083 0.076787 2.066944 0.970000 2.820000
1772410328347589178 0.167166 2.455501 0.039703 2.208609 0.111771 1.960222 0.249940 2.368083 0.076787 2.066944 0.970000 2.820000
1772410328367578949 0.167166 2.455501 0.039703 2.208609 0.111771 1.960222 0.249940 2.368083 0.076787 2.066944 0.970000 2.820000
1772410328386614655 0.158772 2.427418 0.039703 2.208609 0.111771 1.960222 0.249940 2.368083 0.076787 2.066944 0.970000 2.820000
1772410328386640281 0.158772 2.427418 0.039703 2.208609 0.111771 1.960222 0.249940 2.368083 0.076787 2.066944 0.960000 2.800000
1772410328386857654 0.158772 2.427418 0.029707 2.188607 0.111771 1.960222 0.249940 2.368083 0.076787 2.066944 0.960000 2.800000
1772410328387513247 0.158772 2.427418 0.029707 2.188607 0.109418 1.941577 0.249940 2.368083 0.076787 2.066944 0.960000 2.800000
1772410328407482129 0.158772 2.427418 0.029707 2.188607 0.109415 1.941577 0.249940 2.368083 0.076787 2.066944 0.960000 2.800000
1772410328427620547 0.158772 2.427418 0.029707 2.188607 0.109415 1.941577 0.249940 2.368083 0.076787 2.066944 0.960000 2.800000
1772410328447711640 0.158772 2.427418 0.029707 2.188607 0.109416 1.941577 0.249940 2.368083 0.076787 2.066944 0.960000 2.800000
1772410328467779516 0.158772 2.427418 0.029707 2.188607 0.109416 1.941577 0.249940 2.368083 0.076787 2.066944 0.960000 2.800000
1772410328467940225 0.158772 2.427418 0.029707 2.188607 0.109416 1.941577 0.247060 2.314779 0.076787 2.066944 0.960000 2.800000
1772410328468189502 0.158772 2.427418 0.029707 2.188607 0.109416 1.941577 0.247060 2.314779 0.075175 2.021002 0.960000 2.800000
1772410328486712197 0.158772 2.427418 0.029707 2.188607 0.109416 1.941577 0.247060 2.314779 0.075175 2.021002 0.950000 2.780000
1772410328487209136 0.158772 2.427418 0.019712 2.168604 0.109416 1.941577 0.247060 2.314779 0.075175 2.021002 0.950000 2.780000
1772410328487619534 0.158772 2.427418 0.019712 2.168604 0.106855 1.922796 0.247060 2.314779 0.075175 2.021002 0.950000 2.780000
1772410328506174013 0.150315 2.399025 0.019712 2.168604 0.106855 1.922796 0.247060 2.314779 0.075175 2.021002 0.950000 2.780000
1772410328507563577 0.150315 2.399025 0.019712 2.168604 0.107049 1.917942 0.247060 2.314779 0.075175 2.021002 0.950000 2.780000
1772410328527655977 0.150315 2.399025 0.019712 2.168604 0.107049 1.917942 0.247060 2.314779 0.075175 2.021002 0.950000 2.780000
1772410328547531745 0.150315 2.399025 0.019712 2.168604 0.107050 1.917942 0.247060 2.314779 0.075175 2.021002 0.950000 2.780000
1772410328567408835 0.150315 2.399025 0.019712 2.168604 0.107050 1.917942 0.247060 2.314779 0.075175 2.021002 0.950000 2.780000
1772410328587128422 0.150315 2.399025 0.019712 2.168604 0.107050 1.917942 0.247060 2.314779 0.075175 2.021002 0.950000 2.750000
1772410328587432485 0.150315 2.399025 0.019718 2.138604 0.107050 1.917942 0.247060 2.314779 0.075175 2.021002 0.950000 2.750000
1772410328587455092 0.150315 2.399025 0.019718 2.138604 0.107050 1.917942 0.247060 2.314779 0.075175 2.021002 0.950000 2.750000
1772410328592968051 0.150315 2.399025 0.019718 2.138604 0.107050 1.917942 0.247464 2.286760 0.075175 2.021002 0.950000 2.750000
1772410328606213404 0.141962 2.370930 0.019718 2.138604 0.107050 1.917942 0.247464 2.286760 0.075175 2.021002 0.950000 2.750000
1772410328607765360 0.141962 2.370930 0.019718 2.138604 0.104483 1.902272 0.247464 2.286760 0.075175 2.021002 0.950000 2.750000
1772410328627749371 0.141962 2.370930 0.019718 2.138604 0.104483 1.902272 0.247464 2.286760 0.075175 2.021002 0.950000 2.750000
1772410328647646575 0.141962 2.370930 0.019718 2.138604 0.104482 1.902272 0.247464 2.286760 0.075175 2.021002 0.950000 2.750000
1772410328667713829 0.141962 2.370930 0.019718 2.138604 0.104482 1.902272 0.247464 2.286760 0.075175 2.021002 0.950000 2.750000
1772410328668172607 0.141962 2.370930 0.019718 2.138604 0.104482 1.902272 0.247464 2.286760 0.069818 1.986130 0.950000 2.750000
1772410328686795128 0.141962 2.370930 0.019718 2.138604 0.104482 1.902272 0.247464 2.286760 0.069818 1.986130 0.970000 2.700000
1772410328687145338 0.141962 2.370930 0.039730 2.088609 0.104482 1.902272 0.247464 2.286760 0.069818 1.986130 0.970000 2.700000
1772410328687372801 0.141962 2.370930 0.039730 2.088609 0.104482 1.902272 0.247464 2.286760 0.069818 1.986130 0.970000 2.700000
1772410328707816918 0.141962 2.370930 0.039730 2.088609 0.102755 1.887331 0.247464 2.286760 0.069818 1.986130 0.970000 2.700000
1772410328726158348 0.133504 2.342427 0.039730 2.088609 0.102755 1.887331 0.247464 2.286760 0.069818 1.986130 0.970000 2.700000
1772410328727631236 0.133504 2.342427 0.039730 2.088609 0.103167 1.877552 0.247464 2.286760 0.069818 1.986130 0.970000 2.700000
1772410328747685521 0.133504 2.342427 0.039730 2.088609 0.103170 1.877552 0.247464 2.286760 0.069818 1.986130 0.970000 2.700000
1772410328767742899 0.133504 2.342427 0.039730 2.088609 0.103170 1.877552 0.247464 2.286760 0.069818 1.986130 0.970000 2.700000
1772410328768613798 0.133504 2.342427 0.039730 2.088609 0.103170 1.877552 0.247464 2.286760 0.068615 1.969955 0.970000 2.700000
1772410328768664590 0.133504 2.342427 0.039730 2.088609 0.103170 1.877552 0.246830 2.237879 0.068615 1.969955 0.970000 2.700000
1772410328787591284 0.133504 2.342427 0.039730 2.088609 0.103175 1.877552 0.246830 2.237879 0.068615 1.969955 0.970000 2.700000
1772410328793829418 0.133504 2.342427 0.039730 2.088609 0.103175 1.877552 0.246830 2.237879 0.068615 1.969955 0.990000 2.650000
1772410328794203482 0.133504 2.342427 0.059741 2.038614 0.103175 1.877552 0.246830 2.237879 0.068615 1.969955 0.990000 2.650000
1772410328807691173 0.133504 2.342427 0.059741 2.038614 0.101998 1.869946 0.246830 2.237879 0.068615 1.969955 0.990000 2.650000
1772410328826644982 0.125135 2.314228 0.059741 2.038614 0.101998 1.869946 0.246830 2.237879 0.068615 1.969955 0.990000 2.650000
1772410328827576132 0.125135 2.314228 0.059741 2.038614 0.102514 1.858280 0.246830 2.237879 0.068615 1.969955 0.990000 2.650000
1772410328847746726 0.125135 2.314228 0.059741 2.038614 0.102515 1.858280 0.246830 2.237879 0.068615 1.969955 0.990000 2.650000
1772410328867582693 0.125135 2.314228 0.059741 2.038614 0.102515 1.858280 0.246830 2.237879 0.068615 1.969955 0.990000 2.650000
1772410328886518205 0.125135 2.314228 0.059741 2.038614 0.102515 1.858280 0.246830 2.237879 0.068615 1.969955 1.000000 2.600000
1772410328887062858 0.125135 2.314228 0.069752 1.988616 0.102515 1.858280 0.246830 2.237879 0.068615 1.969955 1.000000 2.600000
1772410328887905726 0.125135 2.314228 0.069752 1.988616 0.101919 1.846756 0.246830 2.237879 0.068615 1.969955 1.000000 2.600000
1772410328892955637 0.125135 2.314228 0.069752 1.988616 0.101919 1.846756 0.246364 2.199623 0.068615 1.969955 1.000000 2.600000
1772410328907607156 0.125135 2.314228 0.069752 1.988616 0.101919 1.846756 0.246364 2.199623 0.068615 1.969955 1.000000 2.600000
1772410328927732684 0.125135 2.314228 0.069752 1.988616 0.101918 1.846756 0.246364 2.199623 0.068615 1.969955 1.000000 2.600000
1772410328943129362 0.125135 2.314228 0.069752 1.988616 0.101918 1.846756 0.246364 2.199623 0.070326 1.921201 1.000000 2.600000
1772410328946141814 0.116670 2.285782 0.069752 1.988616 0.101918 1.846756 0.246364 2.199623 0.070326 1.921201 1.000000 2.600000
1772410328947523969 0.116670 2.285782 0.069752 1.988616 0.102593 1.831984 0.246364 2.199623 0.070326 1.921201 1.000000 2.600000
1772410328967460287 0.116670 2.285782 0.069752 1.988616 0.102593 1.831984 0.246364 2.199623 0.070326 1.921201 1.000000 2.600000
1772410328986387644 0.116670 2.285782 0.069752 1.988616 0.102593 1.831984 0.246364 2.199623 0.070326 1.921201 1.020000 2.560000
1772410328986758721 0.116670 2.285782 0.089761 1.948620 0.102593 1.831984 0.246364 2.199623 0.070326 1.921201 1.020000 2.560000
1772410328987641913 0.116670 2.285782 0.089761 1.948620 0.102489 1.827333 0.246364 2.199623 0.070326 1.921201 1.020000 2.560000
1772410329007714926 0.116670 2.285782 0.089761 1.948620 0.102489 1.827333 0.246364 2.199623 0.070326 1.921201 1.020000 2.560000
1772410329027701427 0.116670 2.285782 0.089761 1.948620 0.102489 1.827333 0.246364 2.199623 0.070326 1.921201 1.020000 2.560000
1772410329043625150 0.116670 2.285782 0.089761 1.948620 0.102489 1.827333 0.246560 2.165560 0.070326 1.921201 1.020000 2.560000
1772410329043699001 0.116670 2.285782 0.089761 1.948620 0.102489 1.827333 0.246560 2.165560 0.072635 1.901394 1.020000 2.560000
1772410329046375453 0.108259 2.257594 0.089761 1.948620 0.102489 1.827333 0.246560 2.165560 0.072635 1.901394 1.020000 2.560000
1772410329047568227 0.108259 2.257594 0.089761 1.948620 0.103283 1.809775 0.246560 2.165560 0.072635 1.901394 1.020000 2.560000
1772410329067561970 0.108259 2.257594 0.089761 1.948620 0.103285 1.809776 0.246560 2.165560 0.072635 1.901394 1.020000 2.560000
1772410329086551175 0.108259 2.257594 0.089761 1.948620 0.103285 1.809776 0.246560 2.165560 0.072635 1.901394 1.040000 2.510000
1772410329087133550 0.108259 2.257594 0.109772 1.898625 0.103285 1.809776 0.246560 2.165560 0.072635 1.901394 1.040000 2.510000
1772410329087815810 0.108259 2.257594 0.109772 1.898625 0.104074 1.802157 0.246560 2.165560 0.072635 1.901394 1.040000 2.510000
1772410329107863596 0.108259 2.257594 0.109772 1.898625 0.104074 1.802157 0.246560 2.165560 0.072635 1.901394 1.040000 2.510000
1772410329127817675 0.108259 2.257594 0.109772 1.898625 0.104076 1.802157 0.246560 2.165560 0.072635 1.901394 1.040000 2.510000
1772410329147643910 0.108259 2.257594 0.109772 1.898625 0.104076 1.802157 0.246560 2.165560 0.072635 1.901394 1.040000 2.510000
1772410329166288874 0.099835 2.229411 0.109772 1.898625 0.104076 1.802157 0.246560 2.165560 0.072635 1.901394 1.040000 2.510000
1772410329167455184 0.099835 2.229411 0.109772 1.898625 0.104972 1.782637 0.246560 2.165560 0.072635 1.901394 1.040000 2.510000
1772410329186678142 0.099835 2.229411 0.109772 1.898625 0.104972 1.782637 0.246560 2.165560 0.072635 1.901394 1.050000 2.470000
1772410329187133703 0.099835 2.229411 0.119781 1.858627 0.104972 1.782637 0.246560 2.165560 0.072635 1.901394 1.050000 2.470000
1772410329187686341 0.099835 2.229411 0.119781 1.858627 0.105816 1.781058 0.246560 2.165560 0.072635 1.901394 1.050000 2.470000
1772410329192983885 0.099835 2.229411 0.119781 1.858627 0.105816 1.781058 0.246018 2.123655 0.072635 1.901394 1.050000 2.470000
1772410329207785147 0.099835 2.229411 0.119781 1.858627 0.105816 1.781058 0.246018 2.123655 0.072635 1.901394 1.050000 2.470000
1772410329218381752 0.099835 2.229411 0.119781 1.858627 0.105816 1.781058 0.246018 2.123655 0.080204 1.850077 1.050000 2.470000
1772410329227845155 0.099835 2.229411 0.119781 1.858627 0.105815 1.781058 0.246018 2.123655 0.080204 1.850077 1.050000 2.470000
1772410329247747243 0.099835 2.229411 0.119781 1.858627 0.105815 1.781058 0.246018 2.123655 0.080204 1.850077 1.050000 2.470000
1772410329265973673 0.091345 2.201082 0.119781 1.858627 0.105815 1.781058 0.246018 2.123655 0.080204 1.850077 1.050000 2.470000
1772410329267466841 0.091345 2.201082 0.119781 1.858627 0.106886 1.757551 0.246018 2.123655 0.080204 1.850077 1.050000 2.470000
1772410329286724524 0.091345 2.201082 0.119781 1.858627 0.106886 1.757551 0.246018 2.123655 0.080204 1.850077 1.060000 2.440000
1772410329287367549 0.091345 2.201082 0.129788 1.828629 0.106886 1.757551 0.246018 2.123655 0.080204 1.850077 1.060000 2.440000
1772410329287638319 0.091345 2.201082 0.129788 1.828629 0.106886 1.757551 0.246018 2.123655 0.080204 1.850077 1.060000 2.440000
1772410329292960602 0.091345 2.201082 0.129788 1.828629 0.106886 1.757551 0.245556 2.092342 0.080204 1.850077 1.060000 2.440000
1772410329307780321 0.091345 2.201082 0.129788 1.828629 0.108116 1.754801 0.245556 2.092342 0.080204 1.850077 1.060000 2.440000
1772410329327988721 0.091345 2.201082 0.129788 1.828629 0.108116 1.754801 0.245556 2.092342 0.080204 1.850077 1.060000 2.440000
1772410329347677702 0.091345 2.201082 0.129788 1.828629 0.108116 1.754801 0.245556 2.092342 0.080204 1.850077 1.060000 2.440000
1772410329367901387 0.091345 2.201082 0.129788 1.828629 0.108115 1.754801 0.245556 2.092342 0.080204 1.850077 1.060000 2.440000
1772410329368884268 0.091345 2.201082 0.129788 1.828629 0.108115 1.754801 0.245556 2.092342 0.085553 1.802433 1.060000 2.440000
1772410329386410814 0.091345 2.201082 0.129788 1.828629 0.108115 1.754801 0.245556 2.092342 0.085553 1.802433 1.050000 2.420000
1772410329386495970 0.082857 2.172863 0.129788 1.828629 0.108115 1.754801 0.245556 2.092342 0.085553 1.802433 1.050000 2.420000
1772410329386894266 0.082857 2.172863 0.119793 1.808627 0.108115 1.754801 0.245556 2.092342 0.085553 1.802433 1.050000 2.420000
1772410329387591568 0.082857 2.172863 0.119793 1.808627 0.109665 1.733586 0.245556 2.092342 0.085553 1.802433 1.050000 2.420000
1772410329407767254 0.082857 2.172863 0.119793 1.808627 0.109664 1.733586 0.245556 2.092342 0.085553 1.802433 1.050000 2.420000
1772410329418567233 0.082857 2.172863 0.119793 1.808627 0.109664 1.733586 0.245611 2.064999 0.085553 1.802433 1.050000 2.420000
1772410329427784047 0.082857 2.172863 0.119793 1.808627 0.109664 1.733586 0.245611 2.064999 0.085553 1.802433 1.050000 2.420000
1772410329448031492 0.082857 2.172863 0.119793 1.808627 0.109664 1.733586 0.245611 2.064999 0.085553 1.802433 1.050000 2.420000
1772410329467642822 0.082857 2.172863 0.119793 1.808627 0.109664 1.733586 0.245611 2.064999 0.085553 1.802433 1.050000 2.420000
1772410329487405627 0.074281 2.144451 0.119793 1.808627 0.109664 1.733586 0.245611 2.064999 0.085553 1.802433 1.050000 2.420000
1772410329487435218 0.074281 2.144451 0.119793 1.808627 0.109664 1.733586 0.245611 2.064999 0.085553 1.802433 1.050000 2.380000
1772410329487448712 0.074281 2.144451 0.119793 1.808627 0.109664 1.733586 0.245611 2.064999 0.085553 1.802433 1.050000 2.380000
1772410329487759112 0.074281 2.144451 0.119802 1.768627 0.109664 1.733586 0.245611 2.064999 0.085553 1.802433 1.050000 2.380000
1772410329507794111 0.074281 2.144451 0.119802 1.768627 0.111350 1.706664 0.245611 2.064999 0.085553 1.802433 1.050000 2.380000
1772410329517971158 0.074281 2.144451 0.119802 1.768627 0.111350 1.706664 0.245611 2.064999 0.091742 1.761564 1.050000 2.380000
1772410329527637423 0.074281 2.144451 0.119802 1.768627 0.111350 1.706664 0.245611 2.064999 0.091742 1.761564 1.050000 2.380000
1772410329547681709 0.074281 2.144451 0.119802 1.768627 0.111350 1.706664 0.245611 2.064999 0.091742 1.761564 1.050000 2.380000
1772410329567568130 0.074281 2.144451 0.119802 1.768627 0.111352 1.706664 0.245611 2.064999 0.091742 1.761564 1.050000 2.380000
1772410329568021741 0.074281 2.144451 0.119802 1.768627 0.111352 1.706664 0.244770 2.016940 0.091742 1.761564 1.050000 2.380000
1772410329586583498 0.074281 2.144451 0.119802 1.768627 0.111352 1.706664 0.244770 2.016940 0.091742 1.761564 1.050000 2.350000
1772410329586998496 0.074281 2.144451 0.119808 1.738627 0.111352 1.706664 0.244770 2.016940 0.091742 1.761564 1.050000 2.350000
1772410329587725762 0.074281 2.144451 0.119808 1.738627 0.112978 1.679560 0.244770 2.016940 0.091742 1.761564 1.050000 2.350000
1772410329607714692 0.074281 2.144451 0.119808 1.738627 0.112977 1.679560 0.244770 2.016940 0.091742 1.761564 1.050000 2.350000
1772410329607874978 0.065769 2.116349 0.119808 1.738627 0.112977 1.679560 0.244770 2.016940 0.091742 1.761564 1.050000 2.350000
1772410329627796617 0.065769 2.116349 0.119808 1.738627 0.113193 1.674769 0.244770 2.016940 0.091742 1.761564 1.050000 2.350000
1772410329647705693 0.065769 2.116349 0.119808 1.738627 0.113193 1.674769 0.244770 2.016940 0.091742 1.761564 1.050000 2.350000
1772410329667615797 0.065769 2.116349 0.119808 1.738627 0.113193 1.674769 0.244770 2.016940 0.091742 1.761564 1.050000 2.350000
1772410329667953902 0.065769 2.116349 0.119808 1.738627 0.113193 1.674769 0.244770 2.016940 0.095052 1.725163 1.050000 2.350000
1772410329667974730 0.065769 2.116349 0.119808 1.738627 0.113193 1.674769 0.244784 1.996130 0.095052 1.725163 1.050000 2.350000
1772410329686456748 0.065769 2.116349 0.119808 1.738627 0.113193 1.674769 0.244784 1.996130 0.095052 1.725163 1.050000 2.320000
1772410329686796801 0.065769 2.116349 0.119815 1.708627 0.113193 1.674769 0.244784 1.996130 0.095052 1.725163 1.050000 2.320000
1772410329687556132 0.065769 2.116349 0.119815 1.708627 0.114315 1.657381 0.244784 1.996130 0.095052 1.725163 1.050000 2.320000
1772410329706329260 0.057145 2.088005 0.119815 1.708627 0.114315 1.657381 0.244784 1.996130 0.095052 1.725163 1.050000 2.320000
1772410329707527255 0.057145 2.088005 0.119815 1.708627 0.114572 1.651596 0.244784 1.996130 0.095052 1.725163 1.050000 2.320000
1772410329727718586 0.057145 2.088005 0.119815 1.708627 0.114572 1.651596 0.244784 1.996130 0.095052 1.725163 1.050000 2.320000
1772410329747737143 0.057145 2.088005 0.119815 1.708627 0.114572 1.651596 0.244784 1.996130 0.095052 1.725163 1.050000 2.320000
1772410329767561346 0.057145 2.088005 0.119815 1.708627 0.114572 1.651596 0.244784 1.996130 0.095052 1.725163 1.050000 2.320000
1772410329786606877 0.057145 2.088005 0.119815 1.708627 0.114572 1.651596 0.244784 1.996130 0.095052 1.725163 1.050000 2.290000
1772410329786952812 0.057145 2.088005 0.119822 1.678627 0.114572 1.651596 0.244784 1.996130 0.095052 1.725163 1.050000 2.290000
1772410329787746963 0.057145 2.088005 0.119822 1.678627 0.115811 1.629928 0.244784 1.996130 0.095052 1.725163 1.050000 2.290000
1772410329792918934 0.057145 2.088005 0.119822 1.678627 0.115811 1.629928 0.243992 1.955550 0.095052 1.725163 1.050000 2.290000
1772410329807627199 0.057145 2.088005 0.119822 1.678627 0.115809 1.629928 0.243992 1.955550 0.095052 1.725163 1.050000 2.290000
1772410329818689303 0.057145 2.088005 0.119822 1.678627 0.115809 1.629928 0.243992 1.955550 0.100190 1.673225 1.050000 2.290000
1772410329826446632 0.048556 2.059872 0.119822 1.678627 0.115809 1.629928 0.243992 1.955550 0.100190 1.673225 1.050000 2.290000
1772410329827634246 0.048556 2.059872 0.119822 1.678627 0.116238 1.620199 0.243992 1.955550 0.100190 1.673225 1.050000 2.290000
1772410329847885628 0.048556 2.059872 0.119822 1.678627 0.116240 1.620199 0.243992 1.955550 0.100190 1.673225 1.050000 2.290000
1772410329867896068 0.048556 2.059872 0.119822 1.678627 0.116240 1.620199 0.243992 1.955550 0.100190 1.673225 1.050000 2.290000
1772410329887019825 0.048556 2.059872 0.119822 1.678627 0.116240 1.620199 0.243992 1.955550 0.100190 1.673225 1.050000 2.250000
1772410329887541733 0.048556 2.059872 0.119831 1.638627 0.116240 1.620199 0.243992 1.955550 0.100190 1.673225 1.050000 2.250000
1772410329887576558 0.048556 2.059872 0.119831 1.638627 0.116240 1.620199 0.243992 1.955550 0.100190 1.673225 1.050000 2.250000
1772410329892879681 0.048556 2.059872 0.119831 1.638627 0.116240 1.620199 0.243888 1.934553 0.100190 1.673225 1.050000 2.250000
1772410329907799609 0.048556 2.059872 0.119831 1.638627 0.117019 1.606801 0.243888 1.934553 0.100190 1.673225 1.050000 2.250000
1772410329926204696 0.039952 2.031743 0.119831 1.638627 0.117019 1.606801 0.243888 1.934553 0.100190 1.673225 1.050000 2.250000
1772410329927647419 0.039952 2.031743 0.119831 1.638627 0.117533 1.595207 0.243888 1.934553 0.100190 1.673225 1.050000 2.250000
1772410329947843827 0.039952 2.031743 0.119831 1.638627 0.117535 1.595207 0.243888 1.934553 0.100190 1.673225 1.050000 2.250000
1772410329967369851 0.039952 2.031743 0.119831 1.638627 0.117535 1.595207 0.243888 1.934553 0.100190 1.673225 1.050000 2.250000
1772410329986469783 0.039952 2.031743 0.119831 1.638627 0.117535 1.595207 0.243888 1.934553 0.100190 1.673225 1.050000 2.210000
1772410329986973585 0.039952 2.031743 0.119840 1.598627 0.117535 1.595207 0.243888 1.934553 0.100190 1.673225 1.050000 2.210000
1772410329987684230 0.039952 2.031743 0.119840 1.598627 0.118393 1.578351 0.243888 1.934553 0.100190 1.673225 1.050000 2.210000
1772410329992777067 0.039952 2.031743 0.119840 1.598627 0.118393 1.578351 0.243185 1.901871 0.100190 1.673225 1.050000 2.210000
1772410330007970167 0.039952 2.031743 0.119840 1.598627 0.118393 1.578351 0.243185 1.901871 0.100190 1.673225 1.050000 2.210000
1772410330027667923 0.039952 2.031743 0.119840 1.598627 0.118393 1.578351 0.243185 1.901871 0.100190 1.673225 1.050000 2.210000
1772410330044143016 0.039952 2.031743 0.119840 1.598627 0.118393 1.578351 0.243185 1.901871 0.104855 1.607281 1.050000 2.210000
1772410330046513086 0.031273 2.003416 0.119840 1.598627 0.118393 1.578351 0.243185 1.901871 0.104855 1.607281 1.050000 2.210000
1772410330047613053 0.031273 2.003416 0.119840 1.598627 0.119051 1.563637 0.243185 1.901871 0.104855 1.607281 1.050000 2.210000
1772410330067782031 0.031273 2.003416 0.119840 1.598627 0.119051 1.563637 0.243185 1.901871 0.104855 1.607281 1.050000 2.210000
1772410330086489723 0.031273 2.003416 0.119840 1.598627 0.119051 1.563637 0.243185 1.901871 0.104855 1.607281 1.040000 2.180000
1772410330087248593 0.031273 2.003416 0.109847 1.568625 0.119051 1.563637 0.243185 1.901871 0.104855 1.607281 1.040000 2.180000
1772410330087705638 0.031273 2.003416 0.109847 1.568625 0.119048 1.563637 0.243185 1.901871 0.104855 1.607281 1.040000 2.180000
1772410330093204168 0.031273 2.003416 0.109847 1.568625 0.119048 1.563637 0.243000 1.880244 0.104855 1.607281 1.040000 2.180000
1772410330108187982 0.031273 2.003416 0.109847 1.568625 0.119080 1.554333 0.243000 1.880244 0.104855 1.607281 1.040000 2.180000
1772410330127489060 0.031273 2.003416 0.109847 1.568625 0.119080 1.554333 0.243000 1.880244 0.104855 1.607281 1.040000 2.180000
1772410330146353960 0.022665 1.975344 0.109847 1.568625 0.119080 1.554333 0.243000 1.880244 0.104855 1.607281 1.040000 2.180000
1772410330147554340 0.022665 1.975344 0.109847 1.568625 0.119854 1.536833 0.243000 1.880244 0.104855 1.607281 1.040000 2.180000
1772410330167819142 0.022665 1.975344 0.109847 1.568625 0.119854 1.536833 0.243000 1.880244 0.104855 1.607281 1.040000 2.180000
1772410330186447556 0.022665 1.975344 0.109847 1.568625 0.119854 1.536833 0.243000 1.880244 0.104855 1.607281 1.040000 2.150000
1772410330187111275 0.022665 1.975344 0.109853 1.538625 0.119854 1.536833 0.243000 1.880244 0.104855 1.607281 1.040000 2.150000
1772410330188191595 0.022665 1.975344 0.109853 1.538625 0.119919 1.525590 0.243000 1.880244 0.104855 1.607281 1.040000 2.150000
1772410330207873808 0.022665 1.975344 0.109853 1.538625 0.119919 1.525590 0.243000 1.880244 0.104855 1.607281 1.040000 2.150000
1772410330218894332 0.022665 1.975344 0.109853 1.538625 0.119919 1.525590 0.242186 1.840418 0.104855 1.607281 1.040000 2.150000
1772410330218921539 0.022665 1.975344 0.109853 1.538625 0.119919 1.525590 0.242186 1.840418 0.107150 1.552919 1.040000 2.150000
1772410330227583569 0.022665 1.975344 0.109853 1.538625 0.119921 1.525590 0.242186 1.840418 0.107150 1.552919 1.040000 2.150000
1772410330248004130 0.022665 1.975344 0.109853 1.538625 0.119921 1.525590 0.242186 1.840418 0.107150 1.552919 1.040000 2.150000
1772410330267829014 0.022665 1.975344 0.109853 1.538625 0.119921 1.525590 0.242186 1.840418 0.107150 1.552919 1.040000 2.150000
1772410330268454813 0.013972 1.947022 0.109853 1.538625 0.119921 1.525590 0.242186 1.840418 0.107150 1.552919 1.040000 2.150000
1772410330286294748 0.013972 1.947022 0.109853 1.538625 0.119921 1.525590 0.242186 1.840418 0.107150 1.552919 1.040000 2.120000
1772410330287123276 0.013972 1.947022 0.109860 1.508625 0.119921 1.525590 0.242186 1.840418 0.107150 1.552919 1.040000 2.120000
1772410330287576660 0.013972 1.947022 0.109860 1.508625 0.120780 1.505921 0.242186 1.840418 0.107150 1.552919 1.040000 2.120000
1772410330307814534 0.013972 1.947022 0.109860 1.508625 0.120525 1.501233 0.242186 1.840418 0.107150 1.552919 1.040000 2.120000
1772410330327710456 0.013972 1.947022 0.109860 1.508625 0.120527 1.501234 0.242186 1.840418 0.107150 1.552919 1.040000 2.120000
1772410330347968702 0.013972 1.947022 0.109860 1.508625 0.120527 1.501234 0.242186 1.840418 0.107150 1.552919 1.040000 2.120000
1772410330366610331 0.005336 1.918958 0.109860 1.508625 0.120527 1.501234 0.242186 1.840418 0.107150 1.552919 1.040000 2.120000
1772410330367624135 0.005336 1.918958 0.109860 1.508625 0.121574 1.477865 0.242186 1.840418 0.107150 1.552919 1.040000 2.120000
1772410330386022418 0.005336 1.918958 0.109860 1.508625 0.121574 1.477865 0.242186 1.840418 0.107150 1.552919 1.010000 2.090000
1772410330386594330 0.005336 1.918958 0.079867 1.478618 0.121574 1.477865 0.242186 1.840418 0.107150 1.552919 1.010000 2.090000
1772410330387587623 0.005336 1.918958 0.079867 1.478618 0.120047 1.472230 0.242186 1.840418 0.107150 1.552919 1.010000 2.090000
1772410330393244436 0.005336 1.918958 0.079867 1.478618 0.120047 1.472230 0.241497 1.794702 0.107150 1.552919 1.010000 2.090000
1772410330407851832 0.005336 1.918958 0.079867 1.478618 0.120047 1.472230 0.241497 1.794702 0.107150 1.552919 1.010000 2.090000
1772410330427650562 0.005336 1.918958 0.079867 1.478618 0.120047 1.472230 0.241497 1.794702 0.107150 1.552919 1.010000 2.090000
1772410330442867029 0.005336 1.918958 0.079867 1.478618 0.120047 1.472230 0.241497 1.794702 0.107561 1.484608 1.010000 2.090000
1772410330447483883 0.005336 1.918958 0.079867 1.478618 0.120047 1.472230 0.241497 1.794702 0.107561 1.484608 1.010000 2.090000
1772410330467709895 0.005336 1.918958 0.079867 1.478618 0.120047 1.472230 0.241497 1.794702 0.107561 1.484608 1.010000 2.090000
1772410330486283398 -0.012145 1.862398 0.079867 1.478618 0.120047 1.472230 0.241497 1.794702 0.107561 1.484608 1.010000 2.090000
1772410330486343243 -0.012145 1.862398 0.079867 1.478618 0.120047 1.472230 0.241497 1.794702 0.107561 1.484608 1.010000 2.060000
1772410330487098671 -0.012145 1.862398 0.079874 1.448618 0.120047 1.472230 0.241497 1.794702 0.107561 1.484608 1.010000 2.060000
1772410330487825115 -0.012145 1.862398 0.079874 1.448618 0.120482 1.424108 0.241497 1.794702 0.107561 1.484608 1.010000 2.060000
1772410330507871098 -0.012145 1.862398 0.079874 1.448618 0.120482 1.424108 0.241497 1.794702 0.107561 1.484608 1.010000 2.060000
1772410330527640232 -0.012145 1.862398 0.079874 1.448618 0.120481 1.424108 0.241497 1.794702 0.107561 1.484608 1.010000 2.060000
1772410330542746774 -0.012145 1.862398 0.079874 1.448618 0.120481 1.424108 0.239360 1.704905 0.107561 1.484608 1.010000 2.060000
1772410330547546322 -0.012145 1.862398 0.079874 1.448618 0.120481 1.424108 0.239360 1.704905 0.107561 1.484608 1.010000 2.060000
1772410330567512993 -0.012145 1.862398 0.079874 1.448618 0.120481 1.424108 0.239360 1.704905 0.107561 1.484608 1.010000 2.060000
1772410330567606363 -0.012145 1.862398 0.079874 1.448618 0.120481 1.424108 0.239360 1.704905 0.108104 1.403129 1.010000 2.060000
1772410330586273303 -0.012145 1.862398 0.079874 1.448618 0.120481 1.424108 0.239360 1.704905 0.108104 1.403129 0.990000 2.030000
1772410330586477344 -0.012145 1.862398 0.059880 1.418614 0.120481 1.424108 0.239360 1.704905 0.108104 1.403129 0.990000 2.030000
1772410330587433899 -0.012145 1.862398 0.059880 1.418614 0.120124 1.376543 0.239360 1.704905 0.108104 1.403129 0.990000 2.030000
1772410330607660848 -0.012145 1.862398 0.059880 1.418614 0.120124 1.376543 0.239360 1.704905 0.108104 1.403129 0.990000 2.030000
1772410330627874514 -0.012145 1.862398 0.059880 1.418614 0.120129 1.376543 0.239360 1.704905 0.108104 1.403129 0.990000 2.030000
1772410330643126464 -0.012145 1.862398 0.059880 1.418614 0.120129 1.376543 0.238322 1.652337 0.108104 1.403129 0.990000 2.030000
1772410330647628411 -0.012145 1.862398 0.059880 1.418614 0.120129 1.376543 0.238322 1.652337 0.108104 1.403129 0.990000 2.030000
1772410330667642834 -0.012145 1.862398 0.059880 1.418614 0.120133 1.376543 0.238322 1.652337 0.108104 1.403129 0.990000 2.030000
1772410330668348093 -0.012145 1.862398 0.059880 1.418614 0.120133 1.376543 0.238322 1.652337 0.106170 1.349860 0.990000 2.030000
1772410330686446182 -0.012145 1.862398 0.059880 1.418614 0.120133 1.376543 0.238322 1.652337 0.106170 1.349860 1.000000 1.990000
1772410330687146783 -0.012145 1.862398 0.069889 1.378616 0.120133 1.376543 0.238322 1.652337 0.106170 1.349860 1.000000 1.990000
1772410330687676585 -0.012145 1.862398 0.069889 1.378616 0.120133 1.376543 0.238322 1.652337 0.106170 1.349860 1.000000 1.990000
1772410330705898328 -0.020769 1.834495 0.069889 1.378616 0.120133 1.376543 0.238322 1.652337 0.106170 1.349860 1.000000 1.990000
1772410330707694999 -0.020769 1.834495 0.069889 1.378616 0.120430 1.326754 0.238322 1.652337 0.106170 1.349860 1.000000 1.990000
1772410330727694912 -0.020769 1.834495 0.069889 1.378616 0.120430 1.326754 0.238322 1.652337 0.106170 1.349860 1.000000 1.990000
1772410330747660262 -0.020769 1.834495 0.069889 1.378616 0.120430 1.326754 0.238322 1.652337 0.106170 1.349860 1.000000 1.990000
1772410330767801500 -0.020769 1.834495 0.069889 1.378616 0.120430 1.326754 0.238322 1.652337 0.106170 1.349860 1.000000 1.990000
1772410330768557320 -0.020769 1.834495 0.069889 1.378616 0.120430 1.326754 0.239732 1.686161 0.106170 1.349860 1.000000 1.990000
1772410330768624835 -0.020769 1.834495 0.069889 1.378616 0.120430 1.326754 0.239732 1.686161 0.102392 1.385644 1.000000 1.990000
1772410330787136178 -0.020769 1.834495 0.069889 1.378616 0.120430 1.326754 0.239732 1.686161 0.102392 1.385644 0.980000 1.960000
1772410330787856211 -0.020769 1.834495 0.069889 1.378616 0.120430 1.326754 0.239732 1.686161 0.102392 1.385644 0.980000 1.960000
1772410330787907209 -0.020769 1.834495 0.049896 1.348611 0.120430 1.326754 0.239732 1.686161 0.102392 1.385644 0.980000 1.960000
1772410330806133915 -0.029520 1.806081 0.049896 1.348611 0.120430 1.326754 0.239732 1.686161 0.102392 1.385644 0.980000 1.960000
1772410330807621063 -0.029520 1.806081 0.049896 1.348611 0.118291 1.311622 0.239732 1.686161 0.102392 1.385644 0.980000 1.960000
1772410330827822889 -0.029520 1.806081 0.049896 1.348611 0.118291 1.311622 0.239732 1.686161 0.102392 1.385644 0.980000 1.960000
1772410330848039089 -0.029520 1.806081 0.049896 1.348611 0.118291 1.311622 0.239732 1.686161 0.102392 1.385644 0.980000 1.960000
1772410330867923847 -0.029520 1.806081 0.049896 1.348611 0.118291 1.311622 0.239732 1.686161 0.102392 1.385644 0.980000 1.960000
1772410330868651275 -0.029520 1.806081 0.049896 1.348611 0.118291 1.311622 0.238641 1.645018 0.102392 1.385644 0.980000 1.960000
1772410330868810116 -0.029520 1.806081 0.049896 1.348611 0.118291 1.311622 0.238641 1.645018 0.099748 1.343586 0.980000 1.960000
1772410330886605547 -0.029520 1.806081 0.049896 1.348611 0.118291 1.311622 0.238641 1.645018 0.099748 1.343586 0.970000 1.930000
1772410330887296304 -0.029520 1.806081 0.039903 1.318609 0.118291 1.311622 0.238641 1.645018 0.099748 1.343586 0.970000 1.930000
1772410330887711944 -0.029520 1.806081 0.039903 1.318609 0.118291 1.311622 0.238641 1.645018 0.099748 1.343586 0.970000 1.930000
1772410330907662660 -0.029520 1.806081 0.039903 1.318609 0.116157 1.289075 0.238641 1.645018 0.099748 1.343586 0.970000 1.930000
1772410330926502508 -0.038143 1.778013 0.039903 1.318609 0.116157 1.289075 0.238641 1.645018 0.099748 1.343586 0.970000 1.930000
1772410330927660869 -0.038143 1.778013 0.039903 1.318609 0.116643 1.279364 0.238641 1.645018 0.099748 1.343586 0.970000 1.930000
1772410330947655518 -0.038143 1.778013 0.039903 1.318609 0.116643 1.279364 0.238641 1.645018 0.099748 1.343586 0.970000 1.930000
1772410330967859367 -0.038143 1.778013 0.039903 1.318609 0.116643 1.279364 0.238641 1.645018 0.099748 1.343586 0.970000 1.930000
1772410330968498694 -0.038143 1.778013 0.039903 1.318609 0.116643 1.279364 0.238339 1.624009 0.099748 1.343586 0.970000 1.930000
1772410330968867866 -0.038143 1.778013 0.039903 1.318609 0.116643 1.279364 0.238339 1.624009 0.096021 1.320177 0.970000 1.930000
1772410330986863960 -0.038143 1.778013 0.039903 1.318609 0.116643 1.279364 0.238339 1.624009 0.096021 1.320177 0.980000 1.910000
1772410330987685649 -0.038143 1.778013 0.049907 1.298611 0.116643 1.279364 0.238339 1.624009 0.096021 1.320177 0.980000 1.910000
1772410330987733265 -0.038143 1.778013 0.049907 1.298611 0.116643 1.279364 0.238339 1.624009 0.096021 1.320177 0.980000 1.910000
1772410331007754451 -0.038143 1.778013 0.049907 1.298611 0.114568 1.266011 0.238339 1.624009 0.096021 1.320177 0.980000 1.910000
1772410331026458126 -0.046852 1.749586 0.049907 1.298611 0.114568 1.266011 0.238339 1.624009 0.096021 1.320177 0.980000 1.910000
1772410331027665912 -0.046852 1.749586 0.049907 1.298611 0.115167 1.254262 0.238339 1.624009 0.096021 1.320177 0.980000 1.910000
1772410331047666174 -0.046852 1.749586 0.049907 1.298611 0.115169 1.254262 0.238339 1.624009 0.096021 1.320177 0.980000 1.910000
1772410331067773097 -0.046852 1.749586 0.049907 1.298611 0.115169 1.254262 0.238339 1.624009 0.096021 1.320177 0.980000 1.910000
1772410331087308793 -0.046852 1.749586 0.049907 1.298611 0.115169 1.254262 0.238339 1.624009 0.096021 1.320177 0.990000 1.880000
1772410331087809931 -0.046852 1.749586 0.049907 1.298611 0.115169 1.254262 0.238339 1.624009 0.096021 1.320177 0.990000 1.880000
1772410331087859573 -0.046852 1.749586 0.059914 1.268614 0.115169 1.254262 0.238339 1.624009 0.096021 1.320177 0.990000 1.880000
1772410331093124342 -0.046852 1.749586 0.059914 1.268614 0.115169 1.254262 0.237535 1.583426 0.096021 1.320177 0.990000 1.880000
1772410331107699923 -0.046852 1.749586 0.059914 1.268614 0.113746 1.237682 0.237535 1.583426 0.096021 1.320177 0.990000 1.880000
1772410331118665403 -0.046852 1.749586 0.059914 1.268614 0.113746 1.237682 0.237535 1.583426 0.091876 1.268324 0.990000 1.880000
1772410331127720643 -0.046852 1.749586 0.059914 1.268614 0.113746 1.237682 0.237535 1.583426 0.091876 1.268324 0.990000 1.880000
1772410331146480928 -0.055470 1.721461 0.059914 1.268614 0.113746 1.237682 0.237535 1.583426 0.091876 1.268324 0.990000 1.880000
1772410331147456149 -0.055470 1.721461 0.059914 1.268614 0.114526 1.223090 0.237535 1.583426 0.091876 1.268324 0.990000 1.880000
1772410331167625550 -0.055470 1.721461 0.059914 1.268614 0.114526 1.223090 0.237535 1.583426 0.091876 1.268324 0.990000 1.880000
1772410331187580059 -0.055470 1.721461 0.059914 1.268614 0.114524 1.223090 0.237535 1.583426 0.091876 1.268324 0.990000 1.880000
1772410331207698371 -0.055470 1.721461 0.059914 1.268614 0.114524 1.223090 0.237535 1.583426 0.091876 1.268324 0.990000 1.880000
1772410331227733902 -0.055470 1.721461 0.059914 1.268614 0.114524 1.223090 0.237535 1.583426 0.091876 1.268324 0.990000 1.880000
1772410331243267145 -0.055470 1.721461 0.059914 1.268614 0.114524 1.223090 0.237046 1.550265 0.091876 1.268324 0.990000 1.880000
1772410331243340779 -0.055470 1.721461 0.059914 1.268614 0.114524 1.223090 0.237046 1.550265 0.092731 1.240773 0.990000 1.880000
1772410331246074583 -0.064171 1.693086 0.059914 1.268614 0.114524 1.223090 0.237046 1.550265 0.092731 1.240773 0.990000 1.880000
1772410331247563845 -0.064171 1.693086 0.059914 1.268614 0.116101 1.193456 0.237046 1.550265 0.092731 1.240773 0.990000 1.880000
1772410331267724228 -0.064171 1.693086 0.059914 1.268614 0.116101 1.193456 0.237046 1.550265 0.092731 1.240773 0.990000 1.880000
1772410331286621684 -0.064171 1.693086 0.059914 1.268614 0.116101 1.193456 0.237046 1.550265 0.092731 1.240773 1.040000 1.830000
1772410331287001249 -0.064171 1.693086 0.109926 1.218625 0.116101 1.193456 0.237046 1.550265 0.092731 1.240773 1.040000 1.830000
1772410331287962642 -0.064171 1.693086 0.109926 1.218625 0.116445 1.183038 0.237046 1.550265 0.092731 1.240773 1.040000 1.830000
1772410331307717796 -0.064171 1.693086 0.109926 1.218625 0.116445 1.183038 0.237046 1.550265 0.092731 1.240773 1.040000 1.830000
1772410331327755617 -0.064171 1.693086 0.109926 1.218625 0.116445 1.183038 0.237046 1.550265 0.092731 1.240773 1.040000 1.830000
1772410331347737219 -0.064171 1.693086 0.109926 1.218625 0.116443 1.183038 0.237046 1.550265 0.092731 1.240773 1.040000 1.830000
1772410331366218276 -0.072788 1.664961 0.109926 1.218625 0.116443 1.183038 0.237046 1.550265 0.092731 1.240773 1.040000 1.830000
1772410331367607439 -0.072788 1.664961 0.109926 1.218625 0.117457 1.163580 0.237046 1.550265 0.092731 1.240773 1.040000 1.830000
1772410331386848890 -0.072788 1.664961 0.109926 1.218625 0.117457 1.163580 0.237046 1.550265 0.092731 1.240773 1.040000 1.810000
1772410331387439620 -0.072788 1.664961 0.109930 1.198625 0.117457 1.163580 0.237046 1.550265 0.092731 1.240773 1.040000 1.810000
1772410331387483195 -0.072788 1.664961 0.109930 1.198625 0.117462 1.163580 0.237046 1.550265 0.092731 1.240773 1.040000 1.810000
1772410331392996312 -0.072788 1.664961 0.109930 1.198625 0.117462 1.163580 0.236257 1.507776 0.092731 1.240773 1.040000 1.810000
1772410331407687054 -0.072788 1.664961 0.109930 1.198625 0.117390 1.160269 0.236257 1.507776 0.092731 1.240773 1.040000 1.810000
1772410331418591175 -0.072788 1.664961 0.109930 1.198625 0.117390 1.160269 0.236257 1.507776 0.096664 1.187732 1.040000 1.810000
1772410331427580830 -0.072788 1.664961 0.109930 1.198625 0.117390 1.160269 0.236257 1.507776 0.096664 1.187732 1.040000 1.810000
1772410331447583599 -0.072788 1.664961 0.109930 1.198625 0.117393 1.160269 0.236257 1.507776 0.096664 1.187732 1.040000 1.810000
1772410331466614907 -0.089329 1.610976 0.109930 1.198625 0.117393 1.160269 0.236257 1.507776 0.096664 1.187732 1.040000 1.810000
1772410331467618142 -0.089329 1.610976 0.109930 1.198625 0.119789 1.115479 0.236257 1.507776 0.096664 1.187732 1.040000 1.810000
1772410331486624866 -0.089329 1.610976 0.109930 1.198625 0.119789 1.115479 0.236257 1.507776 0.096664 1.187732 1.040000 1.790000
1772410331486993519 -0.089329 1.610976 0.109935 1.178625 0.119789 1.115479 0.236257 1.507776 0.096664 1.187732 1.040000 1.790000
1772410331487610213 -0.089329 1.610976 0.109935 1.178625 0.119789 1.115479 0.236257 1.507776 0.096664 1.187732 1.040000 1.790000
1772410331493132361 -0.089329 1.610976 0.109935 1.178625 0.119789 1.115479 0.234596 1.431420 0.096664 1.187732 1.040000 1.790000
1772410331507682282 -0.089329 1.610976 0.109935 1.178625 0.119960 1.107222 0.234596 1.431420 0.096664 1.187732 1.040000 1.790000
1772410331518624704 -0.089329 1.610976 0.109935 1.178625 0.119960 1.107222 0.234596 1.431420 0.099931 1.113888 1.040000 1.790000
1772410331527919249 -0.089329 1.610976 0.109935 1.178625 0.119962 1.107222 0.234596 1.431420 0.099931 1.113888 1.040000 1.790000
1772410331547782561 -0.089329 1.610976 0.109935 1.178625 0.119962 1.107222 0.234596 1.431420 0.099931 1.113888 1.040000 1.790000
1772410331567877150 -0.089329 1.610976 0.109935 1.178625 0.119962 1.107222 0.234596 1.431420 0.099931 1.113888 1.040000 1.790000
1772410331586303772 -0.090131 1.608359 0.109935 1.178625 0.119962 1.107222 0.234596 1.431420 0.099931 1.113888 1.040000 1.790000
1772410331587582585 -0.090131 1.608359 0.109935 1.178625 0.120092 1.104954 0.234596 1.431420 0.099931 1.113888 1.040000 1.790000
1772410331607703931 -0.090131 1.608359 0.109935 1.178625 0.120092 1.104954 0.234596 1.431420 0.099931 1.113888 1.040000 1.790000
1772410331617900367 -0.090131 1.608359 0.109935 1.178625 0.120092 1.104954 0.235780 1.465692 0.099931 1.113888 1.040000 1.790000
1772410331627769901 -0.090131 1.608359 0.109935 1.178625 0.120092 1.104954 0.235780 1.465692 0.099931 1.113888 1.040000 1.790000
1772410331647996448 -0.090131 1.608359 0.109935 1.178625 0.120092 1.104954 0.235780 1.465692 0.099931 1.113888 1.040000 1.790000
1772410331668042574 -0.090131 1.608359 0.109935 1.178625 0.120092 1.104954 0.235780 1.465692 0.099931 1.113888 1.040000 1.790000
1772410331668825735 -0.090131 1.608359 0.109935 1.178625 0.120092 1.104954 0.235780 1.465692 0.098968 1.145017 1.040000 1.790000
1772410331687009139 -0.097786 1.583242 0.109935 1.178625 0.120092 1.104954 0.235780 1.465692 0.098968 1.145017 1.040000 1.790000
1772410331687053058 -0.097786 1.583242 0.109935 1.178625 0.120092 1.104954 0.235780 1.465692 0.098968 1.145017 1.060000 1.750000
1772410331687651652 -0.097786 1.583242 0.129944 1.138629 0.120092 1.104954 0.235780 1.465692 0.098968 1.145017 1.060000 1.750000
1772410331687690974 -0.097786 1.583242 0.129944 1.138629 0.121737 1.078745 0.235780 1.465692 0.098968 1.145017 1.060000 1.750000
1772410331707729054 -0.097786 1.583242 0.129944 1.138629 0.122105 1.081296 0.235780 1.465692 0.098968 1.145017 1.060000 1.750000
1772410331727755263 -0.097786 1.583242 0.129944 1.138629 0.122126 1.081298 0.235780 1.465692 0.098968 1.145017 1.060000 1.750000
1772410331747748506 -0.097786 1.583242 0.129944 1.138629 0.122126 1.081298 0.235780 1.465692 0.098968 1.145017 1.060000 1.750000
1772410331767707232 -0.097786 1.583242 0.129944 1.138629 0.122134 1.081298 0.235780 1.465692 0.098968 1.145017 1.060000 1.750000
1772410331768163819 -0.097786 1.583242 0.129944 1.138629 0.122134 1.081298 0.234532 1.409659 0.098968 1.145017 1.060000 1.750000
1772410331786524303 -0.097786 1.583242 0.129944 1.138629 0.122134 1.081298 0.234532 1.409659 0.098968 1.145017 1.050000 1.720000
1772410331787088062 -0.097786 1.583242 0.119950 1.108627 0.122134 1.081298 0.234532 1.409659 0.098968 1.145017 1.050000 1.720000
1772410331787773498 -0.097786 1.583242 0.119950 1.108627 0.124051 1.057424 0.234532 1.409659 0.098968 1.145017 1.050000 1.720000
1772410331806093375 -0.100753 1.573145 0.119950 1.108627 0.124051 1.057424 0.234532 1.409659 0.098968 1.145017 1.050000 1.720000
1772410331807517393 -0.100753 1.573145 0.119950 1.108627 0.124203 1.055708 0.234532 1.409659 0.098968 1.145017 1.050000 1.720000
1772410331827698094 -0.100753 1.573145 0.119950 1.108627 0.124157 1.055704 0.234532 1.409659 0.098968 1.145017 1.050000 1.720000
1772410331847719751 -0.100753 1.573145 0.119950 1.108627 0.124157 1.055704 0.234532 1.409659 0.098968 1.145017 1.050000 1.720000
1772410331867777378 -0.100753 1.573145 0.119950 1.108627 0.124158 1.055704 0.234532 1.409659 0.098968 1.145017 1.050000 1.720000
1772410331868235460 -0.100753 1.573145 0.119950 1.108627 0.124158 1.055704 0.234769 1.412674 0.098968 1.145017 1.050000 1.720000
1772410331868244904 -0.100753 1.573145 0.119950 1.108627 0.124158 1.055704 0.234769 1.412674 0.104149 1.099794 1.050000 1.720000
1772410331886600240 -0.100753 1.573145 0.119950 1.108627 0.124158 1.055704 0.234769 1.412674 0.104149 1.099794 1.050000 1.690000
1772410331887093836 -0.100753 1.573145 0.119957 1.078627 0.124158 1.055704 0.234769 1.412674 0.104149 1.099794 1.050000 1.690000
1772410331887792032 -0.100753 1.573145 0.119957 1.078627 0.124536 1.049969 0.234769 1.412674 0.104149 1.099794 1.050000 1.690000
1772410331907397005 -0.100725 1.573246 0.119957 1.078627 0.124536 1.049969 0.234769 1.412674 0.104149 1.099794 1.050000 1.690000
1772410331907437042 -0.100725 1.573246 0.119957 1.078627 0.124536 1.049969 0.234769 1.412674 0.104149 1.099794 1.050000 1.690000
1772410331927590638 -0.100725 1.573246 0.119957 1.078627 0.124531 1.049989 0.234769 1.412674 0.104149 1.099794 1.050000 1.690000
1772410331947591425 -0.100725 1.573246 0.119957 1.078627 0.124531 1.049989 0.234769 1.412674 0.104149 1.099794 1.050000 1.690000
1772410331967525320 -0.100725 1.573246 0.119957 1.078627 0.124530 1.049989 0.234769 1.412674 0.104149 1.099794 1.050000 1.690000
1772410331986855572 -0.100725 1.573246 0.119957 1.078627 0.124530 1.049989 0.234769 1.412674 0.104149 1.099794 1.060000 1.660000
1772410331987389488 -0.100725 1.573246 0.129964 1.048629 0.124530 1.049989 0.234769 1.412674 0.104149 1.099794 1.060000 1.660000
1772410331987459365 -0.100725 1.573246 0.129964 1.048629 0.124530 1.049989 0.234769 1.412674 0.104149 1.099794 1.060000 1.660000
1772410331992874701 -0.100725 1.573246 0.129964 1.048629 0.124530 1.049989 0.234906 1.419063 0.104149 1.099794 1.060000 1.660000
1772410332007535056 -0.100725 1.573246 0.129964 1.048629 0.124758 1.050011 0.234906 1.419063 0.104149 1.099794 1.060000 1.660000
1772410332026256839 -0.100656 1.573500 0.129964 1.048629 0.124758 1.050011 0.234906 1.419063 0.104149 1.099794 1.060000 1.660000
1772410332027490629 -0.100656 1.573500 0.129964 1.048629 0.124751 1.050098 0.234906 1.419063 0.104149 1.099794 1.060000 1.660000
1772410332047527970 -0.100656 1.573500 0.129964 1.048629 0.124751 1.050098 0.234906 1.419063 0.104149 1.099794 1.060000 1.660000
1772410332067612579 -0.100656 1.573500 0.129964 1.048629 0.124751 1.050098 0.234906 1.419063 0.104149 1.099794 1.060000 1.660000
1772410332068458042 -0.100656 1.573500 0.129964 1.048629 0.124751 1.050098 0.234906 1.419063 0.106574 1.109671 1.060000 1.660000
1772410332086270368 -0.100656 1.573500 0.129964 1.048629 0.124751 1.050098 0.234906 1.419063 0.106574 1.109671 1.050000 1.620000
1772410332086640495 -0.100656 1.573500 0.119973 1.008627 0.124751 1.050098 0.234906 1.419063 0.106574 1.109671 1.050000 1.620000
1772410332087432465 -0.100656 1.573500 0.119973 1.008627 0.124534 1.048428 0.234906 1.419063 0.106574 1.109671 1.050000 1.620000
1772410332107577153 -0.100656 1.573500 0.119973 1.008627 0.124534 1.048428 0.234906 1.419063 0.106574 1.109671 1.050000 1.620000
1772410332126559029 -0.100656 1.573500 0.119973 1.008627 0.124534 1.048428 0.234906 1.419063 0.106574 1.109671 1.050000 1.620000
1772410332127627688 -0.100656 1.573500 0.119973 1.008627 0.124534 1.048428 0.234906 1.419063 0.106574 1.109671 1.050000 1.620000
1772410332147730511 -0.100656 1.573500 0.119973 1.008627 0.124534 1.048428 0.234906 1.419063 0.106574 1.109671 1.050000 1.620000
1772410332167542934 -0.100656 1.573500 0.119973 1.008627 0.124534 1.048428 0.234906 1.419063 0.106574 1.109671 1.050000 1.620000
1772410332167814817 -0.100656 1.573500 0.119973 1.008627 0.124534 1.048428 0.234825 1.420458 0.106574 1.109671 1.050000 1.620000
1772410332186451582 -0.100656 1.573500 0.119973 1.008627 0.124534 1.048428 0.234825 1.420458 0.106574 1.109671 1.060000 1.590000
1772410332187035914 -0.100656 1.573500 0.129980 0.978629 0.124534 1.048428 0.234825 1.420458 0.106574 1.109671 1.060000 1.590000
1772410332187779355 -0.100656 1.573500 0.129980 0.978629 0.124770 1.045404 0.234825 1.420458 0.106574 1.109671 1.060000 1.590000
1772410332207552363 -0.100656 1.573500 0.129980 0.978629 0.124770 1.045404 0.234825 1.420458 0.106574 1.109671 1.060000 1.590000
1772410332227504711 -0.100656 1.573500 0.129980 0.978629 0.124770 1.045404 0.234825 1.420458 0.106574 1.109671 1.060000 1.590000
1772410332243789975 -0.100656 1.573500 0.129980 0.978629 0.124770 1.045404 0.234825 1.420458 0.109086 1.093494 1.060000 1.590000
1772410332246648490 -0.100656 1.573500 0.129980 0.978629 0.124770 1.045404 0.234825 1.420458 0.109086 1.093494 1.060000 1.590000
1772410332247670840 -0.100656 1.573500 0.129980 0.978629 0.124770 1.045404 0.234825 1.420458 0.109086 1.093494 1.060000 1.590000
1772410332267652764 -0.100656 1.573500 0.129980 0.978629 0.124770 1.045404 0.234825 1.420458 0.109086 1.093494 1.060000 1.590000
1772410332286843570 -0.100656 1.573500 0.129980 0.978629 0.124770 1.045404 0.234825 1.420458 0.109086 1.093494 1.050000 1.550000
1772410332287638768 -0.100656 1.573500 0.129980 0.978629 0.124770 1.045404 0.234825 1.420458 0.109086 1.093494 1.050000 1.550000
1772410332287675628 -0.100656 1.573500 0.119989 0.938627 0.124770 1.045404 0.234825 1.420458 0.109086 1.093494 1.050000 1.550000
1772410332292981685 -0.100656 1.573500 0.119989 0.938627 0.124770 1.045404 0.234762 1.419524 0.109086 1.093494 1.050000 1.550000
1772410332307687487 -0.100656 1.573500 0.119989 0.938627 0.124563 1.040774 0.234762 1.419524 0.109086 1.093494 1.050000 1.550000
1772410332327777714 -0.100656 1.573500 0.119989 0.938627 0.124563 1.040774 0.234762 1.419524 0.109086 1.093494 1.050000 1.550000
1772410332346386725 -0.100656 1.573500 0.119989 0.938627 0.124563 1.040774 0.234762 1.419524 0.109086 1.093494 1.050000 1.550000
1772410332347561568 -0.100656 1.573500 0.119989 0.938627 0.124563 1.040774 0.234762 1.419524 0.109086 1.093494 1.050000 1.550000
1772410332367630552 -0.100656 1.573500 0.119989 0.938627 0.124563 1.040774 0.234762 1.419524 0.109086 1.093494 1.050000 1.550000
1772410332386512983 -0.100656 1.573500 0.119989 0.938627 0.124563 1.040774 0.234762 1.419524 0.109086 1.093494 1.050000 1.520000
1772410332387070789 -0.100656 1.573500 0.119995 0.908627 0.124563 1.040774 0.234762 1.419524 0.109086 1.093494 1.050000 1.520000
1772410332387715468 -0.100656 1.573500 0.119995 0.908627 0.124364 1.035040 0.234762 1.419524 0.109086 1.093494 1.050000 1.520000
1772410332407571666 -0.100656 1.573500 0.119995 0.908627 0.124364 1.035040 0.234762 1.419524 0.109086 1.093494 1.050000 1.520000
1772410332418650318 -0.100656 1.573500 0.119995 0.908627 0.124364 1.035040 0.234723 1.419343 0.109086 1.093494 1.050000 1.520000
1772410332418700317 -0.100656 1.573500 0.119995 0.908627 0.124364 1.035040 0.234723 1.419343 0.110504 1.071083 1.050000 1.520000
1772410332427724315 -0.100656 1.573500 0.119995 0.908627 0.124364 1.035040 0.234723 1.419343 0.110504 1.071083 1.050000 1.520000
1772410332447613676 -0.100656 1.573500 0.119995 0.908627 0.124364 1.035040 0.234723 1.419343 0.110504 1.071083 1.050000 1.520000
1772410332466081758 -0.100656 1.573500 0.119995 0.908627 0.124364 1.035040 0.234723 1.419343 0.110504 1.071083 1.050000 1.520000
1772410332467540322 -0.100656 1.573500 0.119995 0.908627 0.124364 1.035040 0.234723 1.419343 0.110504 1.071083 1.050000 1.520000
1772410332487054810 -0.100656 1.573500 0.119995 0.908627 0.124364 1.035040 0.234723 1.419343 0.110504 1.071083 1.040000 1.490000
1772410332487659344 -0.100656 1.573500 0.119995 0.908627 0.124364 1.035040 0.234723 1.419343 0.110504 1.071083 1.040000 1.490000
1772410332487702132 -0.100656 1.573500 0.110002 0.878625 0.124364 1.035040 0.234723 1.419343 0.110504 1.071083 1.040000 1.490000
1772410332507601424 -0.100656 1.573500 0.110002 0.878625 0.123741 1.028248 0.234723 1.419343 0.110504 1.071083 1.040000 1.490000
1772410332518298793 -0.100656 1.573500 0.110002 0.878625 0.123741 1.028248 0.234696 1.418820 0.110504 1.071083 1.040000 1.490000
1772410332518304496 -0.100656 1.573500 0.110002 0.878625 0.123741 1.028248 0.234696 1.418820 0.110522 1.056156 1.040000 1.490000
1772410332527837728 -0.100656 1.573500 0.110002 0.878625 0.123741 1.028248 0.234696 1.418820 0.110522 1.056156 1.040000 1.490000
1772410332547626580 -0.100656 1.573500 0.110002 0.878625 0.123741 1.028248 0.234696 1.418820 0.110522 1.056156 1.040000 1.490000
1772410332566187187 -0.100670 1.573449 0.110002 0.878625 0.123741 1.028248 0.234696 1.418820 0.110522 1.056156 1.040000 1.490000
1772410332567640153 -0.100670 1.573449 0.110002 0.878625 0.123744 1.028207 0.234696 1.418820 0.110522 1.056156 1.040000 1.490000
1772410332586574803 -0.100670 1.573449 0.110002 0.878625 0.123744 1.028207 0.234696 1.418820 0.110522 1.056156 1.040000 1.460000
1772410332587216988 -0.100670 1.573449 0.110009 0.848625 0.123744 1.028207 0.234696 1.418820 0.110522 1.056156 1.040000 1.460000
1772410332587576351 -0.100670 1.573449 0.110009 0.848625 0.123744 1.028207 0.234696 1.418820 0.110522 1.056156 1.040000 1.460000
1772410332607646653 -0.100670 1.573449 0.110009 0.848625 0.123148 1.020394 0.234696 1.418820 0.110522 1.056156 1.040000 1.460000
1772410332618276153 -0.100670 1.573449 0.110009 0.848625 0.123148 1.020394 0.234677 1.418496 0.110522 1.056156 1.040000 1.460000
1772410332618289624 -0.100670 1.573449 0.110009 0.848625 0.123148 1.020394 0.234677 1.418496 0.110489 1.041277 1.040000 1.460000
1772410332627824185 -0.100670 1.573449 0.110009 0.848625 0.123148 1.020394 0.234677 1.418496 0.110489 1.041277 1.040000 1.460000
1772410332647592293 -0.100670 1.573449 0.110009 0.848625 0.123148 1.020394 0.234677 1.418496 0.110489 1.041277 1.040000 1.460000
1772410332667830284 -0.100670 1.573449 0.110009 0.848625 0.123148 1.020394 0.234677 1.418496 0.110489 1.041277 1.040000 1.460000
1772410332686462245 -0.100670 1.573449 0.110009 0.848625 0.123148 1.020394 0.234677 1.418496 0.110489 1.041277 1.040000 1.460000
1772410332686490239 -0.100683 1.573398 0.110009 0.848625 0.123148 1.020394 0.234677 1.418496 0.110489 1.041277 1.040000 1.460000
1772410332687127174 -0.100683 1.573398 0.110009 0.848625 0.123148 1.020394 0.234677 1.418496 0.110489 1.041277 1.040000 1.460000
1772410332687757585 -0.100683 1.573398 0.110009 0.848625 0.122583 1.012886 0.234677 1.418496 0.110489 1.041277 1.040000 1.460000
1772410332707499614 -0.100683 1.573398 0.110009 0.848625 0.122583 1.012886 0.234677 1.418496 0.110489 1.041277 1.040000 1.460000
1772410332727593446 -0.100683 1.573398 0.110009 0.848625 0.122583 1.012886 0.234677 1.418496 0.110489 1.041277 1.040000 1.460000
1772410332743100583 -0.100683 1.573398 0.110009 0.848625 0.122583 1.012886 0.234677 1.418496 0.110434 1.027923 1.040000 1.460000
1772410332743111456 -0.100683 1.573398 0.110009 0.848625 0.122583 1.012886 0.234653 1.418552 0.110434 1.027923 1.040000 1.460000
1772410332747514170 -0.100683 1.573398 0.110009 0.848625 0.122583 1.012886 0.234653 1.418552 0.110434 1.027923 1.040000 1.460000
1772410332767581424 -0.100683 1.573398 0.110009 0.848625 0.122583 1.012886 0.234653 1.418552 0.110434 1.027923 1.040000 1.460000
1772410332786193288 -0.100767 1.573039 0.110009 0.848625 0.122583 1.012886 0.234653 1.418552 0.110434 1.027923 1.040000 1.460000
1772410332786231032 -0.100767 1.573039 0.110009 0.848625 0.122583 1.012886 0.234653 1.418552 0.110434 1.027923 1.040000 1.450000
1772410332786985131 -0.100767 1.573039 0.110011 0.838625 0.122583 1.012886 0.234653 1.418552 0.110434 1.027923 1.040000 1.450000
1772410332787704438 -0.100767 1.573039 0.110011 0.838625 0.122114 1.004962 0.234653 1.418552 0.110434 1.027923 1.040000 1.450000
1772410332807523236 -0.100767 1.573039 0.110011 0.838625 0.122114 1.004962 0.234653 1.418552 0.110434 1.027923 1.040000 1.450000
1772410332827591493 -0.100767 1.573039 0.110011 0.838625 0.122114 1.004962 0.234653 1.418552 0.110434 1.027923 1.040000 1.450000
1772410332847739824 -0.100767 1.573039 0.110011 0.838625 0.122114 1.004962 0.234653 1.418552 0.110434 1.027923 1.040000 1.450000
1772410332867742867 -0.100767 1.573039 0.110011 0.838625 0.122114 1.004962 0.234653 1.418552 0.110434 1.027923 1.040000 1.450000
1772410332868715093 -0.100767 1.573039 0.110011 0.838625 0.122114 1.004962 0.234653 1.418552 0.110432 1.013877 1.040000 1.450000
1772410332868777504 -0.100767 1.573039 0.110011 0.838625 0.122114 1.004962 0.234638 1.417780 0.110432 1.013877 1.040000 1.450000
1772410332886559006 -0.100767 1.573039 0.110011 0.838625 0.122114 1.004962 0.234638 1.417780 0.110432 1.013877 1.050000 1.440000
1772410332887034941 -0.100767 1.573039 0.120013 0.828627 0.122114 1.004962 0.234638 1.417780 0.110432 1.013877 1.050000 1.440000
1772410332888190665 -0.100767 1.573039 0.120013 0.828627 0.122142 0.997118 0.234638 1.417780 0.110432 1.013877 1.050000 1.440000
1772410332906322163 -0.100806 1.572779 0.120013 0.828627 0.122142 0.997118 0.234638 1.417780 0.110432 1.013877 1.050000 1.440000
1772410332907482493 -0.100806 1.572779 0.120013 0.828627 0.122158 0.997078 0.234638 1.417780 0.110432 1.013877 1.050000 1.440000
1772410332927655995 -0.100806 1.572779 0.120013 0.828627 0.122156 0.997077 0.234638 1.417780 0.110432 1.013877 1.050000 1.440000
1772410332947718070 -0.100806 1.572779 0.120013 0.828627 0.122156 0.997077 0.234638 1.417780 0.110432 1.013877 1.050000 1.440000
1772410332968105733 -0.100806 1.572779 0.120013 0.828627 0.122156 0.997077 0.234638 1.417780 0.110432 1.013877 1.050000 1.440000
1772410332968430139 -0.100806 1.572779 0.120013 0.828627 0.122156 0.997077 0.234612 1.417331 0.110432 1.013877 1.050000 1.440000
1772410332968504812 -0.100806 1.572779 0.120013 0.828627 0.122156 0.997077 0.234612 1.417331 0.111128 1.000304 1.050000 1.440000
1772410332986636162 -0.100806 1.572779 0.120013 0.828627 0.122156 0.997077 0.234612 1.417331 0.111128 1.000304 1.050000 1.430000
1772410332987376030 -0.100806 1.572779 0.120016 0.818627 0.122156 0.997077 0.234612 1.417331 0.111128 1.000304 1.050000 1.430000
1772410332987626420 -0.100806 1.572779 0.120016 0.818627 0.122157 0.997078 0.234612 1.417331 0.111128 1.000304 1.050000 1.430000
1772410333006217015 -0.100816 1.572516 0.120016 0.818627 0.122157 0.997078 0.234612 1.417331 0.111128 1.000304 1.050000 1.430000
1772410333007534451 -0.100816 1.572516 0.120016 0.818627 0.122161 0.989260 0.234612 1.417331 0.111128 1.000304 1.050000 1.430000
1772410333027706651 -0.100816 1.572516 0.120016 0.818627 0.122160 0.989259 0.234612 1.417331 0.111128 1.000304 1.050000 1.430000
1772410333047890051 -0.100816 1.572516 0.120016 0.818627 0.122160 0.989259 0.234612 1.417331 0.111128 1.000304 1.050000 1.430000
1772410333067670300 -0.100816 1.572516 0.120016 0.818627 0.122161 0.989260 0.234612 1.417331 0.111128 1.000304 1.050000 1.430000
1772410333087975069 -0.100816 1.572516 0.120016 0.818627 0.122161 0.989260 0.234612 1.417331 0.111128 1.000304 1.050000 1.430000
1772410333088053757 -0.100816 1.572516 0.120016 0.818627 0.122161 0.989260 0.234612 1.417331 0.111128 1.000304 1.060000 1.420000
1772410333089137248 -0.100816 1.572516 0.130018 0.808629 0.122161 0.989260 0.234612 1.417331 0.111128 1.000304 1.060000 1.420000
1772410333093298839 -0.100816 1.572516 0.130018 0.808629 0.122161 0.989260 0.234555 1.417057 0.111128 1.000304 1.060000 1.420000
1772410333107770983 -0.100816 1.572516 0.130018 0.808629 0.122601 0.981359 0.234555 1.417057 0.111128 1.000304 1.060000 1.420000
1772410333118609323 -0.100816 1.572516 0.130018 0.808629 0.122601 0.981359 0.234555 1.417057 0.112942 0.975432 1.060000 1.420000
1772410333126304094 -0.100800 1.572306 0.130018 0.808629 0.122601 0.981359 0.234555 1.417057 0.112942 0.975432 1.060000 1.420000
1772410333127652705 -0.100800 1.572306 0.130018 0.808629 0.122640 0.981301 0.234555 1.417057 0.112942 0.975432 1.060000 1.420000
1772410333147848387 -0.100800 1.572306 0.130018 0.808629 0.122640 0.981301 0.234555 1.417057 0.112942 0.975432 1.060000 1.420000
1772410333167753818 -0.100800 1.572306 0.130018 0.808629 0.122641 0.981301 0.234555 1.417057 0.112942 0.975432 1.060000 1.420000
1772410333186485144 -0.100800 1.572306 0.130018 0.808629 0.122641 0.981301 0.234555 1.417057 0.112942 0.975432 1.070000 1.420000
1772410333187167458 -0.100800 1.572306 0.140018 0.808632 0.122641 0.981301 0.234555 1.417057 0.112942 0.975432 1.070000 1.420000
1772410333187747985 -0.100800 1.572306 0.140018 0.808632 0.122641 0.981301 0.234555 1.417057 0.112942 0.975432 1.070000 1.420000
1772410333207672719 -0.100800 1.572306 0.140018 0.808632 0.123448 0.973820 0.234555 1.417057 0.112942 0.975432 1.070000 1.420000
1772410333218517201 -0.100800 1.572306 0.140018 0.808632 0.123448 0.973820 0.234445 1.416823 0.112942 0.975432 1.070000 1.420000
1772410333226359340 -0.100779 1.572203 0.140018 0.808632 0.123448 0.973820 0.234445 1.416823 0.112942 0.975432 1.070000 1.420000
1772410333227671648 -0.100779 1.572203 0.140018 0.808632 0.123474 0.973788 0.234445 1.416823 0.112942 0.975432 1.070000 1.420000
1772410333247831157 -0.100779 1.572203 0.140018 0.808632 0.123474 0.973788 0.234445 1.416823 0.112942 0.975432 1.070000 1.420000
1772410333267671412 -0.100779 1.572203 0.140018 0.808632 0.123474 0.973788 0.234445 1.416823 0.112942 0.975432 1.070000 1.420000
1772410333286658381 -0.100779 1.572203 0.140018 0.808632 0.123474 0.973788 0.234445 1.416823 0.112942 0.975432 1.070000 1.410000
1772410333287425510 -0.100779 1.572203 0.140020 0.798632 0.123474 0.973788 0.234445 1.416823 0.112942 0.975432 1.070000 1.410000
1772410333287579583 -0.100779 1.572203 0.140020 0.798632 0.123474 0.973788 0.234445 1.416823 0.112942 0.975432 1.070000 1.410000
1772410333307492958 -0.100779 1.572203 0.140020 0.798632 0.124226 0.966223 0.234445 1.416823 0.112942 0.975432 1.070000 1.410000
1772410333327497122 -0.100779 1.572203 0.140020 0.798632 0.124226 0.966223 0.234445 1.416823 0.112942 0.975432 1.070000 1.410000
1772410333343021217 -0.100779 1.572203 0.140020 0.798632 0.124226 0.966223 0.234445 1.416823 0.116125 0.953812 1.070000 1.410000
1772410333343028649 -0.100779 1.572203 0.140020 0.798632 0.124226 0.966223 0.234291 1.416648 0.116125 0.953812 1.070000 1.410000
1772410333346448858 -0.100779 1.572203 0.140020 0.798632 0.124226 0.966223 0.234291 1.416648 0.116125 0.953812 1.070000 1.410000
1772410333347453443 -0.100779 1.572203 0.140020 0.798632 0.124226 0.966223 0.234291 1.416648 0.116125 0.953812 1.070000 1.410000
1772410333367655978 -0.100779 1.572203 0.140020 0.798632 0.124226 0.966223 0.234291 1.416648 0.116125 0.953812 1.070000 1.410000
1772410333386422831 -0.100779 1.572203 0.140020 0.798632 0.124226 0.966223 0.234291 1.416648 0.116125 0.953812 1.080000 1.410000
1772410333386730998 -0.100779 1.572203 0.150020 0.798634 0.124226 0.966223 0.234291 1.416648 0.116125 0.953812 1.080000 1.410000
1772410333387461955 -0.100779 1.572203 0.150020 0.798634 0.125336 0.959016 0.234291 1.416648 0.116125 0.953812 1.080000 1.410000
1772410333407665737 -0.100779 1.572203 0.150020 0.798634 0.125336 0.959016 0.234291 1.416648 0.116125 0.953812 1.080000 1.410000
1772410333427637757 -0.100779 1.572203 0.150020 0.798634 0.125336 0.959016 0.234291 1.416648 0.116125 0.953812 1.080000 1.410000
1772410333446439525 -0.100779 1.572203 0.150020 0.798634 0.125336 0.959016 0.234291 1.416648 0.116125 0.953812 1.080000 1.410000
1772410333447516623 -0.100779 1.572203 0.150020 0.798634 0.125336 0.959016 0.234291 1.416648 0.116125 0.953812 1.080000 1.410000
1772410333467449700 -0.100779 1.572203 0.150020 0.798634 0.125336 0.959016 0.234291 1.416648 0.116125 0.953812 1.080000 1.410000
1772410333486683659 -0.100779 1.572203 0.150020 0.798634 0.125336 0.959016 0.234291 1.416648 0.116125 0.953812 1.080000 1.400000
1772410333487260260 -0.100779 1.572203 0.150022 0.788634 0.125336 0.959016 0.234291 1.416648 0.116125 0.953812 1.080000 1.400000
1772410333487656418 -0.100779 1.572203 0.150022 0.788634 0.125336 0.959016 0.234291 1.416648 0.116125 0.953812 1.080000 1.400000
1772410333493090034 -0.100779 1.572203 0.150022 0.788634 0.125336 0.959016 0.233925 1.416776 0.116125 0.953812 1.080000 1.400000
1772410333507741180 -0.100779 1.572203 0.150022 0.788634 0.126399 0.951679 0.233925 1.416776 0.116125 0.953812 1.080000 1.400000
1772410333518117774 -0.100779 1.572203 0.150022 0.788634 0.126399 0.951679 0.233925 1.416776 0.120390 0.932706 1.080000 1.400000
1772410333527672545 -0.100779 1.572203 0.150022 0.788634 0.126399 0.951679 0.233925 1.416776 0.120390 0.932706 1.080000 1.400000
1772410333547632826 -0.100779 1.572203 0.150022 0.788634 0.126399 0.951679 0.233925 1.416776 0.120390 0.932706 1.080000 1.400000
1772410333566356776 -0.100833 1.572294 0.150022 0.788634 0.126399 0.951679 0.233925 1.416776 0.120390 0.932706 1.080000 1.400000
1772410333567593747 -0.100833 1.572294 0.150022 0.788634 0.126339 0.951714 0.233925 1.416776 0.120390 0.932706 1.080000 1.400000
1772410333586372789 -0.100833 1.572294 0.150022 0.788634 0.126339 0.951714 0.233925 1.416776 0.120390 0.932706 1.070000 1.410000
1772410333586814669 -0.100833 1.572294 0.140020 0.798632 0.126339 0.951714 0.233925 1.416776 0.120390 0.932706 1.070000 1.410000
1772410333587592937 -0.100833 1.572294 0.140020 0.798632 0.126913 0.945120 0.233925 1.416776 0.120390 0.932706 1.070000 1.410000
1772410333593103107 -0.100833 1.572294 0.140020 0.798632 0.126913 0.945120 0.233747 1.416516 0.120390 0.932706 1.070000 1.410000
1772410333607677879 -0.100833 1.572294 0.140020 0.798632 0.126914 0.945121 0.233747 1.416516 0.120390 0.932706 1.070000 1.410000
1772410333627662989 -0.100833 1.572294 0.140020 0.798632 0.126914 0.945121 0.233747 1.416516 0.120390 0.932706 1.070000 1.410000
1772410333643755519 -0.100833 1.572294 0.140020 0.798632 0.126914 0.945121 0.233747 1.416516 0.121627 0.923346 1.070000 1.410000
1772410333647705025 -0.100833 1.572294 0.140020 0.798632 0.126913 0.945120 0.233747 1.416516 0.121627 0.923346 1.070000 1.410000
1772410333666427989 -0.100833 1.572294 0.140020 0.798632 0.126913 0.945120 0.233747 1.416516 0.121627 0.923346 1.070000 1.410000
1772410333667542668 -0.100833 1.572294 0.140020 0.798632 0.126913 0.945120 0.233747 1.416516 0.121627 0.923346 1.070000 1.410000
1772410333687853966 -0.100833 1.572294 0.140020 0.798632 0.126913 0.945120 0.233747 1.416516 0.121627 0.923346 1.070000 1.410000
1772410333707591094 -0.100833 1.572294 0.140020 0.798632 0.126913 0.945120 0.233747 1.416516 0.121627 0.923346 1.070000 1.410000
1772410333727970302 -0.100833 1.572294 0.140020 0.798632 0.126913 0.945120 0.233747 1.416516 0.121627 0.923346 1.070000 1.410000
1772410333743348677 -0.100833 1.572294 0.140020 0.798632 0.126913 0.945120 0.233378 1.416515 0.121627 0.923346 1.070000 1.410000
1772410333747992983 -0.100833 1.572294 0.140020 0.798632 0.126913 0.945120 0.233378 1.416515 0.121627 0.923346 1.070000 1.410000
1772410333768013383 -0.100833 1.572294 0.140020 0.798632 0.126913 0.945120 0.233378 1.416515 0.121627 0.923346 1.070000 1.410000
1772410333768794421 -0.100833 1.572294 0.140020 0.798632 0.126913 0.945120 0.233378 1.416515 0.121603 0.923223 1.070000 1.410000
1772410333786905022 -0.100833 1.572294 0.140020 0.798632 0.126913 0.945120 0.233378 1.416515 0.121603 0.923223 1.010000 1.480000
1772410333787107206 -0.100833 1.572294 0.140020 0.798632 0.126913 0.945120 0.233378 1.416515 0.121603 0.923223 1.010000 1.480000
1772410333787771384 -0.100833 1.572294 0.080004 0.868618 0.126913 0.945120 0.233378 1.416515 0.121603 0.923223 1.010000 1.480000
1772410333788519271 -0.100833 1.572294 0.080004 0.868618 0.126913 0.945120 0.233378 1.416515 0.121603 0.923223 1.010000 1.480000
1772410333807956026 -0.100833 1.572294 0.080004 0.868618 0.124888 0.941817 0.233378 1.416515 0.121603 0.923223 1.010000 1.480000
1772410333828010510 -0.100833 1.572294 0.080004 0.868618 0.124888 0.941817 0.233378 1.416515 0.121603 0.923223 1.010000 1.480000
1772410333847980122 -0.100833 1.572294 0.080004 0.868618 0.124888 0.941817 0.233378 1.416515 0.121603 0.923223 1.010000 1.480000
1772410333867921054 -0.100833 1.572294 0.080004 0.868618 0.124888 0.941817 0.233378 1.416515 0.121603 0.923223 1.010000 1.480000
1772410333868748505 -0.100833 1.572294 0.080004 0.868618 0.124888 0.941817 0.233194 1.416250 0.121603 0.923223 1.010000 1.480000
1772410333886494504 -0.100833 1.572294 0.080004 0.868618 0.124888 0.941817 0.233194 1.416250 0.121603 0.923223 0.990000 1.500000
1772410333886528982 -0.100833 1.572294 0.080004 0.868618 0.124888 0.941817 0.233194 1.416250 0.121603 0.923223 0.990000 1.500000
1772410333886843454 -0.100833 1.572294 0.060000 0.888614 0.124888 0.941817 0.233194 1.416250 0.121603 0.923223 0.990000 1.500000
1772410333887466562 -0.100833 1.572294 0.060000 0.888614 0.122083 0.939518 0.233194 1.416250 0.121603 0.923223 0.990000 1.500000
1772410333907898372 -0.100833 1.572294 0.060000 0.888614 0.122083 0.939518 0.233194 1.416250 0.121603 0.923223 0.990000 1.500000
1772410333918530818 -0.100833 1.572294 0.060000 0.888614 0.122083 0.939518 0.233194 1.416250 0.114221 0.916930 0.990000 1.500000
1772410333927870431 -0.100833 1.572294 0.060000 0.888614 0.122083 0.939518 0.233194 1.416250 0.114221 0.916930 0.990000 1.500000
1772410333947696248 -0.100833 1.572294 0.060000 0.888614 0.122083 0.939518 0.233194 1.416250 0.114221 0.916930 0.990000 1.500000
1772410333967740734 -0.100833 1.572294 0.060000 0.888614 0.122083 0.939518 0.233194 1.416250 0.114221 0.916930 0.990000 1.500000
1772410333986831607 -0.100833 1.572294 0.060000 0.888614 0.122083 0.939518 0.233194 1.416250 0.114221 0.916930 0.970000 1.510000
1772410333987596859 -0.100833 1.572294 0.039998 0.898609 0.122083 0.939518 0.233194 1.416250 0.114221 0.916930 0.970000 1.510000
1772410333987665607 -0.100833 1.572294 0.039998 0.898609 0.122083 0.939518 0.233194 1.416250 0.114221 0.916930 0.970000 1.510000
1772410333993254817 -0.100833 1.572294 0.039998 0.898609 0.122083 0.939518 0.233008 1.416066 0.114221 0.916930 0.970000 1.510000
1772410334006271964 -0.100923 1.572349 0.039998 0.898609 0.122083 0.939518 0.233008 1.416066 0.114221 0.916930 0.970000 1.510000
1772410334007687964 -0.100923 1.572349 0.039998 0.898609 0.118590 0.937786 0.233008 1.416066 0.114221 0.916930 0.970000 1.510000
1772410334027413909 -0.100923 1.572349 0.039998 0.898609 0.118590 0.937786 0.233008 1.416066 0.114221 0.916930 0.970000 1.510000
1772410334047859926 -0.100923 1.572349 0.039998 0.898609 0.118590 0.937786 0.233008 1.416066 0.114221 0.916930 0.970000 1.510000
1772410334067631965 -0.100923 1.572349 0.039998 0.898609 0.118590 0.937786 0.233008 1.416066 0.114221 0.916930 0.970000 1.510000
1772410334068360359 -0.100923 1.572349 0.039998 0.898609 0.118590 0.937786 0.233008 1.416066 0.108622 0.915643 0.970000 1.510000
1772410334086646582 -0.100923 1.572349 0.039998 0.898609 0.118590 0.937786 0.233008 1.416066 0.108622 0.915643 0.960000 1.500000
1772410334087091538 -0.100923 1.572349 0.030000 0.888607 0.118590 0.937786 0.233008 1.416066 0.108622 0.915643 0.960000 1.500000
1772410334087770710 -0.100923 1.572349 0.030000 0.888607 0.114760 0.935696 0.233008 1.416066 0.108622 0.915643 0.960000 1.500000
1772410334107517716 -0.100923 1.572349 0.030000 0.888607 0.114760 0.935696 0.233008 1.416066 0.108622 0.915643 0.960000 1.500000
1772410334127588258 -0.100923 1.572349 0.030000 0.888607 0.114760 0.935697 0.233008 1.416066 0.108622 0.915643 0.960000 1.500000
1772410334142765377 -0.100923 1.572349 0.030000 0.888607 0.114760 0.935697 0.232565 1.416008 0.108622 0.915643 0.960000 1.500000
1772410334147500382 -0.100923 1.572349 0.030000 0.888607 0.114760 0.935697 0.232565 1.416008 0.108622 0.915643 0.960000 1.500000
1772410334167508655 -0.100923 1.572349 0.030000 0.888607 0.114760 0.935697 0.232565 1.416008 0.108622 0.915643 0.960000 1.500000
1772410334186456385 -0.100923 1.572349 0.030000 0.888607 0.114760 0.935697 0.232565 1.416008 0.108622 0.915643 0.970000 1.510000
1772410334186590095 -0.100923 1.572349 0.039998 0.898609 0.114760 0.935697 0.232565 1.416008 0.108622 0.915643 0.970000 1.510000
1772410334187513884 -0.100923 1.572349 0.039998 0.898609 0.111562 0.934148 0.232565 1.416008 0.108622 0.915643 0.970000 1.510000
1772410334207606270 -0.100923 1.572349 0.039998 0.898609 0.111562 0.934148 0.232565 1.416008 0.108622 0.915643 0.970000 1.510000
1772410334218013156 -0.100923 1.572349 0.039998 0.898609 0.111562 0.934148 0.232565 1.416008 0.097822 0.912663 0.970000 1.510000
1772410334226365908 -0.093431 1.569124 0.039998 0.898609 0.111562 0.934148 0.232565 1.416008 0.097822 0.912663 0.970000 1.510000
1772410334227507356 -0.093431 1.569124 0.039998 0.898609 0.113040 0.934208 0.232565 1.416008 0.097822 0.912663 0.970000 1.510000
1772410334247733019 -0.093431 1.569124 0.039998 0.898609 0.113040 0.934208 0.232565 1.416008 0.097822 0.912663 0.970000 1.510000
1772410334267750832 -0.093431 1.569124 0.039998 0.898609 0.113040 0.934208 0.232565 1.416008 0.097822 0.912663 0.970000 1.510000
1772410334286574494 -0.093431 1.569124 0.039998 0.898609 0.113040 0.934208 0.232565 1.416008 0.097822 0.912663 0.910000 1.520000
1772410334287186873 -0.093431 1.569124 -0.020005 0.908596 0.113040 0.934208 0.232565 1.416008 0.097822 0.912663 0.910000 1.520000
1772410334287726449 -0.093431 1.569124 -0.020005 0.908596 0.113040 0.934204 0.232565 1.416008 0.097822 0.912663 0.910000 1.520000
1772410334293270395 -0.093431 1.569124 -0.020005 0.908596 0.113040 0.934204 0.239262 1.413555 0.097822 0.912663 0.910000 1.520000
1772410334307729564 -0.093431 1.569124 -0.020005 0.908596 0.109616 0.933201 0.239262 1.413555 0.097822 0.912663 0.910000 1.520000
1772410334326134538 -0.071387 1.560475 -0.020005 0.908596 0.109616 0.933201 0.239262 1.413555 0.097822 0.912663 0.910000 1.520000
1772410334327692831 -0.071387 1.560475 -0.020005 0.908596 0.118994 0.933454 0.239262 1.413555 0.097822 0.912663 0.910000 1.520000
1772410334347867916 -0.071387 1.560475 -0.020005 0.908596 0.118994 0.933454 0.239262 1.413555 0.097822 0.912663 0.910000 1.520000
1772410334367789879 -0.071387 1.560475 -0.020005 0.908596 0.118994 0.933454 0.239262 1.413555 0.097822 0.912663 0.910000 1.520000
1772410334386746486 -0.071387 1.560475 -0.020005 0.908596 0.118994 0.933454 0.239262 1.413555 0.097822 0.912663 0.880000 1.510000
1772410334387372100 -0.071387 1.560475 -0.050002 0.898589 0.118994 0.933454 0.239262 1.413555 0.097822 0.912663 0.880000 1.510000
1772410334387702076 -0.071387 1.560475 -0.050002 0.898589 0.118994 0.933454 0.239262 1.413555 0.097822 0.912663 0.880000 1.510000
1772410334393205256 -0.071387 1.560475 -0.050002 0.898589 0.118994 0.933454 0.270314 1.404462 0.097822 0.912663 0.880000 1.510000
1772410334407861753 -0.071387 1.560475 -0.050002 0.898589 0.125572 0.932342 0.270314 1.404462 0.097822 0.912663 0.880000 1.510000
1772410334418142231 -0.071387 1.560475 -0.050002 0.898589 0.125572 0.932342 0.270314 1.404462 0.125129 0.909822 0.880000 1.510000
1772410334427802775 -0.071387 1.560475 -0.050002 0.898589 0.125572 0.932346 0.270314 1.404462 0.125129 0.909822 0.880000 1.510000
1772410334446528419 -0.045171 1.550071 -0.050002 0.898589 0.125572 0.932346 0.270314 1.404462 0.125129 0.909822 0.880000 1.510000
1772410334447445551 -0.045171 1.550071 -0.050002 0.898589 0.139604 0.932712 0.270314 1.404462 0.125129 0.909822 0.880000 1.510000
1772410334467753087 -0.045171 1.550071 -0.050002 0.898589 0.139603 0.932714 0.270314 1.404462 0.125129 0.909822 0.880000 1.510000
1772410334486658239 -0.045171 1.550071 -0.050002 0.898589 0.139603 0.932714 0.270314 1.404462 0.125129 0.909822 0.900000 1.510000
1772410334487229010 -0.045171 1.550071 -0.030002 0.898593 0.139603 0.932714 0.270314 1.404462 0.125129 0.909822 0.900000 1.510000
1772410334487668705 -0.045171 1.550071 -0.030002 0.898593 0.139603 0.932714 0.270314 1.404462 0.125129 0.909822 0.900000 1.510000
1772410334507817660 -0.045171 1.550071 -0.030002 0.898593 0.141558 0.931521 0.270314 1.404462 0.125129 0.909822 0.900000 1.510000
1772410334518251372 -0.045171 1.550071 -0.030002 0.898593 0.141558 0.931521 0.300151 1.405060 0.125129 0.909822 0.900000 1.510000
1772410334518377713 -0.045171 1.550071 -0.030002 0.898593 0.141558 0.931521 0.300151 1.405060 0.141935 0.910659 0.900000 1.510000
1772410334527766903 -0.045171 1.550071 -0.030002 0.898593 0.141558 0.931523 0.300151 1.405060 0.141935 0.910659 0.900000 1.510000
1772410334546178943 -0.018312 1.539289 -0.030002 0.898593 0.141558 0.931523 0.300151 1.405060 0.141935 0.910659 0.900000 1.510000
1772410334547540009 -0.018312 1.539289 -0.030002 0.898593 0.158783 0.932009 0.300151 1.405060 0.141935 0.910659 0.900000 1.510000
1772410334567845964 -0.018312 1.539289 -0.030002 0.898593 0.158783 0.932009 0.300151 1.405060 0.141935 0.910659 0.900000 1.510000
1772410334586709882 -0.018312 1.539289 -0.030002 0.898593 0.158783 0.932009 0.300151 1.405060 0.141935 0.910659 0.890000 1.500000
1772410334587054045 -0.018312 1.539289 -0.040000 0.888591 0.158783 0.932009 0.300151 1.405060 0.141935 0.910659 0.890000 1.500000
1772410334587413555 -0.018312 1.539289 -0.040000 0.888591 0.161613 0.930504 0.300151 1.405060 0.141935 0.910659 0.890000 1.500000
1772410334607625905 -0.018312 1.539289 -0.040000 0.888591 0.161613 0.930506 0.300151 1.405060 0.141935 0.910659 0.890000 1.500000
1772410334627805266 -0.018312 1.539289 -0.040000 0.888591 0.161613 0.930506 0.300151 1.405060 0.141935 0.910659 0.890000 1.500000
1772410334643662059 -0.018312 1.539289 -0.040000 0.888591 0.161613 0.930506 0.339001 1.403260 0.141935 0.910659 0.890000 1.500000
1772410334643670581 -0.018312 1.539289 -0.040000 0.888591 0.161613 0.930506 0.339001 1.403260 0.168780 0.912440 0.890000 1.500000
1772410334647771252 -0.018312 1.539289 -0.040000 0.888591 0.161613 0.930506 0.339001 1.403260 0.168780 0.912440 0.890000 1.500000
1772410334666278578 0.008691 1.528442 -0.040000 0.888591 0.161613 0.930506 0.339001 1.403260 0.168780 0.912440 0.890000 1.500000
1772410334667566836 0.008691 1.528442 -0.040000 0.888591 0.180886 0.931110 0.339001 1.403260 0.168780 0.912440 0.890000 1.500000
1772410334687047586 0.008691 1.528442 -0.040000 0.888591 0.180886 0.931110 0.339001 1.403260 0.168780 0.912440 0.890000 1.490000
1772410334687896733 0.008691 1.528442 -0.040000 0.888591 0.180886 0.931110 0.339001 1.403260 0.168780 0.912440 0.890000 1.490000
1772410334688212548 0.008691 1.528442 -0.039998 0.878591 0.180886 0.931110 0.339001 1.403260 0.168780 0.912440 0.890000 1.490000
1772410334707641305 0.008691 1.528442 -0.039998 0.878591 0.176258 0.929031 0.339001 1.403260 0.168780 0.912440 0.890000 1.490000
1772410334727897458 0.008691 1.528442 -0.039998 0.878591 0.176258 0.929031 0.339001 1.403260 0.168780 0.912440 0.890000 1.490000
1772410334747955948 0.008691 1.528442 -0.039998 0.878591 0.176258 0.929031 0.339001 1.403260 0.168780 0.912440 0.890000 1.490000
1772410334766514633 0.035750 1.517595 -0.039998 0.878591 0.176258 0.929031 0.339001 1.403260 0.168780 0.912440 0.890000 1.490000
1772410334767656034 0.035750 1.517595 -0.039998 0.878591 0.199439 0.929756 0.339001 1.403260 0.168780 0.912440 0.890000 1.490000
1772410334786742208 0.035750 1.517595 -0.039998 0.878591 0.199439 0.929756 0.339001 1.403260 0.168780 0.912440 0.860000 1.490000
1772410334787563349 0.035750 1.517595 -0.069998 0.878584 0.199439 0.929756 0.339001 1.403260 0.168780 0.912440 0.860000 1.490000
1772410334787686789 0.035750 1.517595 -0.069998 0.878584 0.199439 0.929756 0.339001 1.403260 0.168780 0.912440 0.860000 1.490000
1772410334793209556 0.035750 1.517595 -0.069998 0.878584 0.199439 0.929756 0.378793 1.404278 0.168780 0.912440 0.860000 1.490000
1772410334807847687 0.035750 1.517595 -0.069998 0.878584 0.193675 0.927756 0.378793 1.404278 0.168780 0.912440 0.860000 1.490000
1772410334818345827 0.035750 1.517595 -0.069998 0.878584 0.193675 0.927756 0.378793 1.404278 0.186224 0.912857 0.860000 1.490000
1772410334827885812 0.035750 1.517595 -0.069998 0.878584 0.193675 0.927756 0.378793 1.404278 0.186224 0.912857 0.860000 1.490000
1772410334847546863 0.035750 1.517595 -0.069998 0.878584 0.193675 0.927755 0.378793 1.404278 0.186224 0.912857 0.860000 1.490000
1772410334867849792 0.035750 1.517595 -0.069998 0.878584 0.193675 0.927755 0.378793 1.404278 0.186224 0.912857 0.860000 1.490000
1772410334886381915 0.035750 1.517595 -0.069998 0.878584 0.193675 0.927755 0.378793 1.404278 0.186224 0.912857 0.900000 1.500000
1772410334886428408 0.063550 1.506476 -0.069998 0.878584 0.193675 0.927755 0.378793 1.404278 0.186224 0.912857 0.900000 1.500000
1772410334887301835 0.063550 1.506476 -0.030000 0.888593 0.193675 0.927755 0.378793 1.404278 0.186224 0.912857 0.900000 1.500000
1772410334887494964 0.063550 1.506476 -0.030000 0.888593 0.218525 0.928514 0.378793 1.404278 0.186224 0.912857 0.900000 1.500000
1772410334907738968 0.063550 1.506476 -0.030000 0.888593 0.208022 0.926817 0.378793 1.404278 0.186224 0.912857 0.900000 1.500000
1772410334927797088 0.063550 1.506476 -0.030000 0.888593 0.208022 0.926817 0.378793 1.404278 0.186224 0.912857 0.900000 1.500000
1772410334943829988 0.063550 1.506476 -0.030000 0.888593 0.208022 0.926817 0.415753 1.405041 0.186224 0.912857 0.900000 1.500000
1772410334943880588 0.063550 1.506476 -0.030000 0.888593 0.208022 0.926817 0.415753 1.405041 0.200564 0.914276 0.900000 1.500000
1772410334947754392 0.063550 1.506476 -0.030000 0.888593 0.208022 0.926818 0.415753 1.405041 0.200564 0.914276 0.900000 1.500000
1772410334967649373 0.063550 1.506476 -0.030000 0.888593 0.208022 0.926818 0.415753 1.405041 0.200564 0.914276 0.900000 1.500000
1772410334986512668 0.063550 1.506476 -0.030000 0.888593 0.208022 0.926818 0.415753 1.405041 0.200564 0.914276 0.910000 1.480000
1772410334986556838 0.090523 1.495694 -0.030000 0.888593 0.208022 0.926818 0.415753 1.405041 0.200564 0.914276 0.910000 1.480000
1772410334987102074 0.090523 1.495694 -0.019996 0.868596 0.208022 0.926818 0.415753 1.405041 0.200564 0.914276 0.910000 1.480000
1772410334987621432 0.090523 1.495694 -0.019996 0.868596 0.226095 0.925189 0.415753 1.405041 0.200564 0.914276 0.910000 1.480000
1772410335007638299 0.090523 1.495694 -0.019996 0.868596 0.226095 0.925189 0.415753 1.405041 0.200564 0.914276 0.910000 1.480000
1772410335027832456 0.090523 1.495694 -0.019996 0.868596 0.226095 0.925189 0.415753 1.405041 0.200564 0.914276 0.910000 1.480000
1772410335047731930 0.090523 1.495694 -0.019996 0.868596 0.226095 0.925189 0.415753 1.405041 0.200564 0.914276 0.910000 1.480000
1772410335067706329 0.090523 1.495694 -0.019996 0.868596 0.226095 0.925189 0.415753 1.405041 0.200564 0.914276 0.910000 1.480000
1772410335068403623 0.090523 1.495694 -0.019996 0.868596 0.226095 0.925189 0.454210 1.403994 0.200564 0.914276 0.910000 1.480000
1772410335068435338 0.090523 1.495694 -0.019996 0.868596 0.226095 0.925189 0.454210 1.403994 0.223564 0.914519 0.910000 1.480000
1772410335087319304 0.090523 1.495694 -0.019996 0.868596 0.226095 0.925189 0.454210 1.403994 0.223564 0.914519 0.920000 1.480000
1772410335087511591 0.090523 1.495694 -0.019996 0.868596 0.226095 0.925189 0.454210 1.403994 0.223564 0.914519 0.920000 1.480000
1772410335087756198 0.090523 1.495694 -0.009996 0.868598 0.226095 0.925189 0.454210 1.403994 0.223564 0.914519 0.920000 1.480000
1772410335106320745 0.117737 1.484809 -0.009996 0.868598 0.226095 0.925189 0.454210 1.403994 0.223564 0.914519 0.920000 1.480000
1772410335107475897 0.117737 1.484809 -0.009996 0.868598 0.248837 0.923837 0.454210 1.403994 0.223564 0.914519 0.920000 1.480000
1772410335127669654 0.117737 1.484809 -0.009996 0.868598 0.248837 0.923837 0.454210 1.403994 0.223564 0.914519 0.920000 1.480000
1772410335147666544 0.117737 1.484809 -0.009996 0.868598 0.248837 0.923837 0.454210 1.403994 0.223564 0.914519 0.920000 1.480000
1772410335167762032 0.117737 1.484809 -0.009996 0.868598 0.248837 0.923837 0.454210 1.403994 0.223564 0.914519 0.920000 1.480000
1772410335186805490 0.117737 1.484809 -0.009996 0.868598 0.248837 0.923837 0.454210 1.403994 0.223564 0.914519 0.940000 1.490000
1772410335187404801 0.117737 1.484809 0.010002 0.878602 0.248837 0.923837 0.454210 1.403994 0.223564 0.914519 0.940000 1.490000
1772410335187606886 0.117737 1.484809 0.010002 0.878602 0.248837 0.923837 0.454210 1.403994 0.223564 0.914519 0.940000 1.490000
1772410335193063504 0.117737 1.484809 0.010002 0.878602 0.248837 0.923837 0.482337 1.405254 0.223564 0.914519 0.940000 1.490000
1772410335207111704 0.145485 1.473702 0.010002 0.878602 0.248837 0.923837 0.482337 1.405254 0.223564 0.914519 0.940000 1.490000
1772410335207438638 0.145485 1.473702 0.010002 0.878602 0.257631 0.922518 0.482337 1.405254 0.223564 0.914519 0.940000 1.490000
1772410335227560919 0.145485 1.473702 0.010002 0.878602 0.263435 0.922696 0.482337 1.405254 0.223564 0.914519 0.940000 1.490000
1772410335247899277 0.145485 1.473702 0.010002 0.878602 0.263435 0.922696 0.482337 1.405254 0.223564 0.914519 0.940000 1.490000
1772410335267603687 0.145485 1.473702 0.010002 0.878602 0.263435 0.922696 0.482337 1.405254 0.223564 0.914519 0.940000 1.490000
1772410335268433955 0.145485 1.473702 0.010002 0.878602 0.263435 0.922696 0.482337 1.405254 0.248229 0.914257 0.940000 1.490000
1772410335286517584 0.145485 1.473702 0.010002 0.878602 0.263435 0.922696 0.482337 1.405254 0.248229 0.914257 0.940000 1.490000
1772410335287215578 0.145485 1.473702 0.010002 0.878602 0.263435 0.922696 0.482337 1.405254 0.248229 0.914257 0.940000 1.490000
1772410335287603695 0.145485 1.473702 0.010002 0.878602 0.263435 0.922697 0.482337 1.405254 0.248229 0.914257 0.940000 1.490000
1772410335307781292 0.145485 1.473702 0.010002 0.878602 0.275764 0.921544 0.482337 1.405254 0.248229 0.914257 0.940000 1.490000
1772410335318084598 0.145485 1.473702 0.010002 0.878602 0.275764 0.921544 0.522813 1.403866 0.248229 0.914257 0.940000 1.490000
1772410335327221154 0.172401 1.462920 0.010002 0.878602 0.275764 0.921544 0.522813 1.403866 0.248229 0.914257 0.940000 1.490000
1772410335327510492 0.172401 1.462920 0.010002 0.878602 0.275764 0.921544 0.522813 1.403866 0.248229 0.914257 0.940000 1.490000
1772410335347832532 0.172401 1.462920 0.010002 0.878602 0.285341 0.921839 0.522813 1.403866 0.248229 0.914257 0.940000 1.490000
1772410335367897835 0.172401 1.462920 0.010002 0.878602 0.285341 0.921839 0.522813 1.403866 0.248229 0.914257 0.940000 1.490000
1772410335387793082 0.172401 1.462920 0.010002 0.878602 0.285341 0.921841 0.522813 1.403866 0.248229 0.914257 0.940000 1.490000
1772410335388268019 0.172401 1.462920 0.010002 0.878602 0.285341 0.921841 0.522813 1.403866 0.248229 0.914257 0.960000 1.500000
1772410335388961381 0.172401 1.462920 0.030000 0.888607 0.285341 0.921841 0.522813 1.403866 0.248229 0.914257 0.960000 1.500000
1772410335407708204 0.172401 1.462920 0.030000 0.888607 0.288439 0.920868 0.522813 1.403866 0.248229 0.914257 0.960000 1.500000
1772410335418291407 0.172401 1.462920 0.030000 0.888607 0.288439 0.920868 0.543640 1.405108 0.248229 0.914257 0.960000 1.500000
1772410335418295987 0.172401 1.462920 0.030000 0.888607 0.288439 0.920868 0.543640 1.405108 0.251758 0.913401 0.960000 1.500000
1772410335426300261 0.199799 1.451930 0.030000 0.888607 0.288439 0.920868 0.543640 1.405108 0.251758 0.913401 0.960000 1.500000
1772410335427571143 0.199799 1.451930 0.030000 0.888607 0.300201 0.921229 0.543640 1.405108 0.251758 0.913401 0.960000 1.500000
1772410335447711351 0.199799 1.451930 0.030000 0.888607 0.300201 0.921229 0.543640 1.405108 0.251758 0.913401 0.960000 1.500000
1772410335467710786 0.199799 1.451930 0.030000 0.888607 0.300201 0.921229 0.543640 1.405108 0.251758 0.913401 0.960000 1.500000
1772410335486599393 0.199799 1.451930 0.030000 0.888607 0.300201 0.921229 0.543640 1.405108 0.251758 0.913401 0.980000 1.510000
1772410335487298869 0.199799 1.451930 0.049998 0.898611 0.300201 0.921229 0.543640 1.405108 0.251758 0.913401 0.980000 1.510000
1772410335487599716 0.199799 1.451930 0.049998 0.898611 0.300201 0.921230 0.543640 1.405108 0.251758 0.913401 0.980000 1.510000
1772410335507888770 0.199799 1.451930 0.049998 0.898611 0.306562 0.920789 0.543640 1.405108 0.251758 0.913401 0.980000 1.510000
1772410335527671694 0.199799 1.451930 0.049998 0.898611 0.306563 0.920787 0.543640 1.405108 0.251758 0.913401 0.980000 1.510000
1772410335546429852 0.227239 1.440900 0.049998 0.898611 0.306563 0.920787 0.543640 1.405108 0.251758 0.913401 0.980000 1.510000
1772410335547668717 0.227239 1.440900 0.049998 0.898611 0.321310 0.921227 0.543640 1.405108 0.251758 0.913401 0.980000 1.510000
1772410335567888076 0.227239 1.440900 0.049998 0.898611 0.321310 0.921227 0.543640 1.405108 0.251758 0.913401 0.980000 1.510000
1772410335586563313 0.227239 1.440900 0.049998 0.898611 0.321310 0.921227 0.543640 1.405108 0.251758 0.913401 1.010000 1.490000
1772410335587634719 0.227239 1.440900 0.080002 0.878618 0.321310 0.921227 0.543640 1.405108 0.251758 0.913401 1.010000 1.490000
1772410335587709944 0.227239 1.440900 0.080002 0.878618 0.321310 0.921226 0.543640 1.405108 0.251758 0.913401 1.010000 1.490000
1772410335593387229 0.227239 1.440900 0.080002 0.878618 0.321310 0.921226 0.593358 1.404186 0.251758 0.913401 1.010000 1.490000
1772410335607770152 0.227239 1.440900 0.080002 0.878618 0.320557 0.919690 0.593358 1.404186 0.251758 0.913401 1.010000 1.490000
1772410335618392470 0.227239 1.440900 0.080002 0.878618 0.320557 0.919690 0.593358 1.404186 0.284233 0.915340 1.010000 1.490000
1772410335627767278 0.227239 1.440900 0.080002 0.878618 0.320557 0.919691 0.593358 1.404186 0.284233 0.915340 1.010000 1.490000
1772410335647970740 0.227239 1.440900 0.080002 0.878618 0.320557 0.919691 0.593358 1.404186 0.284233 0.915340 1.010000 1.490000
1772410335648669535 0.281857 1.418897 0.080002 0.878618 0.320557 0.919691 0.593358 1.404186 0.284233 0.915340 1.010000 1.490000
1772410335667839816 0.281857 1.418897 0.080002 0.878618 0.355675 0.920699 0.593358 1.404186 0.284233 0.915340 1.010000 1.490000
1772410335687104590 0.281857 1.418897 0.080002 0.878618 0.355675 0.920699 0.593358 1.404186 0.284233 0.915340 1.050000 1.490000
1772410335688037603 0.281857 1.418897 0.080002 0.878618 0.355675 0.920699 0.593358 1.404186 0.284233 0.915340 1.050000 1.490000
1772410335688118263 0.281857 1.418897 0.120002 0.878627 0.355675 0.920699 0.593358 1.404186 0.284233 0.915340 1.050000 1.490000
1772410335707620585 0.281857 1.418897 0.120002 0.878627 0.368384 0.919551 0.593358 1.404186 0.284233 0.915340 1.050000 1.490000
1772410335718259800 0.281857 1.418897 0.120002 0.878627 0.368384 0.919551 0.686161 1.398219 0.284233 0.915340 1.050000 1.490000
1772410335727813470 0.281857 1.418897 0.120002 0.878627 0.368384 0.919554 0.686161 1.398219 0.284233 0.915340 1.050000 1.490000
1772410335747742577 0.281857 1.418897 0.120002 0.878627 0.368384 0.919554 0.686161 1.398219 0.284233 0.915340 1.050000 1.490000
1772410335767732077 0.281857 1.418897 0.120002 0.878627 0.368384 0.919555 0.686161 1.398219 0.284233 0.915340 1.050000 1.490000
1772410335768515420 0.281857 1.418897 0.120002 0.878627 0.368384 0.919555 0.686161 1.398219 0.383654 0.922499 1.050000 1.490000
1772410335786750696 0.281857 1.418897 0.120002 0.878627 0.368384 0.919555 0.686161 1.398219 0.383654 0.922499 1.080000 1.490000
1772410335787322672 0.281857 1.418897 0.150002 0.878634 0.368384 0.919555 0.686161 1.398219 0.383654 0.922499 1.080000 1.490000
1772410335787604345 0.281857 1.418897 0.150002 0.878634 0.368384 0.919555 0.686161 1.398219 0.383654 0.922499 1.080000 1.490000
1772410335808271099 0.281857 1.418897 0.150002 0.878634 0.415711 0.919467 0.686161 1.398219 0.383654 0.922499 1.080000 1.490000
1772410335827596692 0.281857 1.418897 0.150002 0.878634 0.415711 0.919466 0.686161 1.398219 0.383654 0.922499 1.080000 1.490000
1772410335847654098 0.281857 1.418897 0.150002 0.878634 0.415711 0.919466 0.686161 1.398219 0.383654 0.922499 1.080000 1.490000
1772410335866174132 0.308895 1.407998 0.150002 0.878634 0.415711 0.919466 0.686161 1.398219 0.383654 0.922499 1.080000 1.490000
1772410335867625079 0.308895 1.407998 0.150002 0.878634 0.426256 0.919767 0.686161 1.398219 0.383654 0.922499 1.080000 1.490000
1772410335886645560 0.308895 1.407998 0.150002 0.878634 0.426256 0.919767 0.686161 1.398219 0.383654 0.922499 1.120000 1.490000
1772410335887233330 0.308895 1.407998 0.190002 0.878643 0.426256 0.919767 0.686161 1.398219 0.383654 0.922499 1.120000 1.490000
1772410335887580148 0.308895 1.407998 0.190002 0.878643 0.426256 0.919767 0.686161 1.398219 0.383654 0.922499 1.120000 1.490000
1772410335893125660 0.308895 1.407998 0.190002 0.878643 0.426256 0.919767 0.680614 1.405547 0.383654 0.922499 1.120000 1.490000
1772410335907660160 0.308895 1.407998 0.190002 0.878643 0.418950 0.918115 0.680614 1.405547 0.383654 0.922499 1.120000 1.490000
1772410335927899441 0.308895 1.407998 0.190002 0.878643 0.418950 0.918115 0.680614 1.405547 0.383654 0.922499 1.120000 1.490000
1772410335943067202 0.308895 1.407998 0.190002 0.878643 0.418950 0.918115 0.680614 1.405547 0.345982 0.916062 1.120000 1.490000
1772410335947653607 0.308895 1.407998 0.190002 0.878643 0.418950 0.918115 0.680614 1.405547 0.345982 0.916062 1.120000 1.490000
1772410335967723638 0.308895 1.407998 0.190002 0.878643 0.418950 0.918114 0.680614 1.405547 0.345982 0.916062 1.120000 1.490000
1772410335986713327 0.308895 1.407998 0.190002 0.878643 0.418950 0.918114 0.680614 1.405547 0.345982 0.916062 1.140000 1.470000
1772410335986771815 0.336565 1.396836 0.190002 0.878643 0.418950 0.918114 0.680614 1.405547 0.345982 0.916062 1.140000 1.470000
1772410335987497509 0.336565 1.396836 0.210007 0.858647 0.418950 0.918114 0.680614 1.405547 0.345982 0.916062 1.140000 1.470000
1772410335987545836 0.336565 1.396836 0.210007 0.858647 0.443665 0.918800 0.680614 1.405547 0.345982 0.916062 1.140000 1.470000
1772410336007668138 0.336565 1.396836 0.210007 0.858647 0.433907 0.916271 0.680614 1.405547 0.345982 0.916062 1.140000 1.470000
1772410336018497994 0.336565 1.396836 0.210007 0.858647 0.433907 0.916271 0.719583 1.403440 0.345982 0.916062 1.140000 1.470000
1772410336027774339 0.336565 1.396836 0.210007 0.858647 0.433907 0.916271 0.719583 1.403440 0.345982 0.916062 1.140000 1.470000
1772410336047882838 0.336565 1.396836 0.210007 0.858647 0.433907 0.916271 0.719583 1.403440 0.345982 0.916062 1.140000 1.470000
1772410336067744009 0.336565 1.396836 0.210007 0.858647 0.433907 0.916271 0.719583 1.403440 0.345982 0.916062 1.140000 1.470000
1772410336068684930 0.336565 1.396836 0.210007 0.858647 0.433907 0.916271 0.719583 1.403440 0.376394 0.915457 1.140000 1.470000
1772410336086323940 0.363552 1.385949 0.210007 0.858647 0.433907 0.916271 0.719583 1.403440 0.376394 0.915457 1.140000 1.470000
1772410336086357536 0.363552 1.385949 0.210007 0.858647 0.433907 0.916271 0.719583 1.403440 0.376394 0.915457 1.160000 1.450000
1772410336086679265 0.363552 1.385949 0.230011 0.838652 0.433907 0.916271 0.719583 1.403440 0.376394 0.915457 1.160000 1.450000
1772410336087490232 0.363552 1.385949 0.230011 0.838652 0.453207 0.913768 0.719583 1.403440 0.376394 0.915457 1.160000 1.450000
1772410336107834310 0.363552 1.385949 0.230011 0.838652 0.453207 0.913771 0.719583 1.403440 0.376394 0.915457 1.160000 1.450000
1772410336118622584 0.363552 1.385949 0.230011 0.838652 0.453207 0.913771 0.751364 1.402596 0.376394 0.915457 1.160000 1.450000
1772410336127765510 0.363552 1.385949 0.230011 0.838652 0.453207 0.913771 0.751364 1.402596 0.376394 0.915457 1.160000 1.450000
1772410336147483300 0.363552 1.385949 0.230011 0.838652 0.453207 0.913771 0.751364 1.402596 0.376394 0.915457 1.160000 1.450000
1772410336167866664 0.363552 1.385949 0.230011 0.838652 0.453207 0.913771 0.751364 1.402596 0.376394 0.915457 1.160000 1.450000
1772410336168656283 0.363552 1.385949 0.230011 0.838652 0.453207 0.913771 0.751364 1.402596 0.397786 0.912697 1.160000 1.450000
1772410336186654621 0.363552 1.385949 0.230011 0.838652 0.453207 0.913771 0.751364 1.402596 0.397786 0.912697 1.200000 1.450000
1772410336187222041 0.363552 1.385949 0.270011 0.838661 0.453207 0.913771 0.751364 1.402596 0.397786 0.912697 1.200000 1.450000
1772410336187528046 0.363552 1.385949 0.270011 0.838661 0.453207 0.913771 0.751364 1.402596 0.397786 0.912697 1.200000 1.450000
1772410336207461978 0.391027 1.374866 0.270011 0.838661 0.453207 0.913771 0.751364 1.402596 0.397786 0.912697 1.200000 1.450000
1772410336207500617 0.391027 1.374866 0.270011 0.838661 0.473436 0.911454 0.751364 1.402596 0.397786 0.912697 1.200000 1.450000
1772410336227582876 0.391027 1.374866 0.270011 0.838661 0.478306 0.911594 0.751364 1.402596 0.397786 0.912697 1.200000 1.450000
1772410336247592038 0.391027 1.374866 0.270011 0.838661 0.478306 0.911593 0.751364 1.402596 0.397786 0.912697 1.200000 1.450000
1772410336268075598 0.391027 1.374866 0.270011 0.838661 0.478306 0.911593 0.751364 1.402596 0.397786 0.912697 1.200000 1.450000
1772410336268966962 0.391027 1.374866 0.270011 0.838661 0.478306 0.911593 0.785582 1.402740 0.397786 0.912697 1.200000 1.450000
1772410336268997969 0.391027 1.374866 0.270011 0.838661 0.478306 0.911593 0.785582 1.402740 0.410822 0.909329 1.200000 1.450000
1772410336286796050 0.391027 1.374866 0.270011 0.838661 0.478306 0.911593 0.785582 1.402740 0.410822 0.909329 1.240000 1.460000
1772410336287985698 0.391027 1.374866 0.310009 0.848670 0.478306 0.911593 0.785582 1.402740 0.410822 0.909329 1.240000 1.460000
1772410336288042688 0.391027 1.374866 0.310009 0.848670 0.478306 0.911593 0.785582 1.402740 0.410822 0.909329 1.240000 1.460000
1772410336306269007 0.418203 1.363887 0.310009 0.848670 0.478306 0.911593 0.785582 1.402740 0.410822 0.909329 1.240000 1.460000
1772410336307654256 0.418203 1.363887 0.310009 0.848670 0.496017 0.909671 0.785582 1.402740 0.410822 0.909329 1.240000 1.460000
1772410336327766787 0.418203 1.363887 0.310009 0.848670 0.496017 0.909671 0.785582 1.402740 0.410822 0.909329 1.240000 1.460000
1772410336347890435 0.418203 1.363887 0.310009 0.848670 0.496017 0.909670 0.785582 1.402740 0.410822 0.909329 1.240000 1.460000
1772410336367856608 0.418203 1.363887 0.310009 0.848670 0.496017 0.909670 0.785582 1.402740 0.410822 0.909329 1.240000 1.460000
1772410336387475330 0.418203 1.363887 0.310009 0.848670 0.496017 0.909670 0.785582 1.402740 0.410822 0.909329 1.270000 1.470000
1772410336388061906 0.418203 1.363887 0.310009 0.848670 0.496017 0.909669 0.785582 1.402740 0.410822 0.909329 1.270000 1.470000
1772410336388432362 0.418203 1.363887 0.340007 0.858677 0.496017 0.909669 0.785582 1.402740 0.410822 0.909329 1.270000 1.470000
1772410336393090139 0.418203 1.363887 0.340007 0.858677 0.496017 0.909669 0.825293 1.401833 0.410822 0.909329 1.270000 1.470000
1772410336407862415 0.418203 1.363887 0.340007 0.858677 0.512222 0.908145 0.825293 1.401833 0.410822 0.909329 1.270000 1.470000
1772410336419014716 0.418203 1.363887 0.340007 0.858677 0.512222 0.908145 0.825293 1.401833 0.445930 0.905932 1.270000 1.470000
1772410336426316948 0.445765 1.352737 0.340007 0.858677 0.512222 0.908145 0.825293 1.401833 0.445930 0.905932 1.270000 1.470000
1772410336427523380 0.445765 1.352737 0.340007 0.858677 0.521934 0.908401 0.825293 1.401833 0.445930 0.905932 1.270000 1.470000
1772410336447990845 0.445765 1.352737 0.340007 0.858677 0.521934 0.908405 0.825293 1.401833 0.445930 0.905932 1.270000 1.470000
1772410336467839943 0.445765 1.352737 0.340007 0.858677 0.521934 0.908405 0.825293 1.401833 0.445930 0.905932 1.270000 1.470000
1772410336486987116 0.445765 1.352737 0.340007 0.858677 0.521934 0.908405 0.825293 1.401833 0.445930 0.905932 1.300000 1.470000
1772410336487680195 0.445765 1.352737 0.370007 0.858683 0.521934 0.908405 0.825293 1.401833 0.445930 0.905932 1.300000 1.470000
1772410336487745637 0.445765 1.352737 0.370007 0.858683 0.521934 0.908407 0.825293 1.401833 0.445930 0.905932 1.300000 1.470000
1772410336493120241 0.445765 1.352737 0.370007 0.858683 0.521934 0.908407 0.846940 1.402007 0.445930 0.905932 1.300000 1.470000
1772410336507905561 0.445765 1.352737 0.370007 0.858683 0.529874 0.906708 0.846940 1.402007 0.445930 0.905932 1.300000 1.470000
1772410336519044899 0.445765 1.352737 0.370007 0.858683 0.529874 0.906708 0.846940 1.402007 0.462902 0.904563 1.300000 1.470000
1772410336526300048 0.472982 1.341719 0.370007 0.858683 0.529874 0.906708 0.846940 1.402007 0.462902 0.904563 1.300000 1.470000
1772410336527643148 0.472982 1.341719 0.370007 0.858683 0.541493 0.907027 0.846940 1.402007 0.462902 0.904563 1.300000 1.470000
1772410336547740950 0.472982 1.341719 0.370007 0.858683 0.541493 0.907029 0.846940 1.402007 0.462902 0.904563 1.300000 1.470000
1772410336567805155 0.472982 1.341719 0.370007 0.858683 0.541493 0.907029 0.846940 1.402007 0.462902 0.904563 1.300000 1.470000
1772410336587096255 0.472982 1.341719 0.370007 0.858683 0.541493 0.907029 0.846940 1.402007 0.462902 0.904563 1.330000 1.480000
1772410336587753177 0.472982 1.341719 0.400004 0.868690 0.541493 0.907029 0.846940 1.402007 0.462902 0.904563 1.330000 1.480000
1772410336587809423 0.472982 1.341719 0.400004 0.868690 0.541493 0.907031 0.846940 1.402007 0.462902 0.904563 1.330000 1.480000
1772410336593406773 0.472982 1.341719 0.400004 0.868690 0.541493 0.907031 0.879287 1.401224 0.462902 0.904563 1.330000 1.480000
1772410336607817452 0.472982 1.341719 0.400004 0.868690 0.552521 0.905893 0.879287 1.401224 0.462902 0.904563 1.330000 1.480000
1772410336627429301 0.472982 1.341719 0.400004 0.868690 0.552521 0.905894 0.879287 1.401224 0.462902 0.904563 1.330000 1.480000
1772410336646551957 0.527904 1.319485 0.400004 0.868690 0.552521 0.905894 0.879287 1.401224 0.462902 0.904563 1.330000 1.480000
1772410336647656037 0.527904 1.319485 0.400004 0.868690 0.581911 0.906734 0.879287 1.401224 0.462902 0.904563 1.330000 1.480000
1772410336667761421 0.527904 1.319485 0.400004 0.868690 0.581911 0.906734 0.879287 1.401224 0.462902 0.904563 1.330000 1.480000
1772410336686618837 0.527904 1.319485 0.400004 0.868690 0.581911 0.906734 0.879287 1.401224 0.462902 0.904563 1.340000 1.470000
1772410336687479255 0.527904 1.319485 0.410007 0.858692 0.581911 0.906734 0.879287 1.401224 0.462902 0.904563 1.340000 1.470000
1772410336687996670 0.527904 1.319485 0.410007 0.858692 0.581911 0.906733 0.879287 1.401224 0.462902 0.904563 1.340000 1.470000
1772410336707894364 0.527904 1.319485 0.410007 0.858692 0.593705 0.905252 0.879287 1.401224 0.462902 0.904563 1.340000 1.470000
1772410336719081568 0.527904 1.319485 0.410007 0.858692 0.593705 0.905252 0.879287 1.401224 0.543787 0.906806 1.340000 1.470000
1772410336719132608 0.527904 1.319485 0.410007 0.858692 0.593705 0.905252 0.954223 1.398807 0.543787 0.906806 1.340000 1.470000
1772410336727685620 0.527904 1.319485 0.410007 0.858692 0.593704 0.905257 0.954223 1.398807 0.543787 0.906806 1.340000 1.470000
1772410336747792356 0.527904 1.319485 0.410007 0.858692 0.593704 0.905257 0.954223 1.398807 0.543787 0.906806 1.340000 1.470000
1772410336767546639 0.527904 1.319485 0.410007 0.858692 0.593704 0.905257 0.954223 1.398807 0.543787 0.906806 1.340000 1.470000
1772410336786500936 0.527904 1.319485 0.410007 0.858692 0.593704 0.905257 0.954223 1.398807 0.543787 0.906806 1.380000 1.480000
1772410336787516852 0.527904 1.319485 0.450004 0.868701 0.593704 0.905257 0.954223 1.398807 0.543787 0.906806 1.380000 1.480000
1772410336787671315 0.527904 1.319485 0.450004 0.868701 0.593704 0.905258 0.954223 1.398807 0.543787 0.906806 1.380000 1.480000
1772410336807845596 0.527904 1.319485 0.450004 0.868701 0.635017 0.905162 0.954223 1.398807 0.543787 0.906806 1.380000 1.480000
1772410336818726025 0.527904 1.319485 0.450004 0.868701 0.635017 0.905162 0.954223 1.398807 0.581156 0.907869 1.380000 1.480000
1772410336818738340 0.527904 1.319485 0.450004 0.868701 0.635017 0.905162 1.006899 1.398128 0.581156 0.907869 1.380000 1.480000
1772410336827736596 0.527904 1.319485 0.450004 0.868701 0.635016 0.905168 1.006899 1.398128 0.581156 0.907869 1.380000 1.480000
1772410336847985871 0.527904 1.319485 0.450004 0.868701 0.635016 0.905168 1.006899 1.398128 0.581156 0.907869 1.380000 1.480000
1772410336866484128 0.554977 1.308532 0.450004 0.868701 0.635016 0.905168 1.006899 1.398128 0.581156 0.907869 1.380000 1.480000
1772410336867682992 0.554977 1.308532 0.450004 0.868701 0.645609 0.905504 1.006899 1.398128 0.581156 0.907869 1.380000 1.480000
1772410336886581874 0.554977 1.308532 0.450004 0.868701 0.645609 0.905504 1.006899 1.398128 0.581156 0.907869 1.400000 1.480000
1772410336887028926 0.554977 1.308532 0.470004 0.868706 0.645609 0.905504 1.006899 1.398128 0.581156 0.907869 1.400000 1.480000
1772410336887682588 0.554977 1.308532 0.470004 0.868706 0.645609 0.905502 1.006899 1.398128 0.581156 0.907869 1.400000 1.480000
1772410336908008253 0.554977 1.308532 0.470004 0.868706 0.640886 0.904053 1.006899 1.398128 0.581156 0.907869 1.400000 1.480000
1772410336927768525 0.554977 1.308532 0.470004 0.868706 0.640886 0.904054 1.006899 1.398128 0.581156 0.907869 1.400000 1.480000
1772410336947968336 0.554977 1.308532 0.470004 0.868706 0.640886 0.904054 1.006899 1.398128 0.581156 0.907869 1.400000 1.480000
1772410336967496780 0.582395 1.297449 0.470004 0.868706 0.640886 0.904054 1.006899 1.398128 0.581156 0.907869 1.400000 1.480000
1772410336967785686 0.582395 1.297449 0.470004 0.868706 0.640886 0.904055 1.006899 1.398128 0.581156 0.907869 1.400000 1.480000
1772410336986647483 0.582395 1.297449 0.470004 0.868706 0.640886 0.904055 1.006899 1.398128 0.581156 0.907869 1.430000 1.490000
1772410336987549766 0.582395 1.297449 0.500002 0.878713 0.640886 0.904055 1.006899 1.398128 0.581156 0.907869 1.430000 1.490000
1772410336988006342 0.582395 1.297449 0.500002 0.878713 0.664419 0.904859 1.006899 1.398128 0.581156 0.907869 1.430000 1.490000
1772410336993126318 0.582395 1.297449 0.500002 0.878713 0.664419 0.904859 1.006828 1.400135 0.581156 0.907869 1.430000 1.490000
1772410337007883698 0.582395 1.297449 0.500002 0.878713 0.663275 0.903966 1.006828 1.400135 0.581156 0.907869 1.430000 1.490000
1772410337027634888 0.582395 1.297449 0.500002 0.878713 0.663275 0.903963 1.006828 1.400135 0.581156 0.907869 1.430000 1.490000
1772410337043397365 0.582395 1.297449 0.500002 0.878713 0.663275 0.903963 1.006828 1.400135 0.590025 0.905177 1.430000 1.490000
1772410337047790657 0.582395 1.297449 0.500002 0.878713 0.663275 0.903963 1.006828 1.400135 0.590025 0.905177 1.430000 1.490000
1772410337067825215 0.582395 1.297449 0.500002 0.878713 0.663275 0.903963 1.006828 1.400135 0.590025 0.905177 1.430000 1.490000
1772410337086450634 0.582395 1.297449 0.500002 0.878713 0.663275 0.903963 1.006828 1.400135 0.590025 0.905177 1.460000 1.490000
1772410337086491106 0.609618 1.286444 0.500002 0.878713 0.663275 0.903963 1.006828 1.400135 0.590025 0.905177 1.460000 1.490000
1772410337087063533 0.609618 1.286444 0.530002 0.878719 0.663275 0.903963 1.006828 1.400135 0.590025 0.905177 1.460000 1.490000
1772410337087638136 0.609618 1.286444 0.530002 0.878719 0.681110 0.903726 1.006828 1.400135 0.590025 0.905177 1.460000 1.490000
1772410337107911408 0.609618 1.286444 0.530002 0.878719 0.681110 0.903726 1.006828 1.400135 0.590025 0.905177 1.460000 1.490000
1772410337118519780 0.609618 1.286444 0.530002 0.878719 0.681110 0.903726 1.039649 1.399513 0.590025 0.905177 1.460000 1.490000
1772410337127635158 0.609618 1.286444 0.530002 0.878719 0.681110 0.903724 1.039649 1.399513 0.590025 0.905177 1.460000 1.490000
1772410337147922622 0.609618 1.286444 0.530002 0.878719 0.681110 0.903724 1.039649 1.399513 0.590025 0.905177 1.460000 1.490000
1772410337167769131 0.609618 1.286444 0.530002 0.878719 0.681110 0.903724 1.039649 1.399513 0.590025 0.905177 1.460000 1.490000
1772410337168672654 0.609618 1.286444 0.530002 0.878719 0.681110 0.903724 1.039649 1.399513 0.619192 0.906121 1.460000 1.490000
1772410337186341477 0.609618 1.286444 0.530002 0.878719 0.681110 0.903724 1.039649 1.399513 0.619192 0.906121 1.500000 1.480000
1772410337186368459 0.637190 1.275321 0.530002 0.878719 0.681110 0.903724 1.039649 1.399513 0.619192 0.906121 1.500000 1.480000
1772410337186825268 0.637190 1.275321 0.570004 0.868728 0.681110 0.903724 1.039649 1.399513 0.619192 0.906121 1.500000 1.480000
1772410337187529486 0.637190 1.275321 0.570004 0.868728 0.704908 0.903245 1.039649 1.399513 0.619192 0.906121 1.500000 1.480000
1772410337207608830 0.637190 1.275321 0.570004 0.868728 0.704908 0.903249 1.039649 1.399513 0.619192 0.906121 1.500000 1.480000
1772410337218815590 0.637190 1.275321 0.570004 0.868728 0.704908 0.903249 1.072966 1.398822 0.619192 0.906121 1.500000 1.480000
1772410337227702045 0.637190 1.275321 0.570004 0.868728 0.704908 0.903249 1.072966 1.398822 0.619192 0.906121 1.500000 1.480000
1772410337247842496 0.637190 1.275321 0.570004 0.868728 0.704908 0.903249 1.072966 1.398822 0.619192 0.906121 1.500000 1.480000
1772410337267818357 0.637190 1.275321 0.570004 0.868728 0.704908 0.903250 1.072966 1.398822 0.619192 0.906121 1.500000 1.480000
1772410337268859046 0.637190 1.275321 0.570004 0.868728 0.704908 0.903250 1.072966 1.398822 0.648735 0.906202 1.500000 1.480000
1772410337287192088 0.637190 1.275321 0.570004 0.868728 0.704908 0.903250 1.072966 1.398822 0.648735 0.906202 1.540000 1.490000
1772410337287661867 0.637190 1.275321 0.610002 0.878737 0.704908 0.903250 1.072966 1.398822 0.648735 0.906202 1.540000 1.490000
1772410337287694730 0.637190 1.275321 0.610002 0.878737 0.704908 0.903250 1.072966 1.398822 0.648735 0.906202 1.540000 1.490000
1772410337306481213 0.664480 1.264343 0.610002 0.878737 0.704908 0.903250 1.072966 1.398822 0.648735 0.906202 1.540000 1.490000
1772410337307558104 0.664480 1.264343 0.610002 0.878737 0.734323 0.903452 1.072966 1.398822 0.648735 0.906202 1.540000 1.490000
1772410337327740134 0.664480 1.264343 0.610002 0.878737 0.734323 0.903452 1.072966 1.398822 0.648735 0.906202 1.540000 1.490000
1772410337347915009 0.664480 1.264343 0.610002 0.878737 0.734323 0.903452 1.072966 1.398822 0.648735 0.906202 1.540000 1.490000
1772410337367708981 0.664480 1.264343 0.610002 0.878737 0.734323 0.903452 1.072966 1.398822 0.648735 0.906202 1.540000 1.490000
1772410337368219926 0.664480 1.264343 0.610002 0.878737 0.734323 0.903452 1.106128 1.398708 0.648735 0.906202 1.540000 1.490000
1772410337386840414 0.664480 1.264343 0.610002 0.878737 0.734323 0.903452 1.106128 1.398708 0.648735 0.906202 1.570000 1.480000
1772410337387332420 0.664480 1.264343 0.640004 0.868744 0.734323 0.903452 1.106128 1.398708 0.648735 0.906202 1.570000 1.480000
1772410337387526655 0.664480 1.264343 0.640004 0.868744 0.734323 0.903452 1.106128 1.398708 0.648735 0.906202 1.570000 1.480000
1772410337406335535 0.691730 1.253404 0.640004 0.868744 0.734323 0.903452 1.106128 1.398708 0.648735 0.906202 1.570000 1.480000
1772410337407727092 0.691730 1.253404 0.640004 0.868744 0.754980 0.902930 1.106128 1.398708 0.648735 0.906202 1.570000 1.480000
1772410337427633472 0.691730 1.253404 0.640004 0.868744 0.754980 0.902930 1.106128 1.398708 0.648735 0.906202 1.570000 1.480000
1772410337447503665 0.691730 1.253404 0.640004 0.868744 0.754980 0.902930 1.106128 1.398708 0.648735 0.906202 1.570000 1.480000
1772410337467998471 0.691730 1.253404 0.640004 0.868744 0.754980 0.902931 1.106128 1.398708 0.648735 0.906202 1.570000 1.480000
1772410337468834672 0.691730 1.253404 0.640004 0.868744 0.754980 0.902931 1.138917 1.398145 0.648735 0.906202 1.570000 1.480000
1772410337468860988 0.691730 1.253404 0.640004 0.868744 0.754980 0.902931 1.138917 1.398145 0.697747 0.906297 1.570000 1.480000
1772410337486574967 0.691730 1.253404 0.640004 0.868744 0.754980 0.902931 1.138917 1.398145 0.697747 0.906297 1.610000 1.490000
1772410337487096412 0.691730 1.253404 0.680002 0.878753 0.754980 0.902931 1.138917 1.398145 0.697747 0.906297 1.610000 1.490000
1772410337487701176 0.691730 1.253404 0.680002 0.878753 0.754980 0.902931 1.138917 1.398145 0.697747 0.906297 1.610000 1.490000
1772410337507758160 0.691730 1.253404 0.680002 0.878753 0.774474 0.902791 1.138917 1.398145 0.697747 0.906297 1.610000 1.490000
1772410337526401883 0.719237 1.242402 0.680002 0.878753 0.774474 0.902791 1.138917 1.398145 0.697747 0.906297 1.610000 1.490000
1772410337527573693 0.719237 1.242402 0.680002 0.878753 0.784277 0.903177 1.138917 1.398145 0.697747 0.906297 1.610000 1.490000
1772410337547837565 0.719237 1.242402 0.680002 0.878753 0.784277 0.903177 1.138917 1.398145 0.697747 0.906297 1.610000 1.490000
1772410337568019013 0.719237 1.242402 0.680002 0.878753 0.784277 0.903177 1.138917 1.398145 0.697747 0.906297 1.610000 1.490000
1772410337586701661 0.719237 1.242402 0.680002 0.878753 0.784277 0.903177 1.138917 1.398145 0.697747 0.906297 1.630000 1.470000
1772410337587545479 0.719237 1.242402 0.700007 0.858758 0.784277 0.903177 1.138917 1.398145 0.697747 0.906297 1.630000 1.470000
1772410337587839383 0.719237 1.242402 0.700007 0.858758 0.784277 0.903177 1.138917 1.398145 0.697747 0.906297 1.630000 1.470000
1772410337593386757 0.719237 1.242402 0.700007 0.858758 0.784277 0.903177 1.166524 1.398076 0.697747 0.906297 1.630000 1.470000
1772410337607767697 0.719237 1.242402 0.700007 0.858758 0.794959 0.901889 1.166524 1.398076 0.697747 0.906297 1.630000 1.470000
1772410337618822753 0.719237 1.242402 0.700007 0.858758 0.794959 0.901889 1.166524 1.398076 0.732024 0.904275 1.630000 1.470000
1772410337626432579 0.774224 1.220470 0.700007 0.858758 0.794959 0.901889 1.166524 1.398076 0.732024 0.904275 1.630000 1.470000
1772410337627605978 0.774224 1.220470 0.700007 0.858758 0.818435 0.902859 1.166524 1.398076 0.732024 0.904275 1.630000 1.470000
1772410337647742385 0.774224 1.220470 0.700007 0.858758 0.818435 0.902862 1.166524 1.398076 0.732024 0.904275 1.630000 1.470000
1772410337667863299 0.774224 1.220470 0.700007 0.858758 0.818435 0.902862 1.166524 1.398076 0.732024 0.904275 1.630000 1.470000
1772410337687230736 0.774224 1.220470 0.700007 0.858758 0.818435 0.902862 1.166524 1.398076 0.732024 0.904275 1.660000 1.440000
1772410337687447722 0.774224 1.220470 0.700007 0.858758 0.818435 0.902863 1.166524 1.398076 0.732024 0.904275 1.660000 1.440000
1772410337687487790 0.774224 1.220470 0.730013 0.828764 0.818435 0.902863 1.166524 1.398076 0.732024 0.904275 1.660000 1.440000
1772410337707433265 0.774224 1.220470 0.730013 0.828764 0.849254 0.901231 1.166524 1.398076 0.732024 0.904275 1.660000 1.440000
1772410337718377178 0.774224 1.220470 0.730013 0.828764 0.849254 0.901231 1.264059 1.396014 0.732024 0.904275 1.660000 1.440000
1772410337727687547 0.774224 1.220470 0.730013 0.828764 0.849254 0.901231 1.264059 1.396014 0.732024 0.904275 1.660000 1.440000
1772410337747899926 0.774224 1.220470 0.730013 0.828764 0.849254 0.901236 1.264059 1.396014 0.732024 0.904275 1.660000 1.440000
1772410337767889738 0.774224 1.220470 0.730013 0.828764 0.849254 0.901236 1.264059 1.396014 0.732024 0.904275 1.660000 1.440000
1772410337768907573 0.774224 1.220470 0.730013 0.828764 0.849254 0.901236 1.264059 1.396014 0.844495 0.908873 1.660000 1.440000
1772410337786983940 0.774224 1.220470 0.730013 0.828764 0.849254 0.901236 1.264059 1.396014 0.844495 0.908873 1.710000 1.440000
1772410337787692298 0.774224 1.220470 0.780013 0.828776 0.849254 0.901236 1.264059 1.396014 0.844495 0.908873 1.710000 1.440000
1772410337787756433 0.774224 1.220470 0.780013 0.828776 0.849254 0.901238 1.264059 1.396014 0.844495 0.908873 1.710000 1.440000
1772410337807732337 0.774224 1.220470 0.780013 0.828776 0.903009 0.900774 1.264059 1.396014 0.844495 0.908873 1.710000 1.440000
1772410337818866985 0.774224 1.220470 0.780013 0.828776 0.903009 0.900774 1.327586 1.395542 0.844495 0.908873 1.710000 1.440000
1772410337827611581 0.774224 1.220470 0.780013 0.828776 0.903009 0.900774 1.327586 1.395542 0.844495 0.908873 1.710000 1.440000
1772410337847110847 0.826440 1.199687 0.780013 0.828776 0.903009 0.900774 1.327586 1.395542 0.844495 0.908873 1.710000 1.440000
1772410337847787416 0.826440 1.199687 0.780013 0.828776 0.903009 0.900772 1.327586 1.395542 0.844495 0.908873 1.710000 1.440000
1772410337867898846 0.826440 1.199687 0.780013 0.828776 0.918180 0.901458 1.327586 1.395542 0.844495 0.908873 1.710000 1.440000
1772410337887461767 0.826440 1.199687 0.780013 0.828776 0.918180 0.901458 1.327586 1.395542 0.844495 0.908873 1.770000 1.460000
1772410337887762683 0.826440 1.199687 0.780013 0.828776 0.918180 0.901454 1.327586 1.395542 0.844495 0.908873 1.770000 1.460000
1772410337888143936 0.826440 1.199687 0.840009 0.848789 0.918180 0.901454 1.327586 1.395542 0.844495 0.908873 1.770000 1.460000
1772410337907852898 0.826440 1.199687 0.840009 0.848789 0.924822 0.899712 1.327586 1.395542 0.844495 0.908873 1.770000 1.460000
1772410337919084187 0.826440 1.199687 0.840009 0.848789 0.924822 0.899712 1.307315 1.396928 0.844495 0.908873 1.770000 1.460000
1772410337919134152 0.826440 1.199687 0.840009 0.848789 0.924822 0.899712 1.307315 1.396928 0.856423 0.900773 1.770000 1.460000
1772410337928094067 0.826440 1.199687 0.840009 0.848789 0.924822 0.899712 1.307315 1.396928 0.856423 0.900773 1.770000 1.460000
1772410337947980883 0.826440 1.199687 0.840009 0.848789 0.924822 0.899713 1.307315 1.396928 0.856423 0.900773 1.770000 1.460000
1772410337966811242 0.828689 1.198793 0.840009 0.848789 0.924822 0.899713 1.307315 1.396928 0.856423 0.900773 1.770000 1.460000
1772410337967755075 0.828689 1.198793 0.840009 0.848789 0.926426 0.899785 1.307315 1.396928 0.856423 0.900773 1.770000 1.460000
1772410337986580064 0.828689 1.198793 0.840009 0.848789 0.926426 0.899785 1.307315 1.396928 0.856423 0.900773 1.800000 1.480000
1772410337987407104 0.828689 1.198793 0.870004 0.868796 0.926426 0.899785 1.307315 1.396928 0.856423 0.900773 1.800000 1.480000
1772410337987967324 0.828689 1.198793 0.870004 0.868796 0.926426 0.899785 1.307315 1.396928 0.856423 0.900773 1.800000 1.480000
1772410338007809064 0.828689 1.198793 0.870004 0.868796 0.924465 0.898511 1.307315 1.396928 0.856423 0.900773 1.800000 1.480000
1772410338027913101 0.828689 1.198793 0.870004 0.868796 0.924465 0.898511 1.307315 1.396928 0.856423 0.900773 1.800000 1.480000
1772410338047627463 0.828689 1.198793 0.870004 0.868796 0.924465 0.898511 1.307315 1.396928 0.856423 0.900773 1.800000 1.480000
1772410338066360766 0.856125 1.187897 0.870004 0.868796 0.924465 0.898511 1.307315 1.396928 0.856423 0.900773 1.800000 1.480000
1772410338067604731 0.856125 1.187897 0.870004 0.868796 0.947992 0.899587 1.307315 1.396928 0.856423 0.900773 1.800000 1.480000
1772410338087815174 0.856125 1.187897 0.870004 0.868796 0.947992 0.899585 1.307315 1.396928 0.856423 0.900773 1.800000 1.480000
1772410338088541964 0.856125 1.187897 0.870004 0.868796 0.947992 0.899585 1.307315 1.396928 0.856423 0.900773 1.840000 1.500000
1772410338089229004 0.856125 1.187897 0.910000 0.888805 0.947992 0.899585 1.307315 1.396928 0.856423 0.900773 1.840000 1.500000
1772410338093445069 0.856125 1.187897 0.910000 0.888805 0.947992 0.899585 1.327586 1.397071 0.856423 0.900773 1.840000 1.500000
1772410338107786744 0.856125 1.187897 0.910000 0.888805 0.952131 0.899397 1.327586 1.397071 0.856423 0.900773 1.840000 1.500000
1772410338118552391 0.856125 1.187897 0.910000 0.888805 0.952131 0.899397 1.327586 1.397071 0.883716 0.899890 1.840000 1.500000
1772410338127733631 0.856125 1.187897 0.910000 0.888805 0.952131 0.899398 1.327586 1.397071 0.883716 0.899890 1.840000 1.500000
1772410338147577315 0.856125 1.187897 0.910000 0.888805 0.952131 0.899398 1.327586 1.397071 0.883716 0.899890 1.840000 1.500000
1772410338167818860 0.856125 1.187897 0.910000 0.888805 0.952131 0.899398 1.327586 1.397071 0.883716 0.899890 1.840000 1.500000
1772410338186677467 0.856125 1.187897 0.910000 0.888805 0.952131 0.899398 1.327586 1.397071 0.883716 0.899890 1.840000 1.480000
1772410338186748038 0.911253 1.166034 0.910000 0.888805 0.952131 0.899398 1.327586 1.397071 0.883716 0.899890 1.840000 1.480000
1772410338187397380 0.911253 1.166034 0.910004 0.868805 0.952131 0.899398 1.327586 1.397071 0.883716 0.899890 1.840000 1.480000
1772410338187850137 0.911253 1.166034 0.910004 0.868805 1.001368 0.901701 1.327586 1.397071 0.883716 0.899890 1.840000 1.480000
1772410338207771257 0.911253 1.166034 0.910004 0.868805 0.997614 0.900350 1.327586 1.397071 0.883716 0.899890 1.840000 1.480000
1772410338227542264 0.911253 1.166034 0.910004 0.868805 0.997615 0.900342 1.327586 1.397071 0.883716 0.899890 1.840000 1.480000
1772410338243495007 0.911253 1.166034 0.910004 0.868805 0.997615 0.900342 1.327586 1.397071 0.971106 0.905261 1.840000 1.480000
1772410338243509963 0.911253 1.166034 0.910004 0.868805 0.997615 0.900342 1.425775 1.395550 0.971106 0.905261 1.840000 1.480000
1772410338247805314 0.911253 1.166034 0.910004 0.868805 0.997615 0.900342 1.425775 1.395550 0.971106 0.905261 1.840000 1.480000
1772410338267888988 0.911253 1.166034 0.910004 0.868805 0.997615 0.900342 1.425775 1.395550 0.971106 0.905261 1.840000 1.480000
1772410338287721966 0.911253 1.166034 0.910004 0.868805 0.997615 0.900342 1.425775 1.395550 0.971106 0.905261 1.840000 1.480000
1772410338308121746 0.911253 1.166034 0.910004 0.868805 0.997615 0.900342 1.425775 1.395550 0.971106 0.905261 1.840000 1.480000
1772410338327746259 0.911253 1.166034 0.910004 0.868805 0.997615 0.900342 1.425775 1.395550 0.971106 0.905261 1.840000 1.480000
1772410338336382494 0.911253 1.166034 0.910004 0.868805 0.997615 0.900342 1.425775 1.395550 0.971106 0.905261 1.860000 1.450000
1772410338336894864 0.911253 1.166034 0.930011 0.838810 0.997615 0.900342 1.425775 1.395550 0.971106 0.905261 1.860000 1.450000
1772410338347767919 0.911253 1.166034 0.930011 0.838810 1.042384 0.900080 1.425775 1.395550 0.971106 0.905261 1.860000 1.450000
1772410338367753858 0.911253 1.166034 0.930011 0.838810 1.042384 0.900084 1.425775 1.395550 0.971106 0.905261 1.860000 1.450000
1772410338368432757 0.911253 1.166034 0.930011 0.838810 1.042384 0.900084 1.425775 1.395550 1.036268 0.906498 1.860000 1.450000
1772410338368446592 0.911253 1.166034 0.930011 0.838810 1.042384 0.900084 1.491370 1.395191 1.036268 0.906498 1.860000 1.450000
1772410338388028512 0.911253 1.166034 0.930011 0.838810 1.042384 0.900084 1.491370 1.395191 1.036268 0.906498 1.860000 1.450000
1772410338407798930 0.911253 1.166034 0.930011 0.838810 1.042384 0.900084 1.491370 1.395191 1.036268 0.906498 1.860000 1.450000
1772410338427697710 0.911253 1.166034 0.930011 0.838810 1.042384 0.900084 1.491370 1.395191 1.036268 0.906498 1.860000 1.450000
1772410338447879755 0.911253 1.166034 0.930011 0.838810 1.042384 0.900084 1.491370 1.395191 1.036268 0.906498 1.860000 1.450000
1772410338468093282 0.911253 1.166034 0.930011 0.838810 1.042384 0.900084 1.491370 1.395191 1.036268 0.906498 1.860000 1.450000
1772410338469019920 0.911253 1.166034 0.930011 0.838810 1.042384 0.900084 1.491370 1.395191 1.093838 0.911659 1.860000 1.450000
1772410338469037777 0.911253 1.166034 0.930011 0.838810 1.042384 0.900084 1.545499 1.394921 1.093838 0.911659 1.860000 1.450000
1772410338478332360 0.911253 1.166034 0.930011 0.838810 1.042384 0.900084 1.545499 1.394921 1.093838 0.911659 1.900000 1.480000
1772410338478566059 0.938452 1.155254 0.930011 0.838810 1.042384 0.900084 1.545499 1.394921 1.093838 0.911659 1.900000 1.480000
1772410338478863333 0.938452 1.155254 0.970004 0.868819 1.042384 0.900084 1.545499 1.394921 1.093838 0.911659 1.900000 1.480000
1772410338487712919 0.938452 1.155254 0.970004 0.868819 1.054771 0.899583 1.545499 1.394921 1.093838 0.911659 1.900000 1.480000
1772410338488284451 0.938452 1.155254 0.970004 0.868819 1.054771 0.899583 1.545499 1.394921 1.093838 0.911659 1.950000 1.500000
1772410338488759513 0.938452 1.155254 1.020000 0.888830 1.054771 0.899583 1.545499 1.394921 1.093838 0.911659 1.950000 1.500000
1772410338507896721 0.938452 1.155254 1.020000 0.888830 1.063696 0.899682 1.545499 1.394921 1.093838 0.911659 1.950000 1.500000
1772410338527730064 0.938452 1.155254 1.020000 0.888830 1.063696 0.899682 1.545499 1.394921 1.093838 0.911659 1.950000 1.500000
1772410338547993176 0.938452 1.155254 1.020000 0.888830 1.063696 0.899682 1.545499 1.394921 1.093838 0.911659 1.950000 1.500000
1772410338556334353 0.965997 1.144346 1.020000 0.888830 1.063696 0.899682 1.545499 1.394921 1.093838 0.911659 1.950000 1.500000
1772410338567829924 0.965997 1.144346 1.020000 0.888830 1.069486 0.899979 1.545499 1.394921 1.093838 0.911659 1.950000 1.500000
1772410338587883473 0.965997 1.144346 1.020000 0.888830 1.069486 0.899979 1.545499 1.394921 1.093838 0.911659 1.950000 1.500000
1772410338593395095 0.965997 1.144346 1.020000 0.888830 1.069486 0.899979 1.509630 1.395785 1.093838 0.911659 1.950000 1.500000
1772410338593409356 0.965997 1.144346 1.020000 0.888830 1.069486 0.899979 1.509630 1.395785 1.050633 0.904285 1.950000 1.500000
1772410338607810750 0.965997 1.144346 1.020000 0.888830 1.069486 0.899979 1.509630 1.395785 1.050633 0.904285 1.950000 1.500000
1772410338617337561 0.965997 1.144346 1.020000 0.888830 1.069486 0.899979 1.509630 1.395785 1.050633 0.904285 1.940000 1.490000
1772410338617903834 0.965997 1.144346 1.010002 0.878828 1.069486 0.899979 1.509630 1.395785 1.050633 0.904285 1.940000 1.490000
1772410338626296799 0.993398 1.133502 1.010002 0.878828 1.069486 0.899979 1.509630 1.395785 1.050633 0.904285 1.940000 1.490000
1772410338627626313 0.993398 1.133502 1.010002 0.878828 1.099650 0.900850 1.509630 1.395785 1.050633 0.904285 1.940000 1.490000
1772410338647896481 0.993398 1.133502 1.010002 0.878828 1.099650 0.900850 1.509630 1.395785 1.050633 0.904285 1.940000 1.490000
1772410338667997472 0.993398 1.133502 1.010002 0.878828 1.099650 0.900850 1.509630 1.395785 1.050633 0.904285 1.940000 1.490000
1772410338688004203 0.993398 1.133502 1.010002 0.878828 1.099650 0.900850 1.509630 1.395785 1.050633 0.904285 1.940000 1.490000
1772410338693767516 0.993398 1.133502 1.010002 0.878828 1.099650 0.900850 1.536486 1.395589 1.050633 0.904285 1.940000 1.490000
1772410338693835072 0.993398 1.133502 1.010002 0.878828 1.099650 0.900850 1.536486 1.395589 1.074018 0.904758 1.940000 1.490000
1772410338708074032 0.993398 1.133502 1.010002 0.878828 1.099650 0.900850 1.536486 1.395589 1.074018 0.904758 1.940000 1.490000
1772410338728047405 0.993398 1.133502 1.010002 0.878828 1.099650 0.900850 1.536486 1.395589 1.074018 0.904758 1.940000 1.490000
1772410338747873524 0.993398 1.133502 1.010002 0.878828 1.099650 0.900850 1.536486 1.395589 1.074018 0.904758 1.940000 1.490000
1772410338750824088 0.993398 1.133502 1.010002 0.878828 1.099650 0.900850 1.536486 1.395589 1.074018 0.904758 1.960000 1.480000
1772410338751036882 1.020752 1.122685 1.010002 0.878828 1.099650 0.900850 1.536486 1.395589 1.074018 0.904758 1.960000 1.480000
1772410338751650205 1.020752 1.122685 1.030004 0.868832 1.099650 0.900850 1.536486 1.395589 1.074018 0.904758 1.960000 1.480000
1772410338767872991 1.020752 1.122685 1.030004 0.868832 1.125075 0.901042 1.536486 1.395589 1.074018 0.904758 1.960000 1.480000
1772410338786696508 1.020752 1.122685 1.030004 0.868832 1.125075 0.901042 1.536486 1.395589 1.074018 0.904758 2.000000 1.470000
1772410338787050600 1.020752 1.122685 1.070007 0.858841 1.125075 0.901042 1.536486 1.395589 1.074018 0.904758 2.000000 1.470000
1772410338787568041 1.020752 1.122685 1.070007 0.858841 1.139971 0.900267 1.536486 1.395589 1.074018 0.904758 2.000000 1.470000
1772410338807761422 1.020752 1.122685 1.070007 0.858841 1.139971 0.900270 1.536486 1.395589 1.074018 0.904758 2.000000 1.470000
1772410338818571993 1.020752 1.122685 1.070007 0.858841 1.139971 0.900270 1.576498 1.395318 1.074018 0.904758 2.000000 1.470000
1772410338818613870 1.020752 1.122685 1.070007 0.858841 1.139971 0.900270 1.576498 1.395318 1.109653 0.902603 2.000000 1.470000
1772410338828099866 1.020752 1.122685 1.070007 0.858841 1.139971 0.900270 1.576498 1.395318 1.109653 0.902603 2.000000 1.470000
1772410338847716805 1.020752 1.122685 1.070007 0.858841 1.139971 0.900270 1.576498 1.395318 1.109653 0.902603 2.000000 1.470000
1772410338865124057 1.048451 1.111739 1.070007 0.858841 1.139971 0.900270 1.576498 1.395318 1.109653 0.902603 2.000000 1.470000
1772410338867678753 1.048451 1.111739 1.070007 0.858841 1.154776 0.901044 1.576498 1.395318 1.109653 0.902603 2.000000 1.470000
1772410338886841909 1.048451 1.111739 1.070007 0.858841 1.154776 0.901044 1.576498 1.395318 1.109653 0.902603 2.040000 1.460000
1772410338887689537 1.048451 1.111739 1.110009 0.848850 1.154776 0.901044 1.576498 1.395318 1.109653 0.902603 2.040000 1.460000
1772410338887756604 1.048451 1.111739 1.110009 0.848850 1.154776 0.901044 1.576498 1.395318 1.109653 0.902603 2.040000 1.460000
1772410338907787774 1.048451 1.111739 1.110009 0.848850 1.162563 0.899482 1.576498 1.395318 1.109653 0.902603 2.040000 1.460000
1772410338918590773 1.048451 1.111739 1.110009 0.848850 1.162563 0.899482 1.598324 1.395306 1.109653 0.902603 2.040000 1.460000
1772410338918664485 1.048451 1.111739 1.110009 0.848850 1.162563 0.899482 1.598324 1.395306 1.132245 0.900847 2.040000 1.460000
1772410338927828758 1.048451 1.111739 1.110009 0.848850 1.162563 0.899482 1.598324 1.395306 1.132245 0.900847 2.040000 1.460000
1772410338947059657 1.075811 1.100935 1.110009 0.848850 1.162563 0.899482 1.598324 1.395306 1.132245 0.900847 2.040000 1.460000
1772410338947646568 1.075811 1.100935 1.110009 0.848850 1.180110 0.900431 1.598324 1.395306 1.132245 0.900847 2.040000 1.460000
1772410338967850208 1.075811 1.100935 1.110009 0.848850 1.180110 0.900431 1.598324 1.395306 1.132245 0.900847 2.040000 1.460000
1772410338987888215 1.075811 1.100935 1.110009 0.848850 1.180110 0.900431 1.598324 1.395306 1.132245 0.900847 2.040000 1.460000
1772410339007872295 1.075811 1.100935 1.110009 0.848850 1.180110 0.900431 1.598324 1.395306 1.132245 0.900847 2.040000 1.460000
1772410339018657154 1.075811 1.100935 1.110009 0.848850 1.180110 0.900431 1.630794 1.395107 1.132245 0.900847 2.040000 1.460000
1772410339018767020 1.075811 1.100935 1.110009 0.848850 1.180110 0.900431 1.630794 1.395107 1.163809 0.903663 2.040000 1.460000
1772410339027961190 1.075811 1.100935 1.110009 0.848850 1.180110 0.900431 1.630794 1.395107 1.163809 0.903663 2.040000 1.460000
1772410339047673049 1.075811 1.100935 1.110009 0.848850 1.180110 0.900431 1.630794 1.395107 1.163809 0.903663 2.040000 1.460000
1772410339067921644 1.075811 1.100935 1.110009 0.848850 1.180110 0.900431 1.630794 1.395107 1.163809 0.903663 2.040000 1.460000
1772410339078372883 1.075811 1.100935 1.110009 0.848850 1.180110 0.900431 1.630794 1.395107 1.163809 0.903663 2.070000 1.470000
1772410339078439105 1.103423 1.090054 1.110009 0.848850 1.180110 0.900431 1.630794 1.395107 1.163809 0.903663 2.070000 1.470000
1772410339078922367 1.103423 1.090054 1.140007 0.858857 1.180110 0.900431 1.630794 1.395107 1.163809 0.903663 2.070000 1.470000
1772410339086853246 1.103423 1.090054 1.140007 0.858857 1.180110 0.900431 1.630794 1.395107 1.163809 0.903663 2.100000 1.470000
1772410339087321736 1.103423 1.090054 1.170007 0.858864 1.180110 0.900431 1.630794 1.395107 1.163809 0.903663 2.100000 1.470000
1772410339087551229 1.103423 1.090054 1.170007 0.858864 1.206957 0.900332 1.630794 1.395107 1.163809 0.903663 2.100000 1.470000
1772410339107575453 1.103423 1.090054 1.170007 0.858864 1.210413 0.898973 1.630794 1.395107 1.163809 0.903663 2.100000 1.470000
1772410339127577745 1.103423 1.090054 1.170007 0.858864 1.210413 0.898973 1.630794 1.395107 1.163809 0.903663 2.100000 1.470000
1772410339143178304 1.103423 1.090054 1.170007 0.858864 1.210413 0.898973 1.658599 1.395078 1.163809 0.903663 2.100000 1.470000
1772410339143240624 1.103423 1.090054 1.170007 0.858864 1.210413 0.898973 1.658599 1.395078 1.191137 0.899962 2.100000 1.470000
1772410339147531196 1.103423 1.090054 1.170007 0.858864 1.210413 0.898974 1.658599 1.395078 1.191137 0.899962 2.100000 1.470000
1772410339167665078 1.103423 1.090054 1.170007 0.858864 1.210413 0.898974 1.658599 1.395078 1.191137 0.899962 2.100000 1.470000
1772410339168384173 1.156622 1.069182 1.170007 0.858864 1.210413 0.898974 1.658599 1.395078 1.191137 0.899962 2.100000 1.470000
1772410339186427737 1.156622 1.069182 1.170007 0.858864 1.210413 0.898974 1.658599 1.395078 1.191137 0.899962 2.130000 1.470000
1772410339187027436 1.156622 1.069182 1.200007 0.858870 1.210413 0.898974 1.658599 1.395078 1.191137 0.899962 2.130000 1.470000
1772410339187616638 1.156622 1.069182 1.200007 0.858870 1.264583 0.900466 1.658599 1.395078 1.191137 0.899962 2.130000 1.470000
1772410339207756301 1.156622 1.069182 1.200007 0.858870 1.264583 0.900466 1.658599 1.395078 1.191137 0.899962 2.130000 1.470000
1772410339227486019 1.156622 1.069182 1.200007 0.858870 1.264584 0.900461 1.658599 1.395078 1.191137 0.899962 2.130000 1.470000
1772410339247576731 1.156622 1.069182 1.200007 0.858870 1.264583 0.900465 1.658599 1.395078 1.191137 0.899962 2.130000 1.470000
1772410339267859661 1.156622 1.069182 1.200007 0.858870 1.264583 0.900465 1.658599 1.395078 1.191137 0.899962 2.130000 1.470000
1772410339268605211 1.156622 1.069182 1.200007 0.858870 1.264583 0.900465 1.751274 1.394426 1.191137 0.899962 2.130000 1.470000
1772410339268649790 1.156622 1.069182 1.200007 0.858870 1.264583 0.900465 1.751274 1.394426 1.278862 0.904858 2.130000 1.470000
1772410339287860761 1.156622 1.069182 1.200007 0.858870 1.264583 0.900465 1.751274 1.394426 1.278862 0.904858 2.130000 1.470000
1772410339307808217 1.156622 1.069182 1.200007 0.858870 1.264583 0.900465 1.751274 1.394426 1.278862 0.904858 2.130000 1.470000
1772410339325352743 1.156622 1.069182 1.200007 0.858870 1.264583 0.900465 1.751274 1.394426 1.278862 0.904858 2.150000 1.480000
1772410339325678766 1.156622 1.069182 1.220004 0.868875 1.264583 0.900465 1.751274 1.394426 1.278862 0.904858 2.150000 1.480000
1772410339327573679 1.156622 1.069182 1.220004 0.868875 1.317654 0.902697 1.751274 1.394426 1.278862 0.904858 2.150000 1.480000
1772410339348026137 1.156622 1.069182 1.220004 0.868875 1.317654 0.902697 1.751274 1.394426 1.278862 0.904858 2.150000 1.480000
1772410339368100913 1.156622 1.069182 1.220004 0.868875 1.317654 0.902697 1.751274 1.394426 1.278862 0.904858 2.150000 1.480000
1772410339368964756 1.156622 1.069182 1.220004 0.868875 1.317654 0.902697 1.812122 1.394433 1.278862 0.904858 2.150000 1.480000
1772410339386536748 1.167681 1.064952 1.220004 0.868875 1.317654 0.902697 1.812122 1.394433 1.278862 0.904858 2.150000 1.480000
1772410339386601382 1.167681 1.064952 1.220004 0.868875 1.317654 0.902697 1.812122 1.394433 1.278862 0.904858 2.180000 1.470000
1772410339387270432 1.167681 1.064952 1.250007 0.858882 1.317654 0.902697 1.812122 1.394433 1.278862 0.904858 2.180000 1.470000
1772410339387789228 1.167681 1.064952 1.250007 0.858882 1.323004 0.903175 1.812122 1.394433 1.278862 0.904858 2.180000 1.470000
1772410339407886391 1.167681 1.064952 1.250007 0.858882 1.320136 0.901427 1.812122 1.394433 1.278862 0.904858 2.180000 1.470000
1772410339419362056 1.167681 1.064952 1.250007 0.858882 1.320136 0.901427 1.812122 1.394433 1.255615 0.897771 2.180000 1.470000
1772410339427741733 1.167681 1.064952 1.250007 0.858882 1.320136 0.901427 1.812122 1.394433 1.255615 0.897771 2.180000 1.470000
1772410339447902108 1.167681 1.064952 1.250007 0.858882 1.320136 0.901427 1.812122 1.394433 1.255615 0.897771 2.180000 1.470000
1772410339467916321 1.167681 1.064952 1.250007 0.858882 1.320136 0.901427 1.812122 1.394433 1.255615 0.897771 2.180000 1.470000
1772410339487866246 1.167681 1.064952 1.250007 0.858882 1.320136 0.901427 1.812122 1.394433 1.255615 0.897771 2.180000 1.470000
1772410339493767065 1.167681 1.064952 1.250007 0.858882 1.320136 0.901427 1.752733 1.395154 1.255615 0.897771 2.180000 1.470000
1772410339507869801 1.167681 1.064952 1.250007 0.858882 1.320136 0.901427 1.752733 1.395154 1.255615 0.897771 2.180000 1.470000
1772410339509523234 1.167681 1.064952 1.250007 0.858882 1.320136 0.901427 1.752733 1.395154 1.255615 0.897771 2.210000 1.480000
1772410339509540387 1.168076 1.064807 1.250007 0.858882 1.320136 0.901427 1.752733 1.395154 1.255615 0.897771 2.210000 1.480000
1772410339510337917 1.168076 1.064807 1.280004 0.868888 1.320136 0.901427 1.752733 1.395154 1.255615 0.897771 2.210000 1.480000
1772410339527908996 1.168076 1.064807 1.280004 0.868888 1.323791 0.900586 1.752733 1.395154 1.255615 0.897771 2.210000 1.480000
1772410339547723967 1.168076 1.064807 1.280004 0.868888 1.323791 0.900586 1.752733 1.395154 1.255615 0.897771 2.210000 1.480000
1772410339567532653 1.168076 1.064807 1.280004 0.868888 1.323791 0.900586 1.752733 1.395154 1.255615 0.897771 2.210000 1.480000
1772410339568089274 1.168076 1.064807 1.280004 0.868888 1.323791 0.900586 1.752733 1.395154 1.253855 0.895389 2.210000 1.480000
1772410339587833597 1.168076 1.064807 1.280004 0.868888 1.323791 0.900586 1.752733 1.395154 1.253855 0.895389 2.210000 1.480000
1772410339608054521 1.168076 1.064807 1.280004 0.868888 1.323791 0.900586 1.752733 1.395154 1.253855 0.895389 2.210000 1.480000
1772410339618641610 1.168076 1.064807 1.280004 0.868888 1.323791 0.900586 1.749973 1.395165 1.253855 0.895389 2.210000 1.480000
1772410339628026980 1.168076 1.064807 1.280004 0.868888 1.323791 0.900586 1.749973 1.395165 1.253855 0.895389 2.210000 1.480000
1772410339648033588 1.168076 1.064807 1.280004 0.868888 1.323791 0.900586 1.749973 1.395165 1.253855 0.895389 2.210000 1.480000
1772410339667658813 1.168076 1.064807 1.280004 0.868888 1.323791 0.900586 1.749973 1.395165 1.253855 0.895389 2.210000 1.480000
1772410339667992595 1.168076 1.064807 1.280004 0.868888 1.323791 0.900586 1.749973 1.395165 1.246405 0.894509 2.210000 1.480000
1772410339673810575 1.168076 1.064807 1.280004 0.868888 1.323791 0.900586 1.749973 1.395165 1.246405 0.894509 2.240000 1.480000
1772410339674133957 1.167779 1.064913 1.280004 0.868888 1.323791 0.900586 1.749973 1.395165 1.246405 0.894509 2.240000 1.480000
1772410339674589747 1.167779 1.064913 1.310004 0.868895 1.323791 0.900586 1.749973 1.395165 1.246405 0.894509 2.240000 1.480000
1772410339687733467 1.167779 1.064913 1.310004 0.868895 1.322947 0.899314 1.749973 1.395165 1.246405 0.894509 2.240000 1.480000
1772410339688959092 1.167779 1.064913 1.310004 0.868895 1.322947 0.899314 1.749973 1.395165 1.246405 0.894509 2.260000 1.480000
1772410339689598854 1.167779 1.064913 1.330004 0.868900 1.322947 0.899314 1.749973 1.395165 1.246405 0.894509 2.260000 1.480000
1772410339707747345 1.167779 1.064913 1.330004 0.868900 1.322977 0.898115 1.749973 1.395165 1.246405 0.894509 2.260000 1.480000
1772410339726508211 1.167828 1.064896 1.330004 0.868900 1.322977 0.898115 1.749973 1.395165 1.246405 0.894509 2.260000 1.480000
1772410339727632217 1.167828 1.064896 1.330004 0.868900 1.322995 0.898117 1.749973 1.395165 1.246405 0.894509 2.260000 1.480000
1772410339747749996 1.167828 1.064896 1.330004 0.868900 1.322995 0.898117 1.749973 1.395165 1.246405 0.894509 2.260000 1.480000
1772410339767766599 1.167828 1.064896 1.330004 0.868900 1.322995 0.898117 1.749973 1.395165 1.246405 0.894509 2.260000 1.480000
1772410339768045289 1.167828 1.064896 1.330004 0.868900 1.322995 0.898117 1.748833 1.395079 1.246405 0.894509 2.260000 1.480000
1772410339786735788 1.167828 1.064896 1.330004 0.868900 1.322995 0.898117 1.748833 1.395079 1.246405 0.894509 2.290000 1.480000
1772410339787692546 1.167828 1.064896 1.360004 0.868906 1.322995 0.898117 1.748833 1.395079 1.246405 0.894509 2.290000 1.480000
1772410339787777344 1.167828 1.064896 1.360004 0.868906 1.322995 0.898117 1.748833 1.395079 1.246405 0.894509 2.290000 1.480000
1772410339807877151 1.167828 1.064896 1.360004 0.868906 1.324469 0.896975 1.748833 1.395079 1.246405 0.894509 2.290000 1.480000
1772410339827904208 1.167828 1.064896 1.360004 0.868906 1.324469 0.896975 1.748833 1.395079 1.246405 0.894509 2.290000 1.480000
1772410339831500791 1.167828 1.064896 1.360004 0.868906 1.324469 0.896975 1.748833 1.395079 1.246405 0.894509 2.290000 1.480000
1772410339847823638 1.167828 1.064896 1.360004 0.868906 1.324469 0.896975 1.748833 1.395079 1.246405 0.894509 2.290000 1.480000
1772410339867586493 1.167828 1.064896 1.360004 0.868906 1.324469 0.896975 1.748833 1.395079 1.246405 0.894509 2.290000 1.480000
1772410339868092034 1.167828 1.064896 1.360004 0.868906 1.324469 0.896975 1.748833 1.395079 1.265826 0.889606 2.290000 1.480000
1772410339868119989 1.167828 1.064896 1.360004 0.868906 1.324469 0.896975 1.749864 1.395035 1.265826 0.889606 2.290000 1.480000
1772410339887873264 1.167828 1.064896 1.360004 0.868906 1.324469 0.896975 1.749864 1.395035 1.265826 0.889606 2.290000 1.480000
1772410339907924782 1.167828 1.064896 1.360004 0.868906 1.324469 0.896975 1.749864 1.395035 1.265826 0.889606 2.290000 1.480000
1772410339927812051 1.167828 1.064896 1.360004 0.868906 1.324469 0.896975 1.749864 1.395035 1.265826 0.889606 2.290000 1.480000
1772410339935598588 1.167828 1.064896 1.360004 0.868906 1.324469 0.896975 1.749864 1.395035 1.265826 0.889606 2.320000 1.470000
1772410339936300273 1.167828 1.064896 1.390007 0.858913 1.324469 0.896975 1.749864 1.395035 1.265826 0.889606 2.320000 1.470000
1772410339946423142 1.167828 1.064896 1.390007 0.858913 1.324469 0.896975 1.749864 1.395035 1.265826 0.889606 2.320000 1.470000
1772410339947588224 1.167828 1.064896 1.390007 0.858913 1.327059 0.895471 1.749864 1.395035 1.265826 0.889606 2.320000 1.470000
1772410339968005316 1.167828 1.064896 1.390007 0.858913 1.327059 0.895471 1.749864 1.395035 1.265826 0.889606 2.320000 1.470000
1772410339987892432 1.167828 1.064896 1.390007 0.858913 1.327059 0.895471 1.749864 1.395035 1.265826 0.889606 2.320000 1.470000
1772410339989047412 1.167828 1.064896 1.390007 0.858913 1.327059 0.895471 1.749864 1.395035 1.265826 0.889606 2.360000 1.470000
1772410339989669089 1.167828 1.064896 1.430007 0.858922 1.327059 0.895471 1.749864 1.395035 1.265826 0.889606 2.360000 1.470000
1772410339993184530 1.167828 1.064896 1.430007 0.858922 1.327059 0.895471 1.749649 1.394991 1.265826 0.889606 2.360000 1.470000
1772410340007753536 1.167828 1.064896 1.430007 0.858922 1.331164 0.894013 1.749649 1.394991 1.265826 0.889606 2.360000 1.470000
1772410340018630663 1.167828 1.064896 1.430007 0.858922 1.331164 0.894013 1.749649 1.394991 1.284860 0.885535 2.360000 1.470000
1772410340027825828 1.167828 1.064896 1.430007 0.858922 1.331164 0.894013 1.749649 1.394991 1.284860 0.885535 2.360000 1.470000
1772410340047777288 1.167828 1.064896 1.430007 0.858922 1.331164 0.894013 1.749649 1.394991 1.284860 0.885535 2.360000 1.470000
1772410340051615454 1.167779 1.064913 1.430007 0.858922 1.331164 0.894013 1.749649 1.394991 1.284860 0.885535 2.360000 1.470000
1772410340067965582 1.167779 1.064913 1.430007 0.858922 1.331132 0.894011 1.749649 1.394991 1.284860 0.885535 2.360000 1.470000
1772410340086610232 1.167779 1.064913 1.430007 0.858922 1.331132 0.894011 1.749649 1.394991 1.284860 0.885535 2.390000 1.470000
1772410340087119022 1.167779 1.064913 1.460007 0.858929 1.331132 0.894011 1.749649 1.394991 1.284860 0.885535 2.390000 1.470000
1772410340087676614 1.167779 1.064913 1.460007 0.858929 1.331132 0.894011 1.749649 1.394991 1.284860 0.885535 2.390000 1.470000
1772410340093257723 1.167779 1.064913 1.460007 0.858929 1.331132 0.894011 1.750058 1.394964 1.284860 0.885535 2.390000 1.470000
1772410340107984314 1.167779 1.064913 1.460007 0.858929 1.336291 0.892599 1.750058 1.394964 1.284860 0.885535 2.390000 1.470000
1772410340127917449 1.167779 1.064913 1.460007 0.858929 1.336291 0.892599 1.750058 1.394964 1.284860 0.885535 2.390000 1.470000
1772410340147856766 1.167779 1.064913 1.460007 0.858929 1.336291 0.892599 1.750058 1.394964 1.284860 0.885535 2.390000 1.470000
1772410340168069669 1.167779 1.064913 1.460007 0.858929 1.336291 0.892599 1.750058 1.394964 1.284860 0.885535 2.390000 1.470000
1772410340169103764 1.167779 1.064913 1.460007 0.858929 1.336291 0.892599 1.750058 1.394964 1.296277 0.883637 2.390000 1.470000
1772410340186762235 1.167779 1.064913 1.460007 0.858929 1.336291 0.892599 1.750058 1.394964 1.296277 0.883637 2.420000 1.470000
1772410340187218134 1.167779 1.064913 1.490007 0.858936 1.336291 0.892599 1.750058 1.394964 1.296277 0.883637 2.420000 1.470000
1772410340187613522 1.167779 1.064913 1.490007 0.858936 1.336291 0.892599 1.750058 1.394964 1.296277 0.883637 2.420000 1.470000
1772410340207812367 1.167779 1.064913 1.490007 0.858936 1.342321 0.891264 1.750058 1.394964 1.296277 0.883637 2.420000 1.470000
1772410340218433587 1.167779 1.064913 1.490007 0.858936 1.342321 0.891264 1.746939 1.394881 1.296277 0.883637 2.420000 1.470000
1772410340227873724 1.167779 1.064913 1.490007 0.858936 1.342321 0.891264 1.746939 1.394881 1.296277 0.883637 2.420000 1.470000
1772410340247678523 1.167779 1.064913 1.490007 0.858936 1.342321 0.891265 1.746939 1.394881 1.296277 0.883637 2.420000 1.470000
1772410340267594076 1.167779 1.064913 1.490007 0.858936 1.342321 0.891265 1.746939 1.394881 1.296277 0.883637 2.420000 1.470000
1772410340280787051 1.167730 1.064932 1.490007 0.858936 1.342321 0.891265 1.746939 1.394881 1.296277 0.883637 2.420000 1.470000
1772410340286697733 1.167730 1.064932 1.490007 0.858936 1.342321 0.891265 1.746939 1.394881 1.296277 0.883637 2.450000 1.460000
1772410340287231421 1.167730 1.064932 1.520009 0.848942 1.342321 0.891265 1.746939 1.394881 1.296277 0.883637 2.450000 1.460000
1772410340287368961 1.167730 1.064932 1.520009 0.848942 1.342302 0.891265 1.746939 1.394881 1.296277 0.883637 2.450000 1.460000
1772410340307665884 1.167730 1.064932 1.520009 0.848942 1.349387 0.889576 1.746939 1.394881 1.296277 0.883637 2.450000 1.460000
1772410340318467434 1.167730 1.064932 1.520009 0.848942 1.349387 0.889576 1.746939 1.394881 1.323204 0.879658 2.450000 1.460000
1772410340318514177 1.167730 1.064932 1.520009 0.848942 1.349387 0.889576 1.750216 1.394923 1.323204 0.879658 2.450000 1.460000
1772410340327739637 1.167730 1.064932 1.520009 0.848942 1.349387 0.889576 1.750216 1.394923 1.323204 0.879658 2.450000 1.460000
1772410340347712802 1.167730 1.064932 1.520009 0.848942 1.349387 0.889576 1.750216 1.394923 1.323204 0.879658 2.450000 1.460000
1772410340367602929 1.167730 1.064932 1.520009 0.848942 1.349387 0.889576 1.750216 1.394923 1.323204 0.879658 2.450000 1.460000
1772410340386807158 1.167730 1.064932 1.520009 0.848942 1.349387 0.889576 1.750216 1.394923 1.323204 0.879658 2.450000 1.460000
1772410340386839767 1.167634 1.064977 1.520009 0.848942 1.349387 0.889576 1.750216 1.394923 1.323204 0.879658 2.450000 1.460000
1772410340387096819 1.167634 1.064977 1.520009 0.848942 1.349387 0.889576 1.750216 1.394923 1.323204 0.879658 2.450000 1.460000
1772410340387577866 1.167634 1.064977 1.520009 0.848942 1.356166 0.887955 1.750216 1.394923 1.323204 0.879658 2.450000 1.460000
1772410340407733809 1.167634 1.064977 1.520009 0.848942 1.356166 0.887955 1.750216 1.394923 1.323204 0.879658 2.450000 1.460000
1772410340418573718 1.167634 1.064977 1.520009 0.848942 1.356166 0.887955 1.750245 1.394930 1.323204 0.879658 2.450000 1.460000
1772410340418700871 1.167634 1.064977 1.520009 0.848942 1.356166 0.887955 1.750245 1.394930 1.336844 0.877600 2.450000 1.460000
1772410340427778349 1.167634 1.064977 1.520009 0.848942 1.356166 0.887955 1.750245 1.394930 1.336844 0.877600 2.450000 1.460000
1772410340447629798 1.167634 1.064977 1.520009 0.848942 1.356166 0.887955 1.750245 1.394930 1.336844 0.877600 2.450000 1.460000
1772410340467721259 1.167634 1.064977 1.520009 0.848942 1.356166 0.887955 1.750245 1.394930 1.336844 0.877600 2.450000 1.460000
1772410340486798660 1.167634 1.064977 1.520009 0.848942 1.356166 0.887955 1.750245 1.394930 1.336844 0.877600 2.470000 1.470000
1772410340486845686 1.167679 1.064950 1.520009 0.848942 1.356166 0.887955 1.750245 1.394930 1.336844 0.877600 2.470000 1.470000
1772410340487386744 1.167679 1.064950 1.540007 0.858947 1.356166 0.887955 1.750245 1.394930 1.336844 0.877600 2.470000 1.470000
1772410340487667206 1.167679 1.064950 1.540007 0.858947 1.356216 0.887941 1.750245 1.394930 1.336844 0.877600 2.470000 1.470000
1772410340507819724 1.167679 1.064950 1.540007 0.858947 1.363661 0.886767 1.750245 1.394930 1.336844 0.877600 2.470000 1.470000
1772410340527691040 1.167679 1.064950 1.540007 0.858947 1.363661 0.886767 1.750245 1.394930 1.336844 0.877600 2.470000 1.470000
1772410340543250649 1.167679 1.064950 1.540007 0.858947 1.363661 0.886767 1.750241 1.394999 1.336844 0.877600 2.470000 1.470000
1772410340543324959 1.167679 1.064950 1.540007 0.858947 1.363661 0.886767 1.750241 1.394999 1.350572 0.876371 2.470000 1.470000
1772410340547783671 1.167679 1.064950 1.540007 0.858947 1.363661 0.886767 1.750241 1.394999 1.350572 0.876371 2.470000 1.470000
1772410340567498358 1.167679 1.064950 1.540007 0.858947 1.363661 0.886767 1.750241 1.394999 1.350572 0.876371 2.470000 1.470000
1772410340586421840 1.167679 1.064950 1.540007 0.858947 1.363661 0.886767 1.750241 1.394999 1.350572 0.876371 2.490000 1.470000
1772410340586728789 1.167679 1.064950 1.560007 0.858951 1.363661 0.886767 1.750241 1.394999 1.350572 0.876371 2.490000 1.470000
1772410340587382948 1.167679 1.064950 1.560007 0.858951 1.371532 0.885640 1.750241 1.394999 1.350572 0.876371 2.490000 1.470000
1772410340606177568 1.167845 1.064820 1.560007 0.858951 1.371532 0.885640 1.750241 1.394999 1.350572 0.876371 2.490000 1.470000
1772410340607394120 1.167845 1.064820 1.560007 0.858951 1.371564 0.885625 1.750241 1.394999 1.350572 0.876371 2.490000 1.470000
1772410340627429000 1.167845 1.064820 1.560007 0.858951 1.371564 0.885625 1.750241 1.394999 1.350572 0.876371 2.490000 1.470000
1772410340647456266 1.167845 1.064820 1.560007 0.858951 1.371564 0.885626 1.750241 1.394999 1.350572 0.876371 2.490000 1.470000
1772410340667611495 1.167845 1.064820 1.560007 0.858951 1.371564 0.885626 1.750241 1.394999 1.350572 0.876371 2.490000 1.470000
1772410340668186584 1.167845 1.064820 1.560007 0.858951 1.371564 0.885626 1.750576 1.395116 1.350572 0.876371 2.490000 1.470000
1772410340668213402 1.167845 1.064820 1.560007 0.858951 1.371564 0.885626 1.750576 1.395116 1.365249 0.875239 2.490000 1.470000
1772410340687713212 1.167845 1.064820 1.560007 0.858951 1.371564 0.885626 1.750576 1.395116 1.365249 0.875239 2.490000 1.470000
1772410340690556369 1.167845 1.064820 1.560007 0.858951 1.371564 0.885626 1.750576 1.395116 1.365249 0.875239 2.500000 1.480000
1772410340691126613 1.167845 1.064820 1.570004 0.868954 1.371564 0.885626 1.750576 1.395116 1.365249 0.875239 2.500000 1.480000
1772410340706263942 1.168031 1.064634 1.570004 0.868954 1.371564 0.885626 1.750576 1.395116 1.365249 0.875239 2.500000 1.480000
1772410340707605351 1.168031 1.064634 1.570004 0.868954 1.379702 0.884871 1.750576 1.395116 1.365249 0.875239 2.500000 1.480000
1772410340727573240 1.168031 1.064634 1.570004 0.868954 1.379701 0.884871 1.750576 1.395116 1.365249 0.875239 2.500000 1.480000
1772410340747787352 1.168031 1.064634 1.570004 0.868954 1.379701 0.884871 1.750576 1.395116 1.365249 0.875239 2.500000 1.480000
1772410340767782293 1.168031 1.064634 1.570004 0.868954 1.379701 0.884871 1.750576 1.395116 1.365249 0.875239 2.500000 1.480000
1772410340768556469 1.168031 1.064634 1.570004 0.868954 1.379701 0.884871 1.751174 1.395153 1.365249 0.875239 2.500000 1.480000
1772410340768588349 1.168031 1.064634 1.570004 0.868954 1.379701 0.884871 1.751174 1.395153 1.379980 0.874804 2.500000 1.480000
1772410340787000311 1.168031 1.064634 1.570004 0.868954 1.379701 0.884871 1.751174 1.395153 1.379980 0.874804 2.490000 1.490000
1772410340787756228 1.168031 1.064634 1.560002 0.878951 1.379701 0.884871 1.751174 1.395153 1.379980 0.874804 2.490000 1.490000
1772410340787849984 1.168031 1.064634 1.560002 0.878951 1.379701 0.884870 1.751174 1.395153 1.379980 0.874804 2.490000 1.490000
1772410340807821124 1.168031 1.064634 1.560002 0.878951 1.387167 0.884520 1.751174 1.395153 1.379980 0.874804 2.490000 1.490000
1772410340826405351 1.168195 1.064428 1.560002 0.878951 1.387167 0.884520 1.751174 1.395153 1.379980 0.874804 2.490000 1.490000
1772410340827711803 1.168195 1.064428 1.560002 0.878951 1.387237 0.884468 1.751174 1.395153 1.379980 0.874804 2.490000 1.490000
1772410340847737246 1.168195 1.064428 1.560002 0.878951 1.387237 0.884468 1.751174 1.395153 1.379980 0.874804 2.490000 1.490000
1772410340867578395 1.168195 1.064428 1.560002 0.878951 1.387237 0.884468 1.751174 1.395153 1.379980 0.874804 2.490000 1.490000
1772410340886431396 1.168195 1.064428 1.560002 0.878951 1.387237 0.884468 1.751174 1.395153 1.379980 0.874804 2.500000 1.490000
1772410340886918845 1.168195 1.064428 1.570002 0.878954 1.387237 0.884468 1.751174 1.395153 1.379980 0.874804 2.500000 1.490000
1772410340887566272 1.168195 1.064428 1.570002 0.878954 1.394778 0.884162 1.751174 1.395153 1.379980 0.874804 2.500000 1.490000
1772410340893226962 1.168195 1.064428 1.570002 0.878954 1.394778 0.884162 1.751334 1.395292 1.379980 0.874804 2.500000 1.490000
1772410340907684020 1.168195 1.064428 1.570002 0.878954 1.394778 0.884162 1.751334 1.395292 1.379980 0.874804 2.500000 1.490000
1772410340926551312 1.168279 1.064294 1.570002 0.878954 1.394778 0.884162 1.751334 1.395292 1.379980 0.874804 2.500000 1.490000
1772410340927623700 1.168279 1.064294 1.570002 0.878954 1.394825 0.884120 1.751334 1.395292 1.379980 0.874804 2.500000 1.490000
1772410340947676144 1.168279 1.064294 1.570002 0.878954 1.394825 0.884120 1.751334 1.395292 1.379980 0.874804 2.500000 1.490000
1772410340967814042 1.168279 1.064294 1.570002 0.878954 1.394825 0.884120 1.751334 1.395292 1.379980 0.874804 2.500000 1.490000
1772410340968438134 1.168279 1.064294 1.570002 0.878954 1.394825 0.884120 1.751334 1.395292 1.403783 0.875532 2.500000 1.490000
1772410340987185784 1.168279 1.064294 1.570002 0.878954 1.394825 0.884120 1.751334 1.395292 1.403783 0.875532 2.500000 1.490000
1772410340987829447 1.168279 1.064294 1.570002 0.878954 1.394825 0.884120 1.751334 1.395292 1.403783 0.875532 2.500000 1.490000
1772410340987869411 1.168279 1.064294 1.570002 0.878954 1.394825 0.884120 1.751334 1.395292 1.403783 0.875532 2.500000 1.490000
1772410341007713786 1.168279 1.064294 1.570002 0.878954 1.402068 0.883843 1.751334 1.395292 1.403783 0.875532 2.500000 1.490000
1772410341018640653 1.168279 1.064294 1.570002 0.878954 1.402068 0.883843 1.751567 1.395454 1.403783 0.875532 2.500000 1.490000
1772410341027655395 1.168279 1.064294 1.570002 0.878954 1.402068 0.883843 1.751567 1.395454 1.403783 0.875532 2.500000 1.490000
1772410341046263835 1.168324 1.064199 1.570002 0.878954 1.402068 0.883843 1.751567 1.395454 1.403783 0.875532 2.500000 1.490000
1772410341047559098 1.168324 1.064199 1.570002 0.878954 1.402102 0.883804 1.751567 1.395454 1.403783 0.875532 2.500000 1.490000
1772410341067766790 1.168324 1.064199 1.570002 0.878954 1.402103 0.883804 1.751567 1.395454 1.403783 0.875532 2.500000 1.490000
1772410341087084426 1.168324 1.064199 1.570002 0.878954 1.402103 0.883804 1.751567 1.395454 1.403783 0.875532 2.500000 1.490000
1772410341087633927 1.168324 1.064199 1.570002 0.878954 1.402103 0.883804 1.751567 1.395454 1.403783 0.875532 2.500000 1.490000
1772410341087673663 1.168324 1.064199 1.570002 0.878954 1.402103 0.883804 1.751567 1.395454 1.403783 0.875532 2.500000 1.490000
1772410341107443197 1.168324 1.064199 1.570002 0.878954 1.409043 0.883578 1.751567 1.395454 1.403783 0.875532 2.500000 1.490000
1772410341118346514 1.168324 1.064199 1.570002 0.878954 1.409043 0.883578 1.751567 1.395454 1.425664 0.876048 2.500000 1.490000
1772410341127502906 1.168324 1.064199 1.570002 0.878954 1.409043 0.883578 1.751567 1.395454 1.425664 0.876048 2.500000 1.490000
1772410341146259015 1.168342 1.064150 1.570002 0.878954 1.409043 0.883578 1.751567 1.395454 1.425664 0.876048 2.500000 1.490000
1772410341147573530 1.168342 1.064150 1.570002 0.878954 1.409062 0.883552 1.751567 1.395454 1.425664 0.876048 2.500000 1.490000
1772410341167802727 1.168342 1.064150 1.570002 0.878954 1.409062 0.883552 1.751567 1.395454 1.425664 0.876048 2.500000 1.490000
1772410341187749756 1.168342 1.064150 1.570002 0.878954 1.409062 0.883552 1.751567 1.395454 1.425664 0.876048 2.500000 1.490000
1772410341193402144 1.168342 1.064150 1.570002 0.878954 1.409062 0.883552 1.751364 1.395996 1.425664 0.876048 2.500000 1.490000
1772410341207584213 1.168342 1.064150 1.570002 0.878954 1.409062 0.883552 1.751364 1.395996 1.425664 0.876048 2.500000 1.490000
1772410341227704321 1.168342 1.064150 1.570002 0.878954 1.409062 0.883552 1.751364 1.395996 1.425664 0.876048 2.500000 1.490000
1772410341247717213 1.168342 1.064150 1.570002 0.878954 1.409062 0.883552 1.751364 1.395996 1.425664 0.876048 2.500000 1.490000
1772410341266387759 1.168330 1.064201 1.570002 0.878954 1.409062 0.883552 1.751364 1.395996 1.425664 0.876048 2.500000 1.490000
1772410341267702632 1.168330 1.064201 1.570002 0.878954 1.409036 0.883598 1.751364 1.395996 1.425664 0.876048 2.500000 1.490000
1772410341286714537 1.168330 1.064201 1.570002 0.878954 1.409036 0.883598 1.751364 1.395996 1.425664 0.876048 2.500000 1.520000
1772410341287623020 1.168330 1.064201 1.569995 0.908954 1.409036 0.883598 1.751364 1.395996 1.425664 0.876048 2.500000 1.520000
1772410341287677839 1.168330 1.064201 1.569995 0.908954 1.409036 0.883598 1.751364 1.395996 1.425664 0.876048 2.500000 1.520000
1772410341307788698 1.168330 1.064201 1.569995 0.908954 1.415847 0.884679 1.751364 1.395996 1.425664 0.876048 2.500000 1.520000
1772410341318194187 1.168330 1.064201 1.569995 0.908954 1.415847 0.884679 1.751661 1.396254 1.425664 0.876048 2.500000 1.520000
1772410341318211109 1.168330 1.064201 1.569995 0.908954 1.415847 0.884679 1.751661 1.396254 1.435244 0.878595 2.500000 1.520000
1772410341327727875 1.168330 1.064201 1.569995 0.908954 1.415847 0.884679 1.751661 1.396254 1.435244 0.878595 2.500000 1.520000
1772410341347604924 1.168330 1.064201 1.569995 0.908954 1.415847 0.884679 1.751661 1.396254 1.435244 0.878595 2.500000 1.520000
1772410341366252642 1.168303 1.064410 1.569995 0.908954 1.415847 0.884679 1.751661 1.396254 1.435244 0.878595 2.500000 1.520000
1772410341367641310 1.168303 1.064410 1.569995 0.908954 1.415781 0.884834 1.751661 1.396254 1.435244 0.878595 2.500000 1.520000
1772410341387006082 1.168303 1.064410 1.569995 0.908954 1.415781 0.884834 1.751661 1.396254 1.435244 0.878595 2.440000 1.500000
1772410341387673181 1.168303 1.064410 1.510000 0.888940 1.415781 0.884834 1.751661 1.396254 1.435244 0.878595 2.440000 1.500000
1772410341387728146 1.168303 1.064410 1.510000 0.888940 1.415781 0.884834 1.751661 1.396254 1.435244 0.878595 2.440000 1.500000
1772410341407798879 1.168303 1.064410 1.510000 0.888940 1.419766 0.885046 1.751661 1.396254 1.435244 0.878595 2.440000 1.500000
1772410341418511602 1.168303 1.064410 1.510000 0.888940 1.419766 0.885046 1.751731 1.396568 1.435244 0.878595 2.440000 1.500000
1772410341418543617 1.168303 1.064410 1.510000 0.888940 1.419766 0.885046 1.751731 1.396568 1.440624 0.879512 2.440000 1.500000
1772410341427732450 1.168303 1.064410 1.510000 0.888940 1.419766 0.885046 1.751731 1.396568 1.440624 0.879512 2.440000 1.500000
1772410341447734023 1.168303 1.064410 1.510000 0.888940 1.419767 0.885047 1.751731 1.396568 1.440624 0.879512 2.440000 1.500000
1772410341467980719 1.168303 1.064410 1.510000 0.888940 1.419767 0.885047 1.751731 1.396568 1.440624 0.879512 2.440000 1.500000
1772410341487732091 1.168303 1.064410 1.510000 0.888940 1.419767 0.885047 1.751731 1.396568 1.440624 0.879512 2.440000 1.500000
1772410341489747420 1.168303 1.064410 1.510000 0.888940 1.419767 0.885047 1.751731 1.396568 1.440624 0.879512 2.440000 1.500000
1772410341489784544 1.168300 1.064515 1.510000 0.888940 1.419767 0.885047 1.751731 1.396568 1.440624 0.879512 2.440000 1.500000
1772410341490432833 1.168300 1.064515 1.510000 0.888940 1.419767 0.885047 1.751731 1.396568 1.440624 0.879512 2.440000 1.500000
1772410341507858978 1.168300 1.064515 1.510000 0.888940 1.423583 0.885293 1.751731 1.396568 1.440624 0.879512 2.440000 1.500000
1772410341518548278 1.168300 1.064515 1.510000 0.888940 1.423583 0.885293 1.751731 1.396568 1.445666 0.880248 2.440000 1.500000
1772410341518574180 1.168300 1.064515 1.510000 0.888940 1.423583 0.885293 1.751950 1.396743 1.445666 0.880248 2.440000 1.500000
1772410341527715906 1.168300 1.064515 1.510000 0.888940 1.423583 0.885293 1.751950 1.396743 1.445666 0.880248 2.440000 1.500000
1772410341547686753 1.168300 1.064515 1.510000 0.888940 1.423583 0.885293 1.751950 1.396743 1.445666 0.880248 2.440000 1.500000
1772410341567823103 1.168300 1.064515 1.510000 0.888940 1.423583 0.885293 1.751950 1.396743 1.445666 0.880248 2.440000 1.500000
1772410341587631832 1.168300 1.064515 1.510000 0.888940 1.423583 0.885293 1.751950 1.396743 1.445666 0.880248 2.390000 1.540000
1772410341587682604 1.168330 1.064723 1.510000 0.888940 1.423583 0.885293 1.751950 1.396743 1.445666 0.880248 2.390000 1.540000
1772410341587727941 1.168330 1.064723 1.510000 0.888940 1.423583 0.885293 1.751950 1.396743 1.445666 0.880248 2.390000 1.540000
1772410341588469596 1.168330 1.064723 1.459991 0.928929 1.423583 0.885293 1.751950 1.396743 1.445666 0.880248 2.390000 1.540000
1772410341607804018 1.168330 1.064723 1.459991 0.928929 1.425097 0.887352 1.751950 1.396743 1.445666 0.880248 2.390000 1.540000
1772410341627718440 1.168330 1.064723 1.459991 0.928929 1.425097 0.887352 1.751950 1.396743 1.445666 0.880248 2.390000 1.540000
1772410341647659925 1.168330 1.064723 1.459991 0.928929 1.425097 0.887352 1.751950 1.396743 1.445666 0.880248 2.390000 1.540000
1772410341667807752 1.168330 1.064723 1.459991 0.928929 1.425097 0.887352 1.751950 1.396743 1.445666 0.880248 2.390000 1.540000
1772410341668898741 1.168330 1.064723 1.459991 0.928929 1.425097 0.887352 1.751849 1.397459 1.445666 0.880248 2.390000 1.540000
1772410341668953126 1.168330 1.064723 1.459991 0.928929 1.425097 0.887352 1.751849 1.397459 1.446483 0.884166 2.390000 1.540000
1772410341686748480 1.168330 1.064723 1.459991 0.928929 1.425097 0.887352 1.751849 1.397459 1.446483 0.884166 2.370000 1.560000
1772410341687323673 1.168330 1.064723 1.439986 0.948924 1.425097 0.887352 1.751849 1.397459 1.446483 0.884166 2.370000 1.560000
1772410341687548452 1.168330 1.064723 1.439986 0.948924 1.425097 0.887352 1.751849 1.397459 1.446483 0.884166 2.370000 1.560000
1772410341707793665 1.168330 1.064723 1.439986 0.948924 1.425706 0.890129 1.751849 1.397459 1.446483 0.884166 2.370000 1.560000
1772410341727743688 1.168330 1.064723 1.439986 0.948924 1.425706 0.890129 1.751849 1.397459 1.446483 0.884166 2.370000 1.560000
1772410341747688677 1.168330 1.064723 1.439986 0.948924 1.425705 0.890129 1.751849 1.397459 1.446483 0.884166 2.370000 1.560000
1772410341767839669 1.168330 1.064723 1.439986 0.948924 1.425705 0.890129 1.751849 1.397459 1.446483 0.884166 2.370000 1.560000
1772410341768677989 1.168330 1.064723 1.439986 0.948924 1.425705 0.890129 1.751849 1.397459 1.445939 0.889456 2.370000 1.560000
1772410341768695926 1.168330 1.064723 1.439986 0.948924 1.425705 0.890129 1.751820 1.398623 1.445939 0.889456 2.370000 1.560000
1772410341786561365 1.168330 1.064723 1.439986 0.948924 1.425705 0.890129 1.751820 1.398623 1.445939 0.889456 2.360000 1.580000
1772410341787445982 1.168330 1.064723 1.429982 0.968922 1.425705 0.890129 1.751820 1.398623 1.445939 0.889456 2.360000 1.580000
1772410341787726421 1.168330 1.064723 1.429982 0.968922 1.425704 0.890129 1.751820 1.398623 1.445939 0.889456 2.360000 1.580000
1772410341806375592 1.166519 1.058729 1.429982 0.968922 1.425704 0.890129 1.751820 1.398623 1.445939 0.889456 2.360000 1.580000
1772410341807577159 1.166519 1.058729 1.429982 0.968922 1.425882 0.893005 1.751820 1.398623 1.445939 0.889456 2.360000 1.580000
1772410341827711968 1.166519 1.058729 1.429982 0.968922 1.425882 0.893005 1.751820 1.398623 1.445939 0.889456 2.360000 1.580000
1772410341847587789 1.166519 1.058729 1.429982 0.968922 1.425890 0.893005 1.751820 1.398623 1.445939 0.889456 2.360000 1.580000
1772410341867713657 1.166519 1.058729 1.429982 0.968922 1.425890 0.893005 1.751820 1.398623 1.445939 0.889456 2.360000 1.580000
1772410341886683348 1.166519 1.058729 1.429982 0.968922 1.425890 0.893005 1.751820 1.398623 1.445939 0.889456 2.350000 1.570000
1772410341887419914 1.166519 1.058729 1.419984 0.958920 1.425890 0.893005 1.751820 1.398623 1.445939 0.889456 2.350000 1.570000
1772410341887607663 1.166519 1.058729 1.419984 0.958920 1.425891 0.893006 1.751820 1.398623 1.445939 0.889456 2.350000 1.570000
1772410341893108268 1.166519 1.058729 1.419984 0.958920 1.425891 0.893006 1.753526 1.391475 1.445939 0.889456 2.350000 1.570000
1772410341907711385 1.166519 1.058729 1.419984 0.958920 1.425739 0.893536 1.753526 1.391475 1.445939 0.889456 2.350000 1.570000
1772410341918870160 1.166519 1.058729 1.419984 0.958920 1.425739 0.893536 1.753526 1.391475 1.444320 0.892099 2.350000 1.570000
1772410341926333591 1.159092 1.037578 1.419984 0.958920 1.425739 0.893536 1.753526 1.391475 1.444320 0.892099 2.350000 1.570000
1772410341927591927 1.159092 1.037578 1.419984 0.958920 1.426073 0.886124 1.753526 1.391475 1.444320 0.892099 2.350000 1.570000
1772410341947754229 1.159092 1.037578 1.419984 0.958920 1.426073 0.886124 1.753526 1.391475 1.444320 0.892099 2.350000 1.570000
1772410341967965538 1.159092 1.037578 1.419984 0.958920 1.426073 0.886124 1.753526 1.391475 1.444320 0.892099 2.350000 1.570000
1772410341986812282 1.159092 1.037578 1.419984 0.958920 1.426073 0.886124 1.753526 1.391475 1.444320 0.892099 2.300000 1.620000
1772410341987530922 1.159092 1.037578 1.369973 1.008909 1.426073 0.886124 1.753526 1.391475 1.444320 0.892099 2.300000 1.620000
1772410341987895756 1.159092 1.037578 1.369973 1.008909 1.426075 0.886124 1.753526 1.391475 1.444320 0.892099 2.300000 1.620000
1772410341993252346 1.159092 1.037578 1.369973 1.008909 1.426075 0.886124 1.757549 1.367484 1.444320 0.892099 2.300000 1.620000
1772410342007874833 1.159092 1.037578 1.369973 1.008909 1.424230 0.880459 1.757549 1.367484 1.444320 0.892099 2.300000 1.620000
1772410342018915915 1.159092 1.037578 1.369973 1.008909 1.424230 0.880459 1.757549 1.367484 1.441297 0.874899 2.300000 1.620000
1772410342027771189 1.159092 1.037578 1.369973 1.008909 1.424228 0.880459 1.757549 1.367484 1.441297 0.874899 2.300000 1.620000
1772410342028223877 1.149830 1.011607 1.369973 1.008909 1.424228 0.880459 1.757549 1.367484 1.441297 0.874899 2.300000 1.620000
1772410342047747226 1.149830 1.011607 1.369973 1.008909 1.424699 0.869500 1.757549 1.367484 1.441297 0.874899 2.300000 1.620000
1772410342067869269 1.149830 1.011607 1.369973 1.008909 1.424699 0.869500 1.757549 1.367484 1.441297 0.874899 2.300000 1.620000
1772410342086508739 1.149830 1.011607 1.369973 1.008909 1.424699 0.869500 1.757549 1.367484 1.441297 0.874899 2.310000 1.620000
1772410342086873799 1.149830 1.011607 1.379973 1.008911 1.424699 0.869500 1.757549 1.367484 1.441297 0.874899 2.310000 1.620000
1772410342087832973 1.149830 1.011607 1.379973 1.008911 1.423472 0.859450 1.757549 1.367484 1.441297 0.874899 2.310000 1.620000
1772410342107903961 1.149830 1.011607 1.379973 1.008911 1.423472 0.859450 1.757549 1.367484 1.441297 0.874899 2.310000 1.620000
1772410342118511816 1.149830 1.011607 1.379973 1.008911 1.423472 0.859450 1.755562 1.329561 1.441297 0.874899 2.310000 1.620000
1772410342127690556 1.149830 1.011607 1.379973 1.008911 1.423473 0.859450 1.755562 1.329561 1.441297 0.874899 2.310000 1.620000
1772410342146465121 1.139983 0.984168 1.379973 1.008911 1.423473 0.859450 1.755562 1.329561 1.441297 0.874899 2.310000 1.620000
1772410342147448089 1.139983 0.984168 1.379973 1.008911 1.424021 0.844920 1.755562 1.329561 1.441297 0.874899 2.310000 1.620000
1772410342167659802 1.139983 0.984168 1.379973 1.008911 1.424023 0.844920 1.755562 1.329561 1.441297 0.874899 2.310000 1.620000
1772410342186820562 1.139983 0.984168 1.379973 1.008911 1.424023 0.844920 1.755562 1.329561 1.441297 0.874899 2.330000 1.610000
1772410342187670245 1.139983 0.984168 1.399975 0.998915 1.424023 0.844920 1.755562 1.329561 1.441297 0.874899 2.330000 1.610000
1772410342187722288 1.139983 0.984168 1.399975 0.998915 1.424023 0.844920 1.755562 1.329561 1.441297 0.874899 2.330000 1.610000
1772410342207737491 1.139983 0.984168 1.399975 0.998915 1.423350 0.841973 1.755562 1.329561 1.441297 0.874899 2.330000 1.610000
1772410342218453275 1.139983 0.984168 1.399975 0.998915 1.423350 0.841973 1.750401 1.306685 1.441297 0.874899 2.330000 1.610000
1772410342218471295 1.139983 0.984168 1.399975 0.998915 1.423350 0.841973 1.750401 1.306685 1.432523 0.831937 2.330000 1.610000
1772410342227609022 1.139983 0.984168 1.399975 0.998915 1.423348 0.841973 1.750401 1.306685 1.432523 0.831937 2.330000 1.610000
1772410342247652086 1.139983 0.984168 1.399975 0.998915 1.423348 0.841973 1.750401 1.306685 1.432523 0.831937 2.330000 1.610000
1772410342248128120 1.129941 0.956631 1.399975 0.998915 1.423348 0.841973 1.750401 1.306685 1.432523 0.831937 2.330000 1.610000
1772410342267607662 1.129941 0.956631 1.399975 0.998915 1.423913 0.824497 1.750401 1.306685 1.432523 0.831937 2.330000 1.610000
1772410342286328360 1.129941 0.956631 1.399975 0.998915 1.423913 0.824497 1.750401 1.306685 1.432523 0.831937 2.340000 1.600000
1772410342286807216 1.129941 0.956631 1.409977 0.988918 1.423913 0.824497 1.750401 1.306685 1.432523 0.831937 2.340000 1.600000
1772410342287483056 1.129941 0.956631 1.409977 0.988918 1.423668 0.820083 1.750401 1.306685 1.432523 0.831937 2.340000 1.600000
1772410342307717486 1.129941 0.956631 1.409977 0.988918 1.423668 0.820083 1.750401 1.306685 1.432523 0.831937 2.340000 1.600000
1772410342327638826 1.129941 0.956631 1.409977 0.988918 1.423668 0.820083 1.750401 1.306685 1.432523 0.831937 2.340000 1.600000
1772410342347660767 1.129941 0.956631 1.409977 0.988918 1.423668 0.820083 1.750401 1.306685 1.432523 0.831937 2.340000 1.600000
1772410342366451777 1.119566 0.928713 1.409977 0.988918 1.423668 0.820083 1.750401 1.306685 1.432523 0.831937 2.340000 1.600000
1772410342367613893 1.119566 0.928713 1.409977 0.988918 1.424194 0.800309 1.750401 1.306685 1.432523 0.831937 2.340000 1.600000
1772410342386468797 1.119566 0.928713 1.409977 0.988918 1.424194 0.800309 1.750401 1.306685 1.432523 0.831937 2.350000 1.570000
1772410342386860094 1.119566 0.928713 1.419984 0.958920 1.424194 0.800309 1.750401 1.306685 1.432523 0.831937 2.350000 1.570000
1772410342387701138 1.119566 0.928713 1.419984 0.958920 1.424135 0.802185 1.750401 1.306685 1.432523 0.831937 2.350000 1.570000
1772410342393165632 1.119566 0.928713 1.419984 0.958920 1.424135 0.802185 1.743899 1.257265 1.432523 0.831937 2.350000 1.570000
1772410342407544752 1.119566 0.928713 1.419984 0.958920 1.424140 0.802185 1.743899 1.257265 1.432523 0.831937 2.350000 1.570000
1772410342427602188 1.119566 0.928713 1.419984 0.958920 1.424140 0.802185 1.743899 1.257265 1.432523 0.831937 2.350000 1.570000
1772410342442766875 1.119566 0.928713 1.419984 0.958920 1.424140 0.802185 1.743899 1.257265 1.426423 0.785722 2.350000 1.570000
1772410342447578243 1.119566 0.928713 1.419984 0.958920 1.424140 0.802185 1.743899 1.257265 1.426423 0.785722 2.350000 1.570000
1772410342466277643 1.109114 0.901104 1.419984 0.958920 1.424140 0.802185 1.743899 1.257265 1.426423 0.785722 2.350000 1.570000
1772410342467511691 1.109114 0.901104 1.419984 0.958920 1.424677 0.778657 1.743899 1.257265 1.426423 0.785722 2.350000 1.570000
1772410342486717178 1.109114 0.901104 1.419984 0.958920 1.424677 0.778657 1.743899 1.257265 1.426423 0.785722 2.360000 1.570000
1772410342487091424 1.109114 0.901104 1.429984 0.958922 1.424677 0.778657 1.743899 1.257265 1.426423 0.785722 2.360000 1.570000
1772410342487615622 1.109114 0.901104 1.429984 0.958922 1.425025 0.780474 1.743899 1.257265 1.426423 0.785722 2.360000 1.570000
1772410342507437044 1.109114 0.901104 1.429984 0.958922 1.425032 0.780474 1.743899 1.257265 1.426423 0.785722 2.360000 1.570000
1772410342527567848 1.109114 0.901104 1.429984 0.958922 1.425032 0.780474 1.743899 1.257265 1.426423 0.785722 2.360000 1.570000
1772410342543313508 1.109114 0.901104 1.429984 0.958922 1.425032 0.780474 1.737045 1.211952 1.426423 0.785722 2.360000 1.570000
1772410342547657171 1.109114 0.901104 1.429984 0.958922 1.425032 0.780474 1.737045 1.211952 1.426423 0.785722 2.360000 1.570000
1772410342567664455 1.109114 0.901104 1.429984 0.958922 1.425026 0.780474 1.737045 1.211952 1.426423 0.785722 2.360000 1.570000
1772410342568351317 1.109114 0.901104 1.429984 0.958922 1.425026 0.780474 1.737045 1.211952 1.424134 0.761401 2.360000 1.570000
1772410342586244823 1.109114 0.901104 1.429984 0.958922 1.425026 0.780474 1.737045 1.211952 1.424134 0.761401 2.350000 1.580000
1772410342586281609 1.098487 0.873506 1.429984 0.958922 1.425026 0.780474 1.737045 1.211952 1.424134 0.761401 2.350000 1.580000
1772410342586800537 1.098487 0.873506 1.419982 0.968920 1.425026 0.780474 1.737045 1.211952 1.424134 0.761401 2.350000 1.580000
1772410342587465452 1.098487 0.873506 1.419982 0.968920 1.425260 0.764923 1.737045 1.211952 1.424134 0.761401 2.350000 1.580000
1772410342607638808 1.098487 0.873506 1.419982 0.968920 1.425263 0.764923 1.737045 1.211952 1.424134 0.761401 2.350000 1.580000
1772410342627609752 1.098487 0.873506 1.419982 0.968920 1.425263 0.764923 1.737045 1.211952 1.424134 0.761401 2.350000 1.580000
1772410342643008956 1.098487 0.873506 1.419982 0.968920 1.425263 0.764923 1.731602 1.190390 1.424134 0.761401 2.350000 1.580000
1772410342647404905 1.098487 0.873506 1.419982 0.968920 1.425263 0.764923 1.731602 1.190390 1.424134 0.761401 2.350000 1.580000
1772410342667524133 1.098487 0.873506 1.419982 0.968920 1.425261 0.764923 1.731602 1.190390 1.424134 0.761401 2.350000 1.580000
1772410342687614314 1.098487 0.873506 1.419982 0.968920 1.425261 0.764923 1.731602 1.190390 1.424134 0.761401 2.350000 1.580000
1772410342688159346 1.087636 0.845713 1.419982 0.968920 1.425261 0.764923 1.731602 1.190390 1.424134 0.761401 2.350000 1.580000
1772410342688188316 1.087636 0.845713 1.419982 0.968920 1.425261 0.764923 1.731602 1.190390 1.424134 0.761401 2.350000 1.590000
1772410342688609005 1.087636 0.845713 1.419980 0.978920 1.425261 0.764923 1.731602 1.190390 1.424134 0.761401 2.350000 1.590000
1772410342707656877 1.087636 0.845713 1.419980 0.978920 1.425490 0.745401 1.731602 1.190390 1.424134 0.761401 2.350000 1.590000
1772410342727542579 1.087636 0.845713 1.419980 0.978920 1.425490 0.745401 1.731602 1.190390 1.424134 0.761401 2.350000 1.590000
1772410342743356035 1.087636 0.845713 1.419980 0.978920 1.425490 0.745401 1.731602 1.190390 1.419973 0.742785 2.350000 1.590000
1772410342747725398 1.087636 0.845713 1.419980 0.978920 1.425487 0.745401 1.731602 1.190390 1.419973 0.742785 2.350000 1.590000
1772410342767629748 1.087636 0.845713 1.419980 0.978920 1.425487 0.745401 1.731602 1.190390 1.419973 0.742785 2.350000 1.590000
1772410342768175997 1.087636 0.845713 1.419980 0.978920 1.425487 0.745401 1.726139 1.150670 1.419973 0.742785 2.350000 1.590000
1772410342786772385 1.087636 0.845713 1.419980 0.978920 1.425487 0.745401 1.726139 1.150670 1.419973 0.742785 2.360000 1.590000
1772410342787407268 1.087636 0.845713 1.429980 0.978922 1.425487 0.745401 1.726139 1.150670 1.419973 0.742785 2.360000 1.590000
1772410342787968781 1.087636 0.845713 1.429980 0.978922 1.425487 0.745401 1.726139 1.150670 1.419973 0.742785 2.360000 1.590000
1772410342806307332 1.076767 0.818209 1.429980 0.978922 1.425487 0.745401 1.726139 1.150670 1.419973 0.742785 2.360000 1.590000
1772410342807576066 1.076767 0.818209 1.429980 0.978922 1.426116 0.721736 1.726139 1.150670 1.419973 0.742785 2.360000 1.590000
1772410342827712796 1.076767 0.818209 1.429980 0.978922 1.426116 0.721736 1.726139 1.150670 1.419973 0.742785 2.360000 1.590000
1772410342847738658 1.076767 0.818209 1.429980 0.978922 1.426116 0.721736 1.726139 1.150670 1.419973 0.742785 2.360000 1.590000
1772410342867677802 1.076767 0.818209 1.429980 0.978922 1.426116 0.721736 1.726139 1.150670 1.419973 0.742785 2.360000 1.590000
1772410342867965027 1.076767 0.818209 1.429980 0.978922 1.426116 0.721736 1.726139 1.150670 1.418246 0.730976 2.360000 1.590000
1772410342886517176 1.076767 0.818209 1.429980 0.978922 1.426116 0.721736 1.726139 1.150670 1.418246 0.730976 2.350000 1.580000
1772410342887123268 1.076767 0.818209 1.419982 0.968920 1.426116 0.721736 1.726139 1.150670 1.418246 0.730976 2.350000 1.580000
1772410342887457151 1.076767 0.818209 1.419982 0.968920 1.426116 0.721736 1.726139 1.150670 1.418246 0.730976 2.350000 1.580000
1772410342892836128 1.076767 0.818209 1.419982 0.968920 1.426116 0.721736 1.719774 1.122999 1.418246 0.730976 2.350000 1.580000
1772410342906405825 1.065738 0.790599 1.419982 0.968920 1.426116 0.721736 1.719774 1.122999 1.418246 0.730976 2.350000 1.580000
1772410342907593831 1.065738 0.790599 1.419982 0.968920 1.426116 0.707300 1.719774 1.122999 1.418246 0.730976 2.350000 1.580000
1772410342927613345 1.065738 0.790599 1.419982 0.968920 1.426116 0.707300 1.719774 1.122999 1.418246 0.730976 2.350000 1.580000
1772410342947691965 1.065738 0.790599 1.419982 0.968920 1.426115 0.707300 1.719774 1.122999 1.418246 0.730976 2.350000 1.580000
1772410342967688744 1.065738 0.790599 1.419982 0.968920 1.426115 0.707300 1.719774 1.122999 1.418246 0.730976 2.350000 1.580000
1772410342987089776 1.065738 0.790599 1.419982 0.968920 1.426115 0.707300 1.719774 1.122999 1.418246 0.730976 2.340000 1.560000
1772410342987652276 1.065738 0.790599 1.409986 0.948918 1.426115 0.707300 1.719774 1.122999 1.418246 0.730976 2.340000 1.560000
1772410342987692108 1.065738 0.790599 1.409986 0.948918 1.426113 0.707300 1.719774 1.122999 1.418246 0.730976 2.340000 1.560000
1772410343007766539 1.065738 0.790599 1.409986 0.948918 1.425620 0.694481 1.719774 1.122999 1.418246 0.730976 2.340000 1.560000
1772410343026479883 1.054693 0.763222 1.409986 0.948918 1.425620 0.694481 1.719774 1.122999 1.418246 0.730976 2.340000 1.560000
1772410343027594919 1.054693 0.763222 1.409986 0.948918 1.425684 0.684768 1.719774 1.122999 1.418246 0.730976 2.340000 1.560000
1772410343047576933 1.054693 0.763222 1.409986 0.948918 1.425695 0.684768 1.719774 1.122999 1.418246 0.730976 2.340000 1.560000
1772410343067818690 1.054693 0.763222 1.409986 0.948918 1.425695 0.684768 1.719774 1.122999 1.418246 0.730976 2.340000 1.560000
1772410343068684492 1.054693 0.763222 1.409986 0.948918 1.425695 0.684768 1.711524 1.074072 1.418246 0.730976 2.340000 1.560000
1772410343068697468 1.054693 0.763222 1.409986 0.948918 1.425695 0.684768 1.711524 1.074072 1.413195 0.704376 2.340000 1.560000
1772410343087738556 1.054693 0.763222 1.409986 0.948918 1.425694 0.684768 1.711524 1.074072 1.413195 0.704376 2.340000 1.560000
1772410343089021638 1.054693 0.763222 1.409986 0.948918 1.425694 0.684768 1.711524 1.074072 1.413195 0.704376 2.350000 1.540000
1772410343089690048 1.054693 0.763222 1.419991 0.928920 1.425694 0.684768 1.711524 1.074072 1.413195 0.704376 2.350000 1.540000
1772410343107658726 1.054693 0.763222 1.419991 0.928920 1.425553 0.680813 1.711524 1.074072 1.413195 0.704376 2.350000 1.540000
1772410343126277852 1.043608 0.735976 1.419991 0.928920 1.425553 0.680813 1.711524 1.074072 1.413195 0.704376 2.350000 1.540000
1772410343127422404 1.043608 0.735976 1.419991 0.928920 1.425628 0.669202 1.711524 1.074072 1.413195 0.704376 2.350000 1.540000
1772410343147747387 1.043608 0.735976 1.419991 0.928920 1.425634 0.669203 1.711524 1.074072 1.413195 0.704376 2.350000 1.540000
1772410343167803135 1.043608 0.735976 1.419991 0.928920 1.425634 0.669203 1.711524 1.074072 1.413195 0.704376 2.350000 1.540000
1772410343186555216 1.043608 0.735976 1.419991 0.928920 1.425634 0.669203 1.711524 1.074072 1.413195 0.704376 2.350000 1.510000
1772410343187316653 1.043608 0.735976 1.419998 0.898920 1.425634 0.669203 1.711524 1.074072 1.413195 0.704376 2.350000 1.510000
1772410343187874531 1.043608 0.735976 1.419998 0.898920 1.425632 0.669202 1.711524 1.074072 1.413195 0.704376 2.350000 1.510000
1772410343192977155 1.043608 0.735976 1.419998 0.898920 1.425632 0.669202 1.704919 1.036853 1.413195 0.704376 2.350000 1.510000
1772410343207744929 1.043608 0.735976 1.419998 0.898920 1.425503 0.661954 1.704919 1.036853 1.413195 0.704376 2.350000 1.510000
1772410343227583487 1.043608 0.735976 1.419998 0.898920 1.425504 0.661954 1.704919 1.036853 1.413195 0.704376 2.350000 1.510000
1772410343243343602 1.043608 0.735976 1.419998 0.898920 1.425504 0.661954 1.704919 1.036853 1.409438 0.679256 2.350000 1.510000
1772410343246629165 1.032376 0.708561 1.419998 0.898920 1.425504 0.661954 1.704919 1.036853 1.409438 0.679256 2.350000 1.510000
1772410343247427740 1.032376 0.708561 1.419998 0.898920 1.425597 0.647212 1.704919 1.036853 1.409438 0.679256 2.350000 1.510000
1772410343267871787 1.032376 0.708561 1.419998 0.898920 1.425597 0.647212 1.704919 1.036853 1.409438 0.679256 2.350000 1.510000
1772410343286512073 1.032376 0.708561 1.419998 0.898920 1.425597 0.647212 1.704919 1.036853 1.409438 0.679256 2.360000 1.490000
1772410343286951380 1.032376 0.708561 1.430002 0.878922 1.425597 0.647212 1.704919 1.036853 1.409438 0.679256 2.360000 1.490000
1772410343287751929 1.032376 0.708561 1.430002 0.878922 1.425837 0.647531 1.704919 1.036853 1.409438 0.679256 2.360000 1.490000
1772410343307882566 1.032376 0.708561 1.430002 0.878922 1.425837 0.647531 1.704919 1.036853 1.409438 0.679256 2.360000 1.490000
1772410343318555892 1.032376 0.708561 1.430002 0.878922 1.425837 0.647531 1.698776 1.009271 1.409438 0.679256 2.360000 1.490000
1772410343327661587 1.032376 0.708561 1.430002 0.878922 1.425836 0.647531 1.698776 1.009271 1.409438 0.679256 2.360000 1.490000
1772410343346274762 1.021158 0.681369 1.430002 0.878922 1.425836 0.647531 1.698776 1.009271 1.409438 0.679256 2.360000 1.490000
1772410343347408909 1.021158 0.681369 1.430002 0.878922 1.425919 0.629952 1.698776 1.009271 1.409438 0.679256 2.360000 1.490000
1772410343367669907 1.021158 0.681369 1.430002 0.878922 1.425919 0.629952 1.698776 1.009271 1.409438 0.679256 2.360000 1.490000
1772410343386532344 1.021158 0.681369 1.430002 0.878922 1.425919 0.629952 1.698776 1.009271 1.409438 0.679256 2.370000 1.460000
1772410343386977328 1.021158 0.681369 1.440009 0.848924 1.425919 0.629952 1.698776 1.009271 1.409438 0.679256 2.370000 1.460000
1772410343387559387 1.021158 0.681369 1.440009 0.848924 1.426553 0.627920 1.698776 1.009271 1.409438 0.679256 2.370000 1.460000
1772410343407814395 1.021158 0.681369 1.440009 0.848924 1.426553 0.627920 1.698776 1.009271 1.409438 0.679256 2.370000 1.460000
1772410343427904303 1.021158 0.681369 1.440009 0.848924 1.426553 0.627920 1.698776 1.009271 1.409438 0.679256 2.370000 1.460000
1772410343443574036 1.021158 0.681369 1.440009 0.848924 1.426553 0.627920 1.698776 1.009271 1.407878 0.650821 2.370000 1.460000
1772410343444603428 1.021158 0.681369 1.440009 0.848924 1.426553 0.627920 1.692143 0.970263 1.407878 0.650821 2.370000 1.460000
1772410343447621459 1.021158 0.681369 1.440009 0.848924 1.426553 0.627920 1.692143 0.970263 1.407878 0.650821 2.370000 1.460000
1772410343467640287 1.021158 0.681369 1.440009 0.848924 1.426553 0.627920 1.692143 0.970263 1.407878 0.650821 2.370000 1.460000
1772410343468257290 1.009792 0.653953 1.440009 0.848924 1.426553 0.627920 1.692143 0.970263 1.407878 0.650821 2.370000 1.460000
1772410343486662309 1.009792 0.653953 1.440009 0.848924 1.426553 0.627920 1.692143 0.970263 1.407878 0.650821 2.380000 1.420000
1772410343487156547 1.009792 0.653953 1.450018 0.808927 1.426553 0.627920 1.692143 0.970263 1.407878 0.650821 2.380000 1.420000
1772410343487668536 1.009792 0.653953 1.450018 0.808927 1.427615 0.611946 1.692143 0.970263 1.407878 0.650821 2.380000 1.420000
1772410343507718016 1.009792 0.653953 1.450018 0.808927 1.427615 0.611946 1.692143 0.970263 1.407878 0.650821 2.380000 1.420000
1772410343527868108 1.009792 0.653953 1.450018 0.808927 1.427614 0.611946 1.692143 0.970263 1.407878 0.650821 2.380000 1.420000
1772410343543774754 1.009792 0.653953 1.450018 0.808927 1.427614 0.611946 1.687220 0.948926 1.407878 0.650821 2.380000 1.420000
1772410343543786663 1.009792 0.653953 1.450018 0.808927 1.427614 0.611946 1.687220 0.948926 1.408627 0.639215 2.380000 1.420000
1772410343547682203 1.009792 0.653953 1.450018 0.808927 1.427614 0.611946 1.687220 0.948926 1.408627 0.639215 2.380000 1.420000
1772410343566400739 0.998493 0.626794 1.450018 0.808927 1.427614 0.611946 1.687220 0.948926 1.408627 0.639215 2.380000 1.420000
1772410343567622104 0.998493 0.626794 1.450018 0.808927 1.427652 0.588499 1.687220 0.948926 1.408627 0.639215 2.380000 1.420000
1772410343586816361 0.998493 0.626794 1.450018 0.808927 1.427652 0.588499 1.687220 0.948926 1.408627 0.639215 2.380000 1.400000
1772410343587262444 0.998493 0.626794 1.450022 0.788927 1.427652 0.588499 1.687220 0.948926 1.408627 0.639215 2.380000 1.400000
1772410343587544115 0.998493 0.626794 1.450022 0.788927 1.427652 0.588499 1.687220 0.948926 1.408627 0.639215 2.380000 1.400000
1772410343607710144 0.998493 0.626794 1.450022 0.788927 1.428613 0.591371 1.687220 0.948926 1.408627 0.639215 2.380000 1.400000
1772410343627853932 0.998493 0.626794 1.450022 0.788927 1.428618 0.591371 1.687220 0.948926 1.408627 0.639215 2.380000 1.400000
1772410343647803493 0.998493 0.626794 1.450022 0.788927 1.428618 0.591371 1.687220 0.948926 1.408627 0.639215 2.380000 1.400000
1772410343667854835 0.998493 0.626794 1.450022 0.788927 1.428619 0.591371 1.687220 0.948926 1.408627 0.639215 2.380000 1.400000
1772410343668536503 0.998493 0.626794 1.450022 0.788927 1.428619 0.591371 1.680353 0.909929 1.408627 0.639215 2.380000 1.400000
1772410343668558359 0.998493 0.626794 1.450022 0.788927 1.428619 0.591371 1.680353 0.909929 1.407740 0.609915 2.380000 1.400000
1772410343686389387 0.998493 0.626794 1.450022 0.788927 1.428619 0.591371 1.680353 0.909929 1.407740 0.609915 2.390000 1.360000
1772410343686417072 0.987060 0.599406 1.450022 0.788927 1.428619 0.591371 1.680353 0.909929 1.407740 0.609915 2.390000 1.360000
1772410343686711224 0.987060 0.599406 1.460031 0.748929 1.428619 0.591371 1.680353 0.909929 1.407740 0.609915 2.390000 1.360000
1772410343687543036 0.987060 0.599406 1.460031 0.748929 1.430001 0.574425 1.680353 0.909929 1.407740 0.609915 2.390000 1.360000
1772410343707968604 0.987060 0.599406 1.460031 0.748929 1.430000 0.574425 1.680353 0.909929 1.407740 0.609915 2.390000 1.360000
1772410343727666218 0.987060 0.599406 1.460031 0.748929 1.429999 0.574425 1.680353 0.909929 1.407740 0.609915 2.390000 1.360000
1772410343747592719 0.987060 0.599406 1.460031 0.748929 1.429999 0.574425 1.680353 0.909929 1.407740 0.609915 2.390000 1.360000
1772410343767885219 0.987060 0.599406 1.460031 0.748929 1.429999 0.574425 1.680353 0.909929 1.407740 0.609915 2.390000 1.360000
1772410343768773543 0.987060 0.599406 1.460031 0.748929 1.429999 0.574425 1.680353 0.909929 1.409294 0.598076 2.390000 1.360000
1772410343768804972 0.987060 0.599406 1.460031 0.748929 1.429999 0.574425 1.675511 0.888543 1.409294 0.598076 2.390000 1.360000
1772410343786802598 0.987060 0.599406 1.460031 0.748929 1.429999 0.574425 1.675511 0.888543 1.409294 0.598076 2.380000 1.340000
1772410343786862822 0.975695 0.572274 1.460031 0.748929 1.429999 0.574425 1.675511 0.888543 1.409294 0.598076 2.380000 1.340000
1772410343787564808 0.975695 0.572274 1.450036 0.728927 1.429999 0.574425 1.675511 0.888543 1.409294 0.598076 2.380000 1.340000
1772410343787652462 0.975695 0.572274 1.450036 0.728927 1.430022 0.545103 1.675511 0.888543 1.409294 0.598076 2.380000 1.340000
1772410343807803967 0.975695 0.572274 1.450036 0.728927 1.430884 0.552833 1.675511 0.888543 1.409294 0.598076 2.380000 1.340000
1772410343827904748 0.975695 0.572274 1.450036 0.728927 1.430884 0.552833 1.675511 0.888543 1.409294 0.598076 2.380000 1.340000
1772410343847851580 0.975695 0.572274 1.450036 0.728927 1.430884 0.552833 1.675511 0.888543 1.409294 0.598076 2.380000 1.340000
1772410343867713253 0.975695 0.572274 1.450036 0.728927 1.430885 0.552833 1.675511 0.888543 1.409294 0.598076 2.380000 1.340000
1772410343887327983 0.975695 0.572274 1.450036 0.728927 1.430885 0.552833 1.675511 0.888543 1.409294 0.598076 2.390000 1.310000
1772410343887615671 0.975695 0.572274 1.450036 0.728927 1.430885 0.552833 1.675511 0.888543 1.409294 0.598076 2.390000 1.310000
1772410343887741711 0.975695 0.572274 1.460043 0.698929 1.430885 0.552833 1.675511 0.888543 1.409294 0.598076 2.390000 1.310000
1772410343893074098 0.975695 0.572274 1.460043 0.698929 1.430885 0.552833 1.668470 0.849636 1.409294 0.598076 2.390000 1.310000
1772410343906850286 0.964318 0.545205 1.460043 0.698929 1.430885 0.552833 1.668470 0.849636 1.409294 0.598076 2.390000 1.310000
1772410343907583749 0.964318 0.545205 1.460043 0.698929 1.432164 0.526044 1.668470 0.849636 1.409294 0.598076 2.390000 1.310000
1772410343927847726 0.964318 0.545205 1.460043 0.698929 1.432164 0.526044 1.668470 0.849636 1.409294 0.598076 2.390000 1.310000
1772410343947956043 0.964318 0.545205 1.460043 0.698929 1.432165 0.526044 1.668470 0.849636 1.409294 0.598076 2.390000 1.310000
1772410343967991363 0.964318 0.545205 1.460043 0.698929 1.432165 0.526044 1.668470 0.849636 1.409294 0.598076 2.390000 1.310000
1772410343969031842 0.964318 0.545205 1.460043 0.698929 1.432165 0.526044 1.668470 0.849636 1.409933 0.558171 2.390000 1.310000
1772410343988035330 0.964318 0.545205 1.460043 0.698929 1.432165 0.526044 1.668470 0.849636 1.409933 0.558171 2.390000 1.310000
1772410343989090890 0.964318 0.545205 1.460043 0.698929 1.432165 0.526044 1.668470 0.849636 1.409933 0.558171 2.390000 1.280000
1772410343989969061 0.964318 0.545205 1.460049 0.668929 1.432165 0.526044 1.668470 0.849636 1.409933 0.558171 2.390000 1.280000
1772410343993470135 0.964318 0.545205 1.460049 0.668929 1.432165 0.526044 1.663741 0.828710 1.409933 0.558171 2.390000 1.280000
1772410344006232714 0.952832 0.517954 1.460049 0.668929 1.432165 0.526044 1.663741 0.828710 1.409933 0.558171 2.390000 1.280000
1772410344007563511 0.952832 0.517954 1.460049 0.668929 1.433401 0.507459 1.663741 0.828710 1.409933 0.558171 2.390000 1.280000
1772410344027696233 0.952832 0.517954 1.460049 0.668929 1.433401 0.507459 1.663741 0.828710 1.409933 0.558171 2.390000 1.280000
1772410344047590760 0.952832 0.517954 1.460049 0.668929 1.433403 0.507459 1.663741 0.828710 1.409933 0.558171 2.390000 1.280000
1772410344067836676 0.952832 0.517954 1.460049 0.668929 1.433403 0.507459 1.663741 0.828710 1.409933 0.558171 2.390000 1.280000
1772410344068560292 0.952832 0.517954 1.460049 0.668929 1.433403 0.507459 1.663741 0.828710 1.410400 0.535047 2.390000 1.280000
1772410344086539388 0.952832 0.517954 1.460049 0.668929 1.433403 0.507459 1.663741 0.828710 1.410400 0.535047 2.380000 1.260000
1772410344087199264 0.952832 0.517954 1.450054 0.648927 1.433403 0.507459 1.663741 0.828710 1.410400 0.535047 2.380000 1.260000
1772410344087698413 0.952832 0.517954 1.450054 0.648927 1.433403 0.507459 1.663741 0.828710 1.410400 0.535047 2.380000 1.260000
1772410344092910090 0.952832 0.517954 1.450054 0.648927 1.433403 0.507459 1.657920 0.796635 1.410400 0.535047 2.380000 1.260000
1772410344107720052 0.952832 0.517954 1.450054 0.648927 1.434189 0.490669 1.657920 0.796635 1.410400 0.535047 2.380000 1.260000
1772410344126343450 0.941414 0.490901 1.450054 0.648927 1.434189 0.490669 1.657920 0.796635 1.410400 0.535047 2.380000 1.260000
1772410344127574328 0.941414 0.490901 1.450054 0.648927 1.434225 0.480946 1.657920 0.796635 1.410400 0.535047 2.380000 1.260000
1772410344147681808 0.941414 0.490901 1.450054 0.648927 1.434223 0.480946 1.657920 0.796635 1.410400 0.535047 2.380000 1.260000
1772410344167795583 0.941414 0.490901 1.450054 0.648927 1.434223 0.480946 1.657920 0.796635 1.410400 0.535047 2.380000 1.260000
1772410344186840897 0.941414 0.490901 1.450054 0.648927 1.434223 0.480946 1.657920 0.796635 1.410400 0.535047 2.380000 1.220000
1772410344187389520 0.941414 0.490901 1.450063 0.608927 1.434223 0.480946 1.657920 0.796635 1.410400 0.535047 2.380000 1.220000
1772410344188036934 0.941414 0.490901 1.450063 0.608927 1.434223 0.480946 1.657920 0.796635 1.410400 0.535047 2.380000 1.220000
1772410344207647548 0.941414 0.490901 1.450063 0.608927 1.434940 0.472243 1.657920 0.796635 1.410400 0.535047 2.380000 1.220000
1772410344218373300 0.941414 0.490901 1.450063 0.608927 1.434940 0.472243 1.652041 0.769687 1.410400 0.535047 2.380000 1.220000
1772410344218390053 0.941414 0.490901 1.450063 0.608927 1.434940 0.472243 1.652041 0.769687 1.412247 0.513941 2.380000 1.220000
1772410344226379752 0.929874 0.463558 1.450063 0.608927 1.434940 0.472243 1.652041 0.769687 1.412247 0.513941 2.380000 1.220000
1772410344227687990 0.929874 0.463558 1.450063 0.608927 1.434974 0.460490 1.652041 0.769687 1.412247 0.513941 2.380000 1.220000
1772410344247744630 0.929874 0.463558 1.450063 0.608927 1.434977 0.460490 1.652041 0.769687 1.412247 0.513941 2.380000 1.220000
1772410344267984028 0.929874 0.463558 1.450063 0.608927 1.434977 0.460490 1.652041 0.769687 1.412247 0.513941 2.380000 1.220000
1772410344287386263 0.929874 0.463558 1.450063 0.608927 1.434977 0.460490 1.652041 0.769687 1.412247 0.513941 2.390000 1.190000
1772410344287438816 0.929874 0.463558 1.450063 0.608927 1.434977 0.460490 1.652041 0.769687 1.412247 0.513941 2.390000 1.190000
1772410344287983219 0.929874 0.463558 1.460070 0.578929 1.434977 0.460490 1.652041 0.769687 1.412247 0.513941 2.390000 1.190000
1772410344307609616 0.929874 0.463558 1.460070 0.578929 1.436102 0.448258 1.652041 0.769687 1.412247 0.513941 2.390000 1.190000
1772410344327792371 0.929874 0.463558 1.460070 0.578929 1.436102 0.448258 1.652041 0.769687 1.412247 0.513941 2.390000 1.190000
1772410344343621203 0.929874 0.463558 1.460070 0.578929 1.436102 0.448258 1.644633 0.730114 1.412247 0.513941 2.390000 1.190000
1772410344343653774 0.929874 0.463558 1.460070 0.578929 1.436102 0.448258 1.644633 0.730114 1.411496 0.478263 2.390000 1.190000
1772410344346517198 0.918457 0.436506 1.460070 0.578929 1.436102 0.448258 1.644633 0.730114 1.411496 0.478263 2.390000 1.190000
1772410344347509904 0.918457 0.436506 1.460070 0.578929 1.436149 0.433758 1.644633 0.730114 1.411496 0.478263 2.390000 1.190000
1772410344367747351 0.918457 0.436506 1.460070 0.578929 1.436149 0.433758 1.644633 0.730114 1.411496 0.478263 2.390000 1.190000
1772410344387188041 0.918457 0.436506 1.460070 0.578929 1.436149 0.433758 1.644633 0.730114 1.411496 0.478263 2.390000 1.160000
1772410344387692811 0.918457 0.436506 1.460076 0.548929 1.436149 0.433758 1.644633 0.730114 1.411496 0.478263 2.390000 1.160000
1772410344387722548 0.918457 0.436506 1.460076 0.548929 1.436149 0.433758 1.644633 0.730114 1.411496 0.478263 2.390000 1.160000
1772410344407673665 0.918457 0.436506 1.460076 0.548929 1.437201 0.429201 1.644633 0.730114 1.411496 0.478263 2.390000 1.160000
1772410344427574769 0.918457 0.436506 1.460076 0.548929 1.437201 0.429201 1.644633 0.730114 1.411496 0.478263 2.390000 1.160000
1772410344446102204 0.906958 0.409260 1.460076 0.548929 1.437201 0.429201 1.644633 0.730114 1.411496 0.478263 2.390000 1.160000
1772410344447575729 0.906958 0.409260 1.460076 0.548929 1.437275 0.411605 1.644633 0.730114 1.411496 0.478263 2.390000 1.160000
1772410344467672819 0.906958 0.409260 1.460076 0.548929 1.437275 0.411605 1.644633 0.730114 1.411496 0.478263 2.390000 1.160000
1772410344486893730 0.906958 0.409260 1.460076 0.548929 1.437275 0.411605 1.644633 0.730114 1.411496 0.478263 2.390000 1.130000
1772410344487601347 0.906958 0.409260 1.460083 0.518929 1.437275 0.411605 1.644633 0.730114 1.411496 0.478263 2.390000 1.130000
1772410344487637356 0.906958 0.409260 1.460083 0.518929 1.437273 0.411605 1.644633 0.730114 1.411496 0.478263 2.390000 1.130000
1772410344493351577 0.906958 0.409260 1.460083 0.518929 1.437273 0.411605 1.636796 0.691862 1.411496 0.478263 2.390000 1.130000
1772410344507575905 0.906958 0.409260 1.460083 0.518929 1.438296 0.404720 1.636796 0.691862 1.411496 0.478263 2.390000 1.130000
1772410344527417217 0.906958 0.409260 1.460083 0.518929 1.438296 0.404720 1.636796 0.691862 1.411496 0.478263 2.390000 1.130000
1772410344543183173 0.906958 0.409260 1.460083 0.518929 1.438296 0.404720 1.636796 0.691862 1.412590 0.433133 2.390000 1.130000
1772410344547640784 0.906958 0.409260 1.460083 0.518929 1.438296 0.404720 1.636796 0.691862 1.412590 0.433133 2.390000 1.130000
1772410344567755156 0.906958 0.409260 1.460083 0.518929 1.438296 0.404720 1.636796 0.691862 1.412590 0.433133 2.390000 1.130000
1772410344568774545 0.895540 0.382208 1.460083 0.518929 1.438296 0.404720 1.636796 0.691862 1.412590 0.433133 2.390000 1.130000
1772410344586739539 0.895540 0.382208 1.460083 0.518929 1.438296 0.404720 1.636796 0.691862 1.412590 0.433133 2.390000 1.090000
1772410344587643898 0.895540 0.382208 1.460092 0.478929 1.438296 0.404720 1.636796 0.691862 1.412590 0.433133 2.390000 1.090000
1772410344587903101 0.895540 0.382208 1.460092 0.478929 1.438380 0.385258 1.636796 0.691862 1.412590 0.433133 2.390000 1.090000
1772410344607800252 0.895540 0.382208 1.460092 0.478929 1.439330 0.384530 1.636796 0.691862 1.412590 0.433133 2.390000 1.090000
1772410344618350552 0.895540 0.382208 1.460092 0.478929 1.439330 0.384530 1.630978 0.663537 1.412590 0.433133 2.390000 1.090000
1772410344627734609 0.895540 0.382208 1.460092 0.478929 1.439332 0.384530 1.630978 0.663537 1.412590 0.433133 2.390000 1.090000
1772410344648004858 0.895540 0.382208 1.460092 0.478929 1.439332 0.384530 1.630978 0.663537 1.412590 0.433133 2.390000 1.090000
1772410344667609027 0.895540 0.382208 1.460092 0.478929 1.439332 0.384530 1.630978 0.663537 1.412590 0.433133 2.390000 1.090000
1772410344668165369 0.895540 0.382208 1.460092 0.478929 1.439332 0.384530 1.630978 0.663537 1.413052 0.407553 2.390000 1.090000
1772410344669754731 0.884164 0.355253 1.460092 0.478929 1.439332 0.384530 1.630978 0.663537 1.413052 0.407553 2.390000 1.090000
1772410344686441215 0.884164 0.355253 1.460092 0.478929 1.439332 0.384530 1.630978 0.663537 1.413052 0.407553 2.400000 1.060000
1772410344686571648 0.884164 0.355253 1.470099 0.448931 1.439332 0.384530 1.630978 0.663537 1.413052 0.407553 2.400000 1.060000
1772410344687517764 0.884164 0.355253 1.470099 0.448931 1.440803 0.359257 1.630978 0.663537 1.413052 0.407553 2.400000 1.060000
1772410344707516195 0.884164 0.355253 1.470099 0.448931 1.440803 0.359257 1.630978 0.663537 1.413052 0.407553 2.400000 1.060000
1772410344727525800 0.884164 0.355253 1.470099 0.448931 1.440805 0.359257 1.630978 0.663537 1.413052 0.407553 2.400000 1.060000
1772410344742697320 0.884164 0.355253 1.470099 0.448931 1.440805 0.359257 1.623567 0.624650 1.413052 0.407553 2.400000 1.060000
1772410344747500861 0.884164 0.355253 1.470099 0.448931 1.440805 0.359257 1.623567 0.624650 1.413052 0.407553 2.400000 1.060000
1772410344767458113 0.884164 0.355253 1.470099 0.448931 1.440805 0.359257 1.623567 0.624650 1.413052 0.407553 2.400000 1.060000
1772410344767700486 0.884164 0.355253 1.470099 0.448931 1.440805 0.359257 1.623567 0.624650 1.413936 0.378383 2.400000 1.060000
1772410344786348805 0.873591 0.330185 1.470099 0.448931 1.440805 0.359257 1.623567 0.624650 1.413936 0.378383 2.400000 1.060000
1772410344786361389 0.873591 0.330185 1.470099 0.448931 1.440805 0.359257 1.623567 0.624650 1.413936 0.378383 2.400000 1.020000
1772410344786605388 0.873591 0.330185 1.470108 0.408931 1.440805 0.359257 1.623567 0.624650 1.413936 0.378383 2.400000 1.020000
1772410344787486324 0.873591 0.330185 1.470108 0.408931 1.442211 0.339748 1.623567 0.624650 1.413936 0.378383 2.400000 1.020000
1772410344807456972 0.873591 0.330185 1.470108 0.408931 1.442211 0.339748 1.623567 0.624650 1.413936 0.378383 2.400000 1.020000
1772410344827554004 0.873591 0.330185 1.470108 0.408931 1.442211 0.339748 1.623567 0.624650 1.413936 0.378383 2.400000 1.020000
1772410344842835141 0.873591 0.330185 1.470108 0.408931 1.442211 0.339748 1.619587 0.606614 1.413936 0.378383 2.400000 1.020000
1772410344847616904 0.873591 0.330185 1.470108 0.408931 1.442211 0.339748 1.619587 0.606614 1.413936 0.378383 2.400000 1.020000
1772410344867561954 0.873591 0.330185 1.470108 0.408931 1.442212 0.339748 1.619587 0.606614 1.413936 0.378383 2.400000 1.020000
1772410344886858233 0.873591 0.330185 1.470108 0.408931 1.442212 0.339748 1.619587 0.606614 1.413936 0.378383 2.400000 1.000000
1772410344886891375 0.864149 0.307783 1.470108 0.408931 1.442212 0.339748 1.619587 0.606614 1.413936 0.378383 2.400000 1.000000
1772410344887535574 0.864149 0.307783 1.470112 0.388931 1.442212 0.339748 1.619587 0.606614 1.413936 0.378383 2.400000 1.000000
1772410344887579973 0.864149 0.307783 1.470112 0.388931 1.442408 0.315462 1.619587 0.606614 1.413936 0.378383 2.400000 1.000000
1772410344907564795 0.864149 0.307783 1.470112 0.388931 1.443601 0.318541 1.619587 0.606614 1.413936 0.378383 2.400000 1.000000
1772410344927509923 0.864149 0.307783 1.470112 0.388931 1.443599 0.318541 1.619587 0.606614 1.413936 0.378383 2.400000 1.000000
1772410344942656584 0.864149 0.307783 1.470112 0.388931 1.443599 0.318541 1.619587 0.606614 1.417735 0.343771 2.400000 1.000000
1772410344947537706 0.864149 0.307783 1.470112 0.388931 1.443599 0.318541 1.619587 0.606614 1.417735 0.343771 2.400000 1.000000
1772410344967398685 0.864149 0.307783 1.470112 0.388931 1.443598 0.318541 1.619587 0.606614 1.417735 0.343771 2.400000 1.000000
1772410344967597836 0.864149 0.307783 1.470112 0.388931 1.443598 0.318541 1.613582 0.575777 1.417735 0.343771 2.400000 1.000000
1772410344986871763 0.864149 0.307783 1.470112 0.388931 1.443598 0.318541 1.613582 0.575777 1.417735 0.343771 2.400000 0.970000
1772410344987291653 0.864149 0.307783 1.470119 0.358931 1.443598 0.318541 1.613582 0.575777 1.417735 0.343771 2.400000 0.970000
1772410344987544140 0.864149 0.307783 1.470119 0.358931 1.443598 0.318541 1.613582 0.575777 1.417735 0.343771 2.400000 0.970000
1772410345007510796 0.864149 0.307783 1.470119 0.358931 1.444912 0.296903 1.613582 0.575777 1.417735 0.343771 2.400000 0.970000
1772410345008017573 0.855591 0.287463 1.470119 0.358931 1.444912 0.296903 1.613582 0.575777 1.417735 0.343771 2.400000 0.970000
1772410345027466913 0.855591 0.287463 1.470119 0.358931 1.444940 0.293325 1.613582 0.575777 1.417735 0.343771 2.400000 0.970000
1772410345047542317 0.855591 0.287463 1.470119 0.358931 1.444940 0.293325 1.613582 0.575777 1.417735 0.343771 2.400000 0.970000
1772410345067447944 0.855591 0.287463 1.470119 0.358931 1.444940 0.293325 1.613582 0.575777 1.417735 0.343771 2.400000 0.970000
1772410345067934265 0.855591 0.287463 1.470119 0.358931 1.444940 0.293325 1.613582 0.575777 1.419471 0.324959 2.400000 0.970000
1772410345086863279 0.855591 0.287463 1.470119 0.358931 1.444940 0.293325 1.613582 0.575777 1.419471 0.324959 2.410000 0.940000
1772410345087375250 0.855591 0.287463 1.480126 0.328933 1.444940 0.293325 1.613582 0.575777 1.419471 0.324959 2.410000 0.940000
1772410345087424389 0.855591 0.287463 1.480126 0.328933 1.444940 0.293325 1.613582 0.575777 1.419471 0.324959 2.410000 0.940000
1772410345093108740 0.855591 0.287463 1.480126 0.328933 1.444940 0.293325 1.609588 0.557024 1.419471 0.324959 2.410000 0.940000
1772410345106207574 0.848087 0.269611 1.480126 0.328933 1.444940 0.293325 1.609588 0.557024 1.419471 0.324959 2.410000 0.940000
1772410345107530287 0.848087 0.269611 1.480126 0.328933 1.446581 0.276882 1.609588 0.557024 1.419471 0.324959 2.410000 0.940000
1772410345127607781 0.848087 0.269611 1.480126 0.328933 1.446581 0.276882 1.609588 0.557024 1.419471 0.324959 2.410000 0.940000
1772410345147609222 0.848087 0.269611 1.480126 0.328933 1.446581 0.276882 1.609588 0.557024 1.419471 0.324959 2.410000 0.940000
1772410345167422873 0.848087 0.269611 1.480126 0.328933 1.446582 0.276882 1.609588 0.557024 1.419471 0.324959 2.410000 0.940000
1772410345186553680 0.848087 0.269611 1.480126 0.328933 1.446582 0.276882 1.609588 0.557024 1.419471 0.324959 2.410000 0.910000
1772410345186841859 0.848087 0.269611 1.480133 0.298933 1.446582 0.276882 1.609588 0.557024 1.419471 0.324959 2.410000 0.910000
1772410345187457595 0.848087 0.269611 1.480133 0.298933 1.448150 0.262951 1.609588 0.557024 1.419471 0.324959 2.410000 0.910000
1772410345207525689 0.848087 0.269611 1.480133 0.298933 1.448148 0.262951 1.609588 0.557024 1.419471 0.324959 2.410000 0.910000
1772410345226170278 0.841513 0.253937 1.480133 0.298933 1.448148 0.262951 1.609588 0.557024 1.419471 0.324959 2.410000 0.910000
1772410345227473237 0.841513 0.253937 1.480133 0.298933 1.448206 0.257320 1.609588 0.557024 1.419471 0.324959 2.410000 0.910000
1772410345247495248 0.841513 0.253937 1.480133 0.298933 1.448206 0.257320 1.609588 0.557024 1.419471 0.324959 2.410000 0.910000
1772410345267582453 0.841513 0.253937 1.480133 0.298933 1.448205 0.257320 1.609588 0.557024 1.419471 0.324959 2.410000 0.910000
1772410345267901188 0.841513 0.253937 1.480133 0.298933 1.448205 0.257320 1.609588 0.557024 1.424562 0.292490 2.410000 0.910000
1772410345267907214 0.841513 0.253937 1.480133 0.298933 1.448205 0.257320 1.604142 0.529652 1.424562 0.292490 2.410000 0.910000
1772410345287511464 0.841513 0.253937 1.480133 0.298933 1.448205 0.257320 1.604142 0.529652 1.424562 0.292490 2.400000 0.870000
1772410345287525616 0.841513 0.253937 1.480133 0.298933 1.448205 0.257320 1.604142 0.529652 1.424562 0.292490 2.400000 0.870000
1772410345287729822 0.841513 0.253937 1.470142 0.258931 1.448205 0.257320 1.604142 0.529652 1.424562 0.292490 2.400000 0.870000
1772410345307557614 0.841513 0.253937 1.470142 0.258931 1.449221 0.249214 1.604142 0.529652 1.424562 0.292490 2.400000 0.870000
1772410345326364719 0.831150 0.229182 1.470142 0.258931 1.449221 0.249214 1.604142 0.529652 1.424562 0.292490 2.400000 0.870000
1772410345327570521 0.831150 0.229182 1.470142 0.258931 1.449323 0.238571 1.604142 0.529652 1.424562 0.292490 2.400000 0.870000
1772410345347458407 0.831150 0.229182 1.470142 0.258931 1.449325 0.238571 1.604142 0.529652 1.424562 0.292490 2.400000 0.870000
1772410345367724606 0.831150 0.229182 1.470142 0.258931 1.449325 0.238571 1.604142 0.529652 1.424562 0.292490 2.400000 0.870000
1772410345368374384 0.831150 0.229182 1.470142 0.258931 1.449325 0.238571 1.604142 0.529652 1.424543 0.256215 2.400000 0.870000
1772410345368439620 0.831150 0.229182 1.470142 0.258931 1.449325 0.238571 1.598018 0.496340 1.424543 0.256215 2.400000 0.870000
1772410345387530133 0.831150 0.229182 1.470142 0.258931 1.449325 0.238571 1.598018 0.496340 1.424543 0.256215 2.400000 0.850000
1772410345387545906 0.831150 0.229182 1.470142 0.258931 1.449325 0.238571 1.598018 0.496340 1.424543 0.256215 2.400000 0.850000
1772410345387730202 0.831150 0.229182 1.470146 0.238931 1.449325 0.238571 1.598018 0.496340 1.424543 0.256215 2.400000 0.850000
1772410345407595070 0.831150 0.229182 1.470146 0.238931 1.450363 0.223011 1.598018 0.496340 1.424543 0.256215 2.400000 0.850000
1772410345427634076 0.831150 0.229182 1.470146 0.238931 1.450363 0.223011 1.598018 0.496340 1.424543 0.256215 2.400000 0.850000
1772410345447773904 0.831150 0.229182 1.470146 0.238931 1.450360 0.223011 1.598018 0.496340 1.424543 0.256215 2.400000 0.850000
1772410345467899889 0.831150 0.229182 1.470146 0.238931 1.450360 0.223011 1.598018 0.496340 1.424543 0.256215 2.400000 0.850000
1772410345468559368 0.831150 0.229182 1.470146 0.238931 1.450360 0.223011 1.592795 0.469556 1.424543 0.256215 2.400000 0.850000
1772410345468835117 0.831150 0.229182 1.470146 0.238931 1.450360 0.223011 1.592795 0.469556 1.425183 0.227487 2.400000 0.850000
1772410345487337419 0.831150 0.229182 1.470146 0.238931 1.450360 0.223011 1.592795 0.469556 1.425183 0.227487 2.390000 0.840000
1772410345487718921 0.831150 0.229182 1.470146 0.238931 1.450360 0.223011 1.592795 0.469556 1.425183 0.227487 2.390000 0.840000
1772410345488003145 0.831150 0.229182 1.460148 0.228929 1.450360 0.223011 1.592795 0.469556 1.425183 0.227487 2.390000 0.840000
1772410345507657046 0.831150 0.229182 1.460148 0.228929 1.450972 0.197569 1.592795 0.469556 1.425183 0.227487 2.390000 0.840000
1772410345527859007 0.831150 0.229182 1.460148 0.228929 1.450972 0.197569 1.592795 0.469556 1.425183 0.227487 2.390000 0.840000
1772410345546493088 0.822922 0.209579 1.460148 0.228929 1.450972 0.197569 1.592795 0.469556 1.425183 0.227487 2.390000 0.840000
1772410345547625445 0.822922 0.209579 1.460148 0.228929 1.450996 0.191811 1.592795 0.469556 1.425183 0.227487 2.390000 0.840000
1772410345567680671 0.822922 0.209579 1.460148 0.228929 1.450996 0.191811 1.592795 0.469556 1.425183 0.227487 2.390000 0.840000
1772410345587181952 0.822922 0.209579 1.460148 0.228929 1.450996 0.191811 1.592795 0.469556 1.425183 0.227487 2.400000 0.820000
1772410345587476751 0.822922 0.209579 1.470153 0.208931 1.450996 0.191811 1.592795 0.469556 1.425183 0.227487 2.400000 0.820000
1772410345587498451 0.822922 0.209579 1.470153 0.208931 1.450994 0.191811 1.592795 0.469556 1.425183 0.227487 2.400000 0.820000
1772410345592931261 0.822922 0.209579 1.470153 0.208931 1.450994 0.191811 1.593852 0.477809 1.425183 0.227487 2.400000 0.820000
1772410345607682972 0.822922 0.209579 1.470153 0.208931 1.451807 0.188741 1.593852 0.477809 1.425183 0.227487 2.400000 0.820000
1772410345618308158 0.822922 0.209579 1.470153 0.208931 1.451807 0.188741 1.593852 0.477809 1.430905 0.230126 2.400000 0.820000
1772410345627712876 0.822922 0.209579 1.470153 0.208931 1.451807 0.188741 1.593852 0.477809 1.430905 0.230126 2.400000 0.820000
1772410345647489695 0.822922 0.209579 1.470153 0.208931 1.451806 0.188741 1.593852 0.477809 1.430905 0.230126 2.400000 0.820000
1772410345666249105 0.811616 0.182937 1.470153 0.208931 1.451806 0.188741 1.593852 0.477809 1.430905 0.230126 2.400000 0.820000
1772410345667362309 0.811616 0.182937 1.470153 0.208931 1.451797 0.169664 1.593852 0.477809 1.430905 0.230126 2.400000 0.820000
1772410345686558809 0.811616 0.182937 1.470153 0.208931 1.451797 0.169664 1.593852 0.477809 1.430905 0.230126 2.390000 0.790000
1772410345686686910 0.811616 0.182937 1.460160 0.178929 1.451797 0.169664 1.593852 0.477809 1.430905 0.230126 2.390000 0.790000
1772410345687396766 0.811616 0.182937 1.460160 0.178929 1.452151 0.165330 1.593852 0.477809 1.430905 0.230126 2.390000 0.790000
1772410345707557925 0.811616 0.182937 1.460160 0.178929 1.452151 0.165330 1.593852 0.477809 1.430905 0.230126 2.390000 0.790000
1772410345717908124 0.811616 0.182937 1.460160 0.178929 1.452151 0.165330 1.586612 0.438712 1.430905 0.230126 2.390000 0.790000
1772410345718081810 0.811616 0.182937 1.460160 0.178929 1.452151 0.165330 1.586612 0.438712 1.429787 0.194280 2.390000 0.790000
1772410345727525431 0.811616 0.182937 1.460160 0.178929 1.452151 0.165330 1.586612 0.438712 1.429787 0.194280 2.390000 0.790000
1772410345747535500 0.811616 0.182937 1.460160 0.178929 1.452151 0.165330 1.586612 0.438712 1.429787 0.194280 2.390000 0.790000
1772410345766502790 0.799293 0.154326 1.460160 0.178929 1.452151 0.165330 1.586612 0.438712 1.429787 0.194280 2.390000 0.790000
1772410345767616525 0.799293 0.154326 1.460160 0.178929 1.452087 0.140550 1.586612 0.438712 1.429787 0.194280 2.390000 0.790000
1772410345786433987 0.799293 0.154326 1.460160 0.178929 1.452087 0.140550 1.586612 0.438712 1.429787 0.194280 2.390000 0.780000
1772410345786845888 0.799293 0.154326 1.460162 0.168929 1.452087 0.140550 1.586612 0.438712 1.429787 0.194280 2.390000 0.780000
1772410345787794299 0.799293 0.154326 1.460162 0.168929 1.452406 0.135662 1.586612 0.438712 1.429787 0.194280 2.390000 0.780000
1772410345807761207 0.799293 0.154326 1.460162 0.168929 1.452406 0.135662 1.586612 0.438712 1.429787 0.194280 2.390000 0.780000
1772410345818853417 0.799293 0.154326 1.460162 0.168929 1.452406 0.135662 1.579735 0.403696 1.429787 0.194280 2.390000 0.780000
1772410345818999116 0.799293 0.154326 1.460162 0.168929 1.452406 0.135662 1.579735 0.403696 1.428400 0.157905 2.390000 0.780000
1772410345827622738 0.799293 0.154326 1.460162 0.168929 1.452406 0.135662 1.579735 0.403696 1.428400 0.157905 2.390000 0.780000
1772410345847661952 0.799293 0.154326 1.460162 0.168929 1.452406 0.135662 1.579735 0.403696 1.428400 0.157905 2.390000 0.780000
1772410345867632604 0.799293 0.154326 1.460162 0.168929 1.452406 0.135662 1.579735 0.403696 1.428400 0.157905 2.390000 0.780000
1772410345887605472 0.799293 0.154326 1.460162 0.168929 1.452405 0.135662 1.579735 0.403696 1.428400 0.157905 2.390000 0.780000
1772410345888244294 0.799293 0.154326 1.460162 0.168929 1.452405 0.135662 1.579735 0.403696 1.428400 0.157905 2.390000 0.760000
1772410345888261675 0.774797 0.098473 1.460162 0.168929 1.452405 0.135662 1.579735 0.403696 1.428400 0.157905 2.390000 0.760000
1772410345888474755 0.774797 0.098473 1.460166 0.148929 1.452405 0.135662 1.579735 0.403696 1.428400 0.157905 2.390000 0.760000
1772410345907588040 0.774797 0.098473 1.460166 0.148929 1.452480 0.087694 1.579735 0.403696 1.428400 0.157905 2.390000 0.760000
1772410345927526472 0.774797 0.098473 1.460166 0.148929 1.452476 0.087694 1.579735 0.403696 1.428400 0.157905 2.390000 0.760000
1772410345942811378 0.774797 0.098473 1.460166 0.148929 1.452476 0.087694 1.564740 0.328897 1.428400 0.157905 2.390000 0.760000
1772410345942824296 0.774797 0.098473 1.460166 0.148929 1.452476 0.087694 1.564740 0.328897 1.422789 0.083546 2.390000 0.760000
1772410345947491360 0.774797 0.098473 1.460166 0.148929 1.452476 0.087694 1.564740 0.328897 1.422789 0.083546 2.390000 0.760000
1772410345967445296 0.774797 0.098473 1.460166 0.148929 1.452476 0.087694 1.564740 0.328897 1.422789 0.083546 2.390000 0.760000
1772410345986415206 0.774797 0.098473 1.460166 0.148929 1.452476 0.087694 1.564740 0.328897 1.422789 0.083546 2.400000 0.730000
1772410345986737922 0.774797 0.098473 1.470173 0.118931 1.452476 0.087694 1.564740 0.328897 1.422789 0.083546 2.400000 0.730000
1772410345987460967 0.774797 0.098473 1.470173 0.118931 1.453056 0.040230 1.564740 0.328897 1.422789 0.083546 2.400000 0.730000
1772410346007639954 0.774797 0.098473 1.470173 0.118931 1.453056 0.040230 1.564740 0.328897 1.422789 0.083546 2.400000 0.730000
1772410346027788260 0.774797 0.098473 1.470173 0.118931 1.453076 0.040230 1.564740 0.328897 1.422789 0.083546 2.400000 0.730000
1772410346043595987 0.774797 0.098473 1.470173 0.118931 1.453076 0.040230 1.564740 0.328897 1.419552 0.028312 2.400000 0.730000
1772410346043959759 0.774797 0.098473 1.470173 0.118931 1.453076 0.040230 1.553218 0.275638 1.419552 0.028312 2.400000 0.730000
1772410346047724566 0.774797 0.098473 1.470173 0.118931 1.453076 0.040230 1.553218 0.275638 1.419552 0.028312 2.400000 0.730000
1772410346067517130 0.774797 0.098473 1.470173 0.118931 1.453098 0.040229 1.553218 0.275638 1.419552 0.028312 2.400000 0.730000
1772410346086864869 0.774797 0.098473 1.470173 0.118931 1.453098 0.040229 1.553218 0.275638 1.419552 0.028312 2.400000 0.700000
1772410346087425752 0.774797 0.098473 1.470180 0.088931 1.453098 0.040229 1.553218 0.275638 1.419552 0.028312 2.400000 0.700000
1772410346087651567 0.774797 0.098473 1.470180 0.088931 1.453098 0.040229 1.553218 0.275638 1.419552 0.028312 2.400000 0.700000
1772410346106656667 0.767834 0.082565 1.470180 0.088931 1.453098 0.040229 1.553218 0.275638 1.419552 0.028312 2.400000 0.700000
1772410346107566289 0.767834 0.082565 1.470180 0.088931 1.454003 -0.008088 1.553218 0.275638 1.419552 0.028312 2.400000 0.700000
1772410346127561207 0.767834 0.082565 1.470180 0.088931 1.453980 -0.008088 1.553218 0.275638 1.419552 0.028312 2.400000 0.700000
1772410346147517847 0.767834 0.082565 1.470180 0.088931 1.453980 -0.008088 1.553218 0.275638 1.419552 0.028312 2.400000 0.700000
1772410346167459846 0.767834 0.082565 1.470180 0.088931 1.453979 -0.008088 1.553218 0.275638 1.419552 0.028312 2.400000 0.700000
1772410346167656644 0.767834 0.082565 1.470180 0.088931 1.453979 -0.008088 1.553218 0.275638 1.427458 0.072380 2.400000 0.700000
1772410346167851137 0.767834 0.082565 1.470180 0.088931 1.453979 -0.008088 1.561485 0.320599 1.427458 0.072380 2.400000 0.700000
1772410346186578567 0.767834 0.082565 1.470180 0.088931 1.453979 -0.008088 1.561485 0.320599 1.427458 0.072380 2.400000 0.680000
1772410346186772732 0.767834 0.082565 1.470185 0.068931 1.453979 -0.008088 1.561485 0.320599 1.427458 0.072380 2.400000 0.680000
1772410346187449653 0.767834 0.082565 1.470185 0.068931 1.454685 -0.011010 1.561485 0.320599 1.427458 0.072380 2.400000 0.680000
1772410346207414874 0.765947 0.078164 1.470185 0.068931 1.454685 -0.011010 1.561485 0.320599 1.427458 0.072380 2.400000 0.680000
1772410346207607769 0.765947 0.078164 1.470185 0.068931 1.454685 -0.011010 1.561485 0.320599 1.427458 0.072380 2.400000 0.680000
1772410346227668476 0.765947 0.078164 1.470185 0.068931 1.454689 -0.011947 1.561485 0.320599 1.427458 0.072380 2.400000 0.680000
1772410346247705633 0.765947 0.078164 1.470185 0.068931 1.454689 -0.011947 1.561485 0.320599 1.427458 0.072380 2.400000 0.680000
1772410346267666674 0.765947 0.078164 1.470185 0.068931 1.454689 -0.011947 1.561485 0.320599 1.427458 0.072380 2.400000 0.680000
1772410346268339682 0.765947 0.078164 1.470185 0.068931 1.454689 -0.011947 1.560784 0.317457 1.427458 0.072380 2.400000 0.680000
1772410346268352296 0.765947 0.078164 1.470185 0.068931 1.454689 -0.011947 1.560784 0.317457 1.430153 0.068571 2.400000 0.680000
1772410346286890240 0.765947 0.078164 1.470185 0.068931 1.454689 -0.011947 1.560784 0.317457 1.430153 0.068571 2.400000 0.640000
1772410346287528490 0.765947 0.078164 1.470194 0.028931 1.454689 -0.011947 1.560784 0.317457 1.430153 0.068571 2.400000 0.640000
1772410346287579197 0.765947 0.078164 1.470194 0.028931 1.454689 -0.011947 1.560784 0.317457 1.430153 0.068571 2.400000 0.640000
1772410346307585554 0.765947 0.078164 1.470194 0.028931 1.455353 -0.013962 1.560784 0.317457 1.430153 0.068571 2.400000 0.640000
1772410346326015021 0.765988 0.078261 1.470194 0.028931 1.455353 -0.013962 1.560784 0.317457 1.430153 0.068571 2.400000 0.640000
1772410346327396549 0.765988 0.078261 1.470194 0.028931 1.455353 -0.013928 1.560784 0.317457 1.430153 0.068571 2.400000 0.640000
1772410346347572007 0.765988 0.078261 1.470194 0.028931 1.455353 -0.013928 1.560784 0.317457 1.430153 0.068571 2.400000 0.640000
1772410346367590960 0.765988 0.078261 1.470194 0.028931 1.455353 -0.013928 1.560784 0.317457 1.430153 0.068571 2.400000 0.640000
1772410346386658321 0.765988 0.078261 1.470194 0.028931 1.455353 -0.013928 1.560784 0.317457 1.430153 0.068571 2.400000 0.630000
1772410346387325066 0.765988 0.078261 1.470196 0.018931 1.455353 -0.013928 1.560784 0.317457 1.430153 0.068571 2.400000 0.630000
1772410346387672170 0.765988 0.078261 1.470196 0.018931 1.455353 -0.013928 1.560784 0.317457 1.430153 0.068571 2.400000 0.630000
1772410346392836511 0.765988 0.078261 1.470196 0.018931 1.455353 -0.013928 1.561411 0.320842 1.430153 0.068571 2.400000 0.630000
1772410346407695149 0.765988 0.078261 1.470196 0.018931 1.455968 -0.012513 1.561411 0.320842 1.430153 0.068571 2.400000 0.630000
1772410346426172539 0.765988 0.078261 1.470196 0.018931 1.455968 -0.012513 1.561411 0.320842 1.430153 0.068571 2.400000 0.630000
1772410346427699764 0.765988 0.078261 1.470196 0.018931 1.455968 -0.012513 1.561411 0.320842 1.430153 0.068571 2.400000 0.630000
1772410346447813603 0.765988 0.078261 1.470196 0.018931 1.455968 -0.012513 1.561411 0.320842 1.430153 0.068571 2.400000 0.630000
1772410346467627500 0.765988 0.078261 1.470196 0.018931 1.455968 -0.012513 1.561411 0.320842 1.430153 0.068571 2.400000 0.630000
1772410346468142356 0.765988 0.078261 1.470196 0.018931 1.455968 -0.012513 1.561411 0.320842 1.436239 0.069722 2.400000 0.630000
1772410346487016582 0.765988 0.078261 1.470196 0.018931 1.455968 -0.012513 1.561411 0.320842 1.436239 0.069722 2.400000 0.610000
1772410346487831178 0.765988 0.078261 1.470200 -0.001069 1.455968 -0.012513 1.561411 0.320842 1.436239 0.069722 2.400000 0.610000
1772410346487908120 0.765988 0.078261 1.470200 -0.001069 1.455968 -0.012513 1.561411 0.320842 1.436239 0.069722 2.400000 0.610000
1772410346493197784 0.765988 0.078261 1.470200 -0.001069 1.455968 -0.012513 1.561341 0.320318 1.436239 0.069722 2.400000 0.610000
1772410346507625711 0.765988 0.078261 1.470200 -0.001069 1.456562 -0.012036 1.561341 0.320318 1.436239 0.069722 2.400000 0.610000
1772410346527746501 0.765988 0.078261 1.470200 -0.001069 1.456562 -0.012036 1.561341 0.320318 1.436239 0.069722 2.400000 0.610000
1772410346546229897 0.765988 0.078261 1.470200 -0.001069 1.456562 -0.012036 1.561341 0.320318 1.436239 0.069722 2.400000 0.610000
1772410346547594085 0.765988 0.078261 1.470200 -0.001069 1.456562 -0.012036 1.561341 0.320318 1.436239 0.069722 2.400000 0.610000
1772410346567625390 0.765988 0.078261 1.470200 -0.001069 1.456562 -0.012036 1.561341 0.320318 1.436239 0.069722 2.400000 0.610000
1772410346586906711 0.765988 0.078261 1.470200 -0.001069 1.456562 -0.012036 1.561341 0.320318 1.436239 0.069722 2.400000 0.580000
1772410346587526756 0.765988 0.078261 1.470207 -0.031069 1.456562 -0.012036 1.561341 0.320318 1.436239 0.069722 2.400000 0.580000
1772410346587562883 0.765988 0.078261 1.470207 -0.031069 1.456562 -0.012036 1.561341 0.320318 1.436239 0.069722 2.400000 0.580000
1772410346593597709 0.765988 0.078261 1.470207 -0.031069 1.456562 -0.012036 1.561327 0.320135 1.436239 0.069722 2.400000 0.580000
1772410346607464341 0.765988 0.078261 1.470207 -0.031069 1.457133 -0.012833 1.561327 0.320135 1.436239 0.069722 2.400000 0.580000
1772410346618414711 0.765988 0.078261 1.470207 -0.031069 1.457133 -0.012833 1.561327 0.320135 1.440745 0.058239 2.400000 0.580000
1772410346627714873 0.765988 0.078261 1.470207 -0.031069 1.457133 -0.012833 1.561327 0.320135 1.440745 0.058239 2.400000 0.580000
1772410346646127035 0.765967 0.078213 1.470207 -0.031069 1.457133 -0.012833 1.561327 0.320135 1.440745 0.058239 2.400000 0.580000
1772410346647586494 0.765967 0.078213 1.470207 -0.031069 1.457133 -0.012864 1.561327 0.320135 1.440745 0.058239 2.400000 0.580000
1772410346667664578 0.765967 0.078213 1.470207 -0.031069 1.457133 -0.012864 1.561327 0.320135 1.440745 0.058239 2.400000 0.580000
1772410346687017740 0.765967 0.078213 1.470207 -0.031069 1.457133 -0.012864 1.561327 0.320135 1.440745 0.058239 2.410000 0.550000
1772410346687624564 0.765967 0.078213 1.480214 -0.061067 1.457133 -0.012864 1.561327 0.320135 1.440745 0.058239 2.410000 0.550000
1772410346687679623 0.765967 0.078213 1.480214 -0.061067 1.457133 -0.012864 1.561327 0.320135 1.440745 0.058239 2.410000 0.550000
1772410346707746223 0.765967 0.078213 1.480214 -0.061067 1.458103 -0.014910 1.561327 0.320135 1.440745 0.058239 2.410000 0.550000
1772410346718587311 0.765967 0.078213 1.480214 -0.061067 1.458103 -0.014910 1.561369 0.320236 1.440745 0.058239 2.410000 0.550000
1772410346727767056 0.765967 0.078213 1.480214 -0.061067 1.458103 -0.014910 1.561369 0.320236 1.440745 0.058239 2.410000 0.550000
1772410346747635499 0.765967 0.078213 1.480214 -0.061067 1.458103 -0.014910 1.561369 0.320236 1.440745 0.058239 2.410000 0.550000
1772410346767666344 0.765967 0.078213 1.480214 -0.061067 1.458103 -0.014910 1.561369 0.320236 1.440745 0.058239 2.410000 0.550000
1772410346768560871 0.765967 0.078213 1.480214 -0.061067 1.458103 -0.014910 1.561369 0.320236 1.443500 0.050386 2.410000 0.550000
1772410346787357598 0.765967 0.078213 1.480214 -0.061067 1.458103 -0.014910 1.561369 0.320236 1.443500 0.050386 2.410000 0.540000
1772410346787598633 0.765967 0.078213 1.480214 -0.061067 1.458103 -0.014910 1.561369 0.320236 1.443500 0.050386 2.410000 0.540000
1772410346787892816 0.765967 0.078213 1.480216 -0.071067 1.458103 -0.014910 1.561369 0.320236 1.443500 0.050386 2.410000 0.540000
1772410346807713513 0.765967 0.078213 1.480216 -0.071067 1.459014 -0.017277 1.561369 0.320236 1.443500 0.050386 2.410000 0.540000
1772410346818692652 0.765967 0.078213 1.480216 -0.071067 1.459014 -0.017277 1.561819 0.322411 1.443500 0.050386 2.410000 0.540000
1772410346827750857 0.765967 0.078213 1.480216 -0.071067 1.459014 -0.017277 1.561819 0.322411 1.443500 0.050386 2.410000 0.540000
1772410346847672057 0.765967 0.078213 1.480216 -0.071067 1.459014 -0.017277 1.561819 0.322411 1.443500 0.050386 2.410000 0.540000
1772410346866251748 0.765858 0.077973 1.480216 -0.071067 1.459014 -0.017277 1.561819 0.322411 1.443500 0.050386 2.410000 0.540000
1772410346867646372 0.765858 0.077973 1.480216 -0.071067 1.459006 -0.017371 1.561819 0.322411 1.443500 0.050386 2.410000 0.540000
1772410346887174252 0.765858 0.077973 1.480216 -0.071067 1.459006 -0.017371 1.561819 0.322411 1.443500 0.050386 2.420000 0.520000
1772410346887509750 0.765858 0.077973 1.480216 -0.071067 1.459006 -0.017371 1.561819 0.322411 1.443500 0.050386 2.420000 0.520000
1772410346887537256 0.765858 0.077973 1.490221 -0.091064 1.459006 -0.017371 1.561819 0.322411 1.443500 0.050386 2.420000 0.520000
1772410346907826194 0.765858 0.077973 1.490221 -0.091064 1.460297 -0.020450 1.561819 0.322411 1.443500 0.050386 2.420000 0.520000
1772410346918852541 0.765858 0.077973 1.490221 -0.091064 1.460297 -0.020450 1.561819 0.322411 1.449064 0.033265 2.420000 0.520000
1772410346927655525 0.765858 0.077973 1.490221 -0.091064 1.460297 -0.020450 1.561819 0.322411 1.449064 0.033265 2.420000 0.520000
1772410346947691956 0.765858 0.077973 1.490221 -0.091064 1.460297 -0.020450 1.561819 0.322411 1.449064 0.033265 2.420000 0.520000
1772410346967647505 0.765858 0.077973 1.490221 -0.091064 1.460297 -0.020450 1.561819 0.322411 1.449064 0.033265 2.420000 0.520000
1772410346968145657 0.765858 0.077973 1.490221 -0.091064 1.460297 -0.020450 1.561399 0.320113 1.449064 0.033265 2.420000 0.520000
1772410346987643683 0.765858 0.077973 1.490221 -0.091064 1.460296 -0.020450 1.561399 0.320113 1.449064 0.033265 2.420000 0.520000
1772410347003095857 0.765631 0.077558 1.490221 -0.091064 1.460296 -0.020450 1.561399 0.320113 1.449064 0.033265 2.420000 0.520000
1772410347003158694 0.765631 0.077558 1.490221 -0.091064 1.460296 -0.020450 1.561399 0.320113 1.449064 0.033265 2.420000 0.490000
1772410347003872771 0.765631 0.077558 1.490227 -0.121064 1.460296 -0.020450 1.561399 0.320113 1.449064 0.033265 2.420000 0.490000
1772410347007661779 0.765631 0.077558 1.490227 -0.121064 1.461458 -0.025006 1.561399 0.320113 1.449064 0.033265 2.420000 0.490000
1772410347027849710 0.765631 0.077558 1.490227 -0.121064 1.461458 -0.025006 1.561399 0.320113 1.449064 0.033265 2.420000 0.490000
1772410347047781797 0.765631 0.077558 1.490227 -0.121064 1.461457 -0.025006 1.561399 0.320113 1.449064 0.033265 2.420000 0.490000
1772410347067809537 0.765631 0.077558 1.490227 -0.121064 1.461457 -0.025006 1.561399 0.320113 1.449064 0.033265 2.420000 0.490000
1772410347068397053 0.765631 0.077558 1.490227 -0.121064 1.461457 -0.025006 1.561212 0.319088 1.449064 0.033265 2.420000 0.490000
1772410347068424278 0.765631 0.077558 1.490227 -0.121064 1.461457 -0.025006 1.561212 0.319088 1.451866 0.022200 2.420000 0.490000
1772410347086383352 0.765631 0.077558 1.490227 -0.121064 1.461457 -0.025006 1.561212 0.319088 1.451866 0.022200 2.430000 0.470000
1772410347086420147 0.765300 0.077083 1.490227 -0.121064 1.461457 -0.025006 1.561212 0.319088 1.451866 0.022200 2.430000 0.470000
1772410347086841252 0.765300 0.077083 1.500232 -0.141062 1.461457 -0.025006 1.561212 0.319088 1.451866 0.022200 2.430000 0.470000
1772410347087467948 0.765300 0.077083 1.500232 -0.141062 1.462887 -0.030380 1.561212 0.319088 1.451866 0.022200 2.430000 0.470000
1772410347107994327 0.765300 0.077083 1.500232 -0.141062 1.462887 -0.030380 1.561212 0.319088 1.451866 0.022200 2.430000 0.470000
1772410347127514306 0.765300 0.077083 1.500232 -0.141062 1.462889 -0.030381 1.561212 0.319088 1.451866 0.022200 2.430000 0.470000
1772410347147614633 0.765300 0.077083 1.500232 -0.141062 1.462888 -0.030380 1.561212 0.319088 1.451866 0.022200 2.430000 0.470000
1772410347167616969 0.765300 0.077083 1.500232 -0.141062 1.462888 -0.030380 1.561212 0.319088 1.451866 0.022200 2.430000 0.470000
1772410347186535222 0.765300 0.077083 1.500232 -0.141062 1.462888 -0.030380 1.561212 0.319088 1.451866 0.022200 2.430000 0.470000
1772410347187190020 0.765300 0.077083 1.500232 -0.141062 1.462888 -0.030380 1.561212 0.319088 1.451866 0.022200 2.430000 0.470000
1772410347187696142 0.765300 0.077083 1.500232 -0.141062 1.462887 -0.030380 1.561212 0.319088 1.451866 0.022200 2.430000 0.470000
1772410347193176956 0.765300 0.077083 1.500232 -0.141062 1.462887 -0.030380 1.561071 0.318391 1.451866 0.022200 2.430000 0.470000
1772410347206568821 0.764951 0.076689 1.500232 -0.141062 1.462887 -0.030380 1.561071 0.318391 1.451866 0.022200 2.430000 0.470000
1772410347207630634 0.764951 0.076689 1.500232 -0.141062 1.464126 -0.035495 1.561071 0.318391 1.451866 0.022200 2.430000 0.470000
1772410347227603549 0.764951 0.076689 1.500232 -0.141062 1.464131 -0.035497 1.561071 0.318391 1.451866 0.022200 2.430000 0.470000
1772410347247805784 0.764951 0.076689 1.500232 -0.141062 1.464131 -0.035497 1.561071 0.318391 1.451866 0.022200 2.430000 0.470000
1772410347267626627 0.764951 0.076689 1.500232 -0.141062 1.464131 -0.035497 1.561071 0.318391 1.451866 0.022200 2.430000 0.470000
1772410347268312526 0.764951 0.076689 1.500232 -0.141062 1.464131 -0.035497 1.561071 0.318391 1.458350 0.000575 2.430000 0.470000
1772410347286320525 0.764951 0.076689 1.500232 -0.141062 1.464131 -0.035497 1.561071 0.318391 1.458350 0.000575 2.430000 0.460000
1772410347286749975 0.764951 0.076689 1.500234 -0.151062 1.464131 -0.035497 1.561071 0.318391 1.458350 0.000575 2.430000 0.460000
1772410347287843754 0.764951 0.076689 1.500234 -0.151062 1.465437 -0.040550 1.561071 0.318391 1.458350 0.000575 2.430000 0.460000
1772410347306471263 0.764558 0.076339 1.500234 -0.151062 1.465437 -0.040550 1.561071 0.318391 1.458350 0.000575 2.430000 0.460000
1772410347307595372 0.764558 0.076339 1.500234 -0.151062 1.465376 -0.040635 1.561071 0.318391 1.458350 0.000575 2.430000 0.460000
1772410347327686707 0.764558 0.076339 1.500234 -0.151062 1.465379 -0.040637 1.561071 0.318391 1.458350 0.000575 2.430000 0.460000
1772410347347648973 0.764558 0.076339 1.500234 -0.151062 1.465379 -0.040637 1.561071 0.318391 1.458350 0.000575 2.430000 0.460000
1772410347367654192 0.764558 0.076339 1.500234 -0.151062 1.465379 -0.040637 1.561071 0.318391 1.458350 0.000575 2.430000 0.460000
1772410347367945037 0.764558 0.076339 1.500234 -0.151062 1.465379 -0.040637 1.561123 0.318154 1.458350 0.000575 2.430000 0.460000
1772410347386719633 0.764558 0.076339 1.500234 -0.151062 1.465379 -0.040637 1.561123 0.318154 1.458350 0.000575 2.430000 0.460000
1772410347386949274 0.764558 0.076339 1.500234 -0.151062 1.465379 -0.040637 1.561123 0.318154 1.458350 0.000575 2.430000 0.460000
1772410347387506260 0.764558 0.076339 1.500234 -0.151062 1.466572 -0.045535 1.561123 0.318154 1.458350 0.000575 2.430000 0.460000
1772410347407755676 0.764558 0.076339 1.500234 -0.151062 1.466572 -0.045535 1.561123 0.318154 1.458350 0.000575 2.430000 0.460000
1772410347418207358 0.764558 0.076339 1.500234 -0.151062 1.466572 -0.045535 1.561123 0.318154 1.463694 -0.020321 2.430000 0.460000
1772410347426548850 0.764343 0.076188 1.500234 -0.151062 1.466572 -0.045535 1.561123 0.318154 1.463694 -0.020321 2.430000 0.460000
1772410347427647565 0.764343 0.076188 1.500234 -0.151062 1.466515 -0.045601 1.561123 0.318154 1.463694 -0.020321 2.430000 0.460000
1772410347447671988 0.764343 0.076188 1.500234 -0.151062 1.466515 -0.045601 1.561123 0.318154 1.463694 -0.020321 2.430000 0.460000
1772410347467547362 0.764343 0.076188 1.500234 -0.151062 1.466515 -0.045601 1.561123 0.318154 1.463694 -0.020321 2.430000 0.460000
1772410347487699644 0.764343 0.076188 1.500234 -0.151062 1.466515 -0.045601 1.561123 0.318154 1.463694 -0.020321 2.430000 0.460000
1772410347487750403 0.764343 0.076188 1.500234 -0.151062 1.466515 -0.045601 1.561123 0.318154 1.463694 -0.020321 2.430000 0.460000
1772410347488301585 0.764343 0.076188 1.500234 -0.151062 1.466515 -0.045601 1.561123 0.318154 1.463694 -0.020321 2.430000 0.460000
1772410347493161489 0.764343 0.076188 1.500234 -0.151062 1.466515 -0.045601 1.561125 0.317703 1.463694 -0.020321 2.430000 0.460000
1772410347507752182 0.764343 0.076188 1.500234 -0.151062 1.467831 -0.050086 1.561125 0.317703 1.463694 -0.020321 2.430000 0.460000
1772410347518353126 0.764343 0.076188 1.500234 -0.151062 1.467831 -0.050086 1.561125 0.317703 1.466145 -0.029520 2.430000 0.460000
1772410347526596027 0.764343 0.076188 1.500234 -0.151062 1.467831 -0.050086 1.561125 0.317703 1.466145 -0.029520 2.430000 0.460000
1772410347527687828 0.764343 0.076188 1.500234 -0.151062 1.467832 -0.050086 1.561125 0.317703 1.466145 -0.029520 2.430000 0.460000
1772410347547552603 0.764343 0.076188 1.500234 -0.151062 1.467832 -0.050086 1.561125 0.317703 1.466145 -0.029520 2.430000 0.460000
1772410347567831900 0.764343 0.076188 1.500234 -0.151062 1.467832 -0.050086 1.561125 0.317703 1.466145 -0.029520 2.430000 0.460000
1772410347586979786 0.764343 0.076188 1.500234 -0.151062 1.467832 -0.050086 1.561125 0.317703 1.466145 -0.029520 2.430000 0.450000
1772410347587628972 0.764343 0.076188 1.500234 -0.151062 1.467832 -0.050086 1.561125 0.317703 1.466145 -0.029520 2.430000 0.450000
1772410347587669710 0.764343 0.076188 1.500236 -0.161062 1.467832 -0.050086 1.561125 0.317703 1.466145 -0.029520 2.430000 0.450000
1772410347593145796 0.764343 0.076188 1.500236 -0.161062 1.467832 -0.050086 1.561242 0.317542 1.466145 -0.029520 2.430000 0.450000
1772410347607483031 0.764343 0.076188 1.500236 -0.161062 1.469188 -0.054730 1.561242 0.317542 1.466145 -0.029520 2.430000 0.450000
1772410347618535011 0.764343 0.076188 1.500236 -0.161062 1.469188 -0.054730 1.561242 0.317542 1.468600 -0.038459 2.430000 0.450000
1772410347627656281 0.764343 0.076188 1.500236 -0.161062 1.469188 -0.054730 1.561242 0.317542 1.468600 -0.038459 2.430000 0.450000
1772410347646516569 0.764489 0.076247 1.500236 -0.161062 1.469188 -0.054730 1.561242 0.317542 1.468600 -0.038459 2.430000 0.450000
1772410347647543555 0.764489 0.076247 1.500236 -0.161062 1.469250 -0.054683 1.561242 0.317542 1.468600 -0.038459 2.430000 0.450000
1772410347667712261 0.764489 0.076247 1.500236 -0.161062 1.469250 -0.054683 1.561242 0.317542 1.468600 -0.038459 2.430000 0.450000
1772410347687108899 0.764489 0.076247 1.500236 -0.161062 1.469250 -0.054683 1.561242 0.317542 1.468600 -0.038459 2.430000 0.450000
1772410347687685865 0.764489 0.076247 1.500236 -0.161062 1.469250 -0.054683 1.561242 0.317542 1.468600 -0.038459 2.430000 0.450000
1772410347687806377 0.764489 0.076247 1.500236 -0.161062 1.469250 -0.054683 1.561242 0.317542 1.468600 -0.038459 2.430000 0.450000
1772410347707596141 0.764489 0.076247 1.500236 -0.161062 1.470594 -0.059122 1.561242 0.317542 1.468600 -0.038459 2.430000 0.450000
1772410347718595893 0.764489 0.076247 1.500236 -0.161062 1.470594 -0.059122 1.561650 0.317644 1.468600 -0.038459 2.430000 0.450000
1772410347718628940 0.764489 0.076247 1.500236 -0.161062 1.470594 -0.059122 1.561650 0.317644 1.470971 -0.046743 2.430000 0.450000
1772410347727738326 0.764489 0.076247 1.500236 -0.161062 1.470594 -0.059122 1.561650 0.317644 1.470971 -0.046743 2.430000 0.450000
1772410347747395504 0.764691 0.076305 1.500236 -0.161062 1.470594 -0.059122 1.561650 0.317644 1.470971 -0.046743 2.430000 0.450000
1772410347747684152 0.764691 0.076305 1.500236 -0.161062 1.470594 -0.059122 1.561650 0.317644 1.470971 -0.046743 2.430000 0.450000
1772410347767682570 0.764691 0.076305 1.500236 -0.161062 1.470701 -0.059057 1.561650 0.317644 1.470971 -0.046743 2.430000 0.450000
1772410347787803358 0.764691 0.076305 1.500236 -0.161062 1.470701 -0.059057 1.561650 0.317644 1.470971 -0.046743 2.430000 0.450000
1772410347787903530 0.764691 0.076305 1.500236 -0.161062 1.470701 -0.059057 1.561650 0.317644 1.470971 -0.046743 2.420000 0.450000
1772410347788519693 0.764691 0.076305 1.490236 -0.161064 1.470701 -0.059057 1.561650 0.317644 1.470971 -0.046743 2.420000 0.450000
1772410347807541480 0.764691 0.076305 1.490236 -0.161064 1.471596 -0.063317 1.561650 0.317644 1.470971 -0.046743 2.420000 0.450000
1772410347818577382 0.764691 0.076305 1.490236 -0.161064 1.471596 -0.063317 1.561920 0.317519 1.470971 -0.046743 2.420000 0.450000
1772410347818612075 0.764691 0.076305 1.490236 -0.161064 1.471596 -0.063317 1.561920 0.317519 1.472550 -0.054441 2.420000 0.450000
1772410347827779392 0.764691 0.076305 1.490236 -0.161064 1.471596 -0.063317 1.561920 0.317519 1.472550 -0.054441 2.420000 0.450000
1772410347847507521 0.764691 0.076305 1.490236 -0.161064 1.471596 -0.063317 1.561920 0.317519 1.472550 -0.054441 2.420000 0.450000
1772410347867429890 0.764951 0.076349 1.490236 -0.161064 1.471596 -0.063317 1.561920 0.317519 1.472550 -0.054441 2.420000 0.450000
1772410347867614406 0.764951 0.076349 1.490236 -0.161064 1.471596 -0.063318 1.561920 0.317519 1.472550 -0.054441 2.420000 0.450000
1772410347887050061 0.764951 0.076349 1.490236 -0.161064 1.471596 -0.063318 1.561920 0.317519 1.472550 -0.054441 2.400000 0.470000
1772410347887641124 0.764951 0.076349 1.470232 -0.141069 1.471596 -0.063318 1.561920 0.317519 1.472550 -0.054441 2.400000 0.470000
1772410347887691678 0.764951 0.076349 1.470232 -0.141069 1.471756 -0.063247 1.561920 0.317519 1.472550 -0.054441 2.400000 0.470000
1772410347907541910 0.764951 0.076349 1.470232 -0.141069 1.471731 -0.066521 1.561920 0.317519 1.472550 -0.054441 2.400000 0.470000
1772410347927517083 0.764951 0.076349 1.470232 -0.141069 1.471731 -0.066521 1.561920 0.317519 1.472550 -0.054441 2.400000 0.470000
1772410347942834164 0.764951 0.076349 1.470232 -0.141069 1.471731 -0.066521 1.561920 0.317519 1.472775 -0.060219 2.400000 0.470000
1772410347942956963 0.764951 0.076349 1.470232 -0.141069 1.471731 -0.066521 1.562408 0.317516 1.472775 -0.060219 2.400000 0.470000
1772410347947401372 0.764951 0.076349 1.470232 -0.141069 1.471731 -0.066522 1.562408 0.317516 1.472775 -0.060219 2.400000 0.470000
1772410347965881380 0.765213 0.076365 1.470232 -0.141069 1.471731 -0.066522 1.562408 0.317516 1.472775 -0.060219 2.400000 0.470000
1772410347967567067 0.765213 0.076365 1.470232 -0.141069 1.471930 -0.066456 1.562408 0.317516 1.472775 -0.060219 2.400000 0.470000
1772410347986731891 0.765213 0.076365 1.470232 -0.141069 1.471930 -0.066456 1.562408 0.317516 1.472775 -0.060219 2.380000 0.490000
1772410347987194489 0.765213 0.076365 1.450227 -0.121073 1.471930 -0.066456 1.562408 0.317516 1.472775 -0.060219 2.380000 0.490000
1772410347987297607 0.765213 0.076365 1.450227 -0.121073 1.471930 -0.066456 1.562408 0.317516 1.472775 -0.060219 2.380000 0.490000
1772410348007606871 0.765213 0.076365 1.450227 -0.121073 1.471059 -0.068758 1.562408 0.317516 1.472775 -0.060219 2.380000 0.490000
1772410348027615954 0.765213 0.076365 1.450227 -0.121073 1.471059 -0.068758 1.562408 0.317516 1.472775 -0.060219 2.380000 0.490000
1772410348047536974 0.765213 0.076365 1.450227 -0.121073 1.471059 -0.068759 1.562408 0.317516 1.472775 -0.060219 2.380000 0.490000
1772410348067580087 0.765213 0.076365 1.450227 -0.121073 1.471059 -0.068759 1.562408 0.317516 1.472775 -0.060219 2.380000 0.490000
1772410348068172155 0.765213 0.076365 1.450227 -0.121073 1.471059 -0.068759 1.562913 0.317434 1.472775 -0.060219 2.380000 0.490000
1772410348068192923 0.765213 0.076365 1.450227 -0.121073 1.471059 -0.068759 1.562913 0.317434 1.471619 -0.064338 2.380000 0.490000
1772410348087326783 0.765213 0.076365 1.450227 -0.121073 1.471059 -0.068759 1.562913 0.317434 1.471619 -0.064338 2.370000 0.510000
1772410348087375263 0.765371 0.076357 1.450227 -0.121073 1.471059 -0.068759 1.562913 0.317434 1.471619 -0.064338 2.370000 0.510000
1772410348087740461 0.765371 0.076357 1.450227 -0.121073 1.471059 -0.068759 1.562913 0.317434 1.471619 -0.064338 2.370000 0.510000
1772410348087960832 0.765371 0.076357 1.440223 -0.101076 1.471059 -0.068759 1.562913 0.317434 1.471619 -0.064338 2.370000 0.510000
1772410348107607729 0.765371 0.076357 1.440223 -0.101076 1.469871 -0.070107 1.562913 0.317434 1.471619 -0.064338 2.370000 0.510000
1772410348127571761 0.765371 0.076357 1.440223 -0.101076 1.469871 -0.070107 1.562913 0.317434 1.471619 -0.064338 2.370000 0.510000
1772410348147533587 0.765371 0.076357 1.440223 -0.101076 1.469872 -0.070108 1.562913 0.317434 1.471619 -0.064338 2.370000 0.510000
1772410348167654101 0.765371 0.076357 1.440223 -0.101076 1.469872 -0.070108 1.562913 0.317434 1.471619 -0.064338 2.370000 0.510000
1772410348168186891 0.765371 0.076357 1.440223 -0.101076 1.469872 -0.070108 1.563037 0.317149 1.471619 -0.064338 2.370000 0.510000
1772410348168210366 0.765371 0.076357 1.440223 -0.101076 1.469872 -0.070108 1.563037 0.317149 1.469502 -0.066988 2.370000 0.510000
1772410348187637834 0.765371 0.076357 1.440223 -0.101076 1.469872 -0.070108 1.563037 0.317149 1.469502 -0.066988 2.370000 0.510000
1772410348188630082 0.765423 0.076348 1.440223 -0.101076 1.469872 -0.070108 1.563037 0.317149 1.469502 -0.066988 2.370000 0.510000
1772410348188659822 0.765423 0.076348 1.440223 -0.101076 1.469872 -0.070108 1.563037 0.317149 1.469502 -0.066988 2.370000 0.540000
1772410348189103063 0.765423 0.076348 1.440216 -0.071076 1.469872 -0.070108 1.563037 0.317149 1.469502 -0.066988 2.370000 0.540000
1772410348207780781 0.765423 0.076348 1.440216 -0.071076 1.468658 -0.070145 1.563037 0.317149 1.469502 -0.066988 2.370000 0.540000
1772410348227733101 0.765423 0.076348 1.440216 -0.071076 1.468658 -0.070145 1.563037 0.317149 1.469502 -0.066988 2.370000 0.540000
1772410348247734368 0.765423 0.076348 1.440216 -0.071076 1.468658 -0.070145 1.563037 0.317149 1.469502 -0.066988 2.370000 0.540000
1772410348267676623 0.765423 0.076348 1.440216 -0.071076 1.468658 -0.070145 1.563037 0.317149 1.469502 -0.066988 2.370000 0.540000
1772410348286720890 0.765423 0.076348 1.440216 -0.071076 1.468658 -0.070145 1.563037 0.317149 1.469502 -0.066988 2.350000 0.570000
1772410348287482283 0.765423 0.076348 1.420209 -0.041080 1.468658 -0.070145 1.563037 0.317149 1.469502 -0.066988 2.350000 0.570000
1772410348287786285 0.765423 0.076348 1.420209 -0.041080 1.468658 -0.070146 1.563037 0.317149 1.469502 -0.066988 2.350000 0.570000
1772410348293101602 0.765423 0.076348 1.420209 -0.041080 1.468658 -0.070146 1.563249 0.316959 1.469502 -0.066988 2.350000 0.570000
1772410348306616762 0.765372 0.076362 1.420209 -0.041080 1.468658 -0.070146 1.563249 0.316959 1.469502 -0.066988 2.350000 0.570000
1772410348307625238 0.765372 0.076362 1.420209 -0.041080 1.466675 -0.068931 1.563249 0.316959 1.469502 -0.066988 2.350000 0.570000
1772410348327728280 0.765372 0.076362 1.420209 -0.041080 1.466675 -0.068931 1.563249 0.316959 1.469502 -0.066988 2.350000 0.570000
1772410348347600143 0.765372 0.076362 1.420209 -0.041080 1.466675 -0.068931 1.563249 0.316959 1.469502 -0.066988 2.350000 0.570000
1772410348367762935 0.765372 0.076362 1.420209 -0.041080 1.466675 -0.068931 1.563249 0.316959 1.469502 -0.066988 2.350000 0.570000
1772410348368367664 0.765372 0.076362 1.420209 -0.041080 1.466675 -0.068931 1.563249 0.316959 1.464575 -0.065579 2.350000 0.570000
1772410348386522367 0.765372 0.076362 1.420209 -0.041080 1.466675 -0.068931 1.563249 0.316959 1.464575 -0.065579 2.400000 0.530000
1772410348386775082 0.765372 0.076362 1.470218 -0.081069 1.466675 -0.068931 1.563249 0.316959 1.464575 -0.065579 2.400000 0.530000
1772410348387747662 0.765372 0.076362 1.470218 -0.081069 1.466790 -0.069439 1.563249 0.316959 1.464575 -0.065579 2.400000 0.530000
1772410348406778312 0.759272 0.078677 1.470218 -0.081069 1.466790 -0.069439 1.563249 0.316959 1.464575 -0.065579 2.400000 0.530000
1772410348407532411 0.759272 0.078677 1.470218 -0.081069 1.465511 -0.069360 1.563249 0.316959 1.464575 -0.065579 2.400000 0.530000
1772410348427428986 0.759272 0.078677 1.470218 -0.081069 1.465511 -0.069374 1.563249 0.316959 1.464575 -0.065579 2.400000 0.530000
1772410348447809360 0.759272 0.078677 1.470218 -0.081069 1.465510 -0.069375 1.563249 0.316959 1.464575 -0.065579 2.400000 0.530000
1772410348467640789 0.759272 0.078677 1.470218 -0.081069 1.465510 -0.069375 1.563249 0.316959 1.464575 -0.065579 2.400000 0.530000
1772410348468004205 0.759272 0.078677 1.470218 -0.081069 1.465510 -0.069375 1.556381 0.315524 1.464575 -0.065579 2.400000 0.530000
1772410348486871666 0.759272 0.078677 1.470218 -0.081069 1.465510 -0.069375 1.556381 0.315524 1.464575 -0.065579 2.410000 0.510000
1772410348487204808 0.759272 0.078677 1.480223 -0.101067 1.465510 -0.069375 1.556381 0.315524 1.464575 -0.065579 2.410000 0.510000
1772410348487700389 0.759272 0.078677 1.480223 -0.101067 1.461118 -0.070486 1.556381 0.315524 1.464575 -0.065579 2.410000 0.510000
1772410348507624167 0.759272 0.078677 1.480223 -0.101067 1.461118 -0.070486 1.556381 0.315524 1.464575 -0.065579 2.410000 0.510000
1772410348518132005 0.759272 0.078677 1.480223 -0.101067 1.461118 -0.070486 1.556381 0.315524 1.452664 -0.069870 2.410000 0.510000
1772410348526524646 0.738776 0.087494 1.480223 -0.101067 1.461118 -0.070486 1.556381 0.315524 1.452664 -0.069870 2.410000 0.510000
1772410348527550230 0.738776 0.087494 1.480223 -0.101067 1.453713 -0.070156 1.556381 0.315524 1.452664 -0.069870 2.410000 0.510000
1772410348547699786 0.738776 0.087494 1.480223 -0.101067 1.453713 -0.070156 1.556381 0.315524 1.452664 -0.069870 2.410000 0.510000
1772410348567614982 0.738776 0.087494 1.480223 -0.101067 1.453713 -0.070156 1.556381 0.315524 1.452664 -0.069870 2.410000 0.510000
1772410348586650736 0.738776 0.087494 1.480223 -0.101067 1.453713 -0.070156 1.556381 0.315524 1.452664 -0.069870 2.410000 0.480000
1772410348587625434 0.738776 0.087494 1.480230 -0.131067 1.453713 -0.070156 1.556381 0.315524 1.452664 -0.069870 2.410000 0.480000
1772410348587696517 0.738776 0.087494 1.480230 -0.131067 1.453713 -0.070155 1.556381 0.315524 1.452664 -0.069870 2.410000 0.480000
1772410348593160640 0.738776 0.087494 1.480230 -0.131067 1.453713 -0.070155 1.526516 0.314163 1.452664 -0.069870 2.410000 0.480000
1772410348607885488 0.738776 0.087494 1.480230 -0.131067 1.444159 -0.072214 1.526516 0.314163 1.452664 -0.069870 2.410000 0.480000
1772410348626695041 0.713256 0.098613 1.480230 -0.131067 1.444159 -0.072214 1.526516 0.314163 1.452664 -0.069870 2.410000 0.480000
1772410348627730239 0.713256 0.098613 1.480230 -0.131067 1.433074 -0.071645 1.526516 0.314163 1.452664 -0.069870 2.410000 0.480000
1772410348647746312 0.713256 0.098613 1.480230 -0.131067 1.433074 -0.071645 1.526516 0.314163 1.452664 -0.069870 2.410000 0.480000
1772410348667432054 0.713256 0.098613 1.480230 -0.131067 1.433074 -0.071648 1.526516 0.314163 1.452664 -0.069870 2.410000 0.480000
1772410348667946500 0.713256 0.098613 1.480230 -0.131067 1.433074 -0.071648 1.526516 0.314163 1.409992 -0.070541 2.410000 0.480000
1772410348686661960 0.713256 0.098613 1.480230 -0.131067 1.433074 -0.071648 1.526516 0.314163 1.409992 -0.070541 2.410000 0.460000
1772410348687326319 0.713256 0.098613 1.480234 -0.151067 1.433074 -0.071648 1.526516 0.314163 1.409992 -0.070541 2.410000 0.460000
1772410348687619426 0.713256 0.098613 1.480234 -0.151067 1.433074 -0.071645 1.526516 0.314163 1.409992 -0.070541 2.410000 0.460000
1772410348707689785 0.713256 0.098613 1.480234 -0.151067 1.419018 -0.074124 1.526516 0.314163 1.409992 -0.070541 2.410000 0.460000
1772410348718431710 0.713256 0.098613 1.480234 -0.151067 1.419018 -0.074124 1.487667 0.318298 1.409992 -0.070541 2.410000 0.460000
1772410348727735674 0.713256 0.098613 1.480234 -0.151067 1.419018 -0.074129 1.487667 0.318298 1.409992 -0.070541 2.410000 0.460000
1772410348746610628 0.686908 0.110200 1.480234 -0.151067 1.419018 -0.074129 1.487667 0.318298 1.409992 -0.070541 2.410000 0.460000
1772410348747565890 0.686908 0.110200 1.480234 -0.151067 1.404723 -0.073294 1.487667 0.318298 1.409992 -0.070541 2.410000 0.460000
1772410348767568603 0.686908 0.110200 1.480234 -0.151067 1.404723 -0.073300 1.487667 0.318298 1.409992 -0.070541 2.410000 0.460000
1772410348786469101 0.686908 0.110200 1.480234 -0.151067 1.404723 -0.073300 1.487667 0.318298 1.409992 -0.070541 2.440000 0.460000
1772410348786794488 0.686908 0.110200 1.510234 -0.151060 1.404723 -0.073300 1.487667 0.318298 1.409992 -0.070541 2.440000 0.460000
1772410348787586220 0.686908 0.110200 1.510234 -0.151060 1.399966 -0.076044 1.487667 0.318298 1.409992 -0.070541 2.440000 0.460000
1772410348807594694 0.686908 0.110200 1.510234 -0.151060 1.399966 -0.076044 1.487667 0.318298 1.409992 -0.070541 2.440000 0.460000
1772410348818359763 0.686908 0.110200 1.510234 -0.151060 1.399966 -0.076044 1.487667 0.318298 1.384493 -0.075059 2.440000 0.460000
1772410348827969419 0.686908 0.110200 1.510234 -0.151060 1.399966 -0.076044 1.487667 0.318298 1.384493 -0.075059 2.440000 0.460000
1772410348846336877 0.660210 0.122168 1.510234 -0.151060 1.399966 -0.076044 1.487667 0.318298 1.384493 -0.075059 2.440000 0.460000
1772410348847565514 0.660210 0.122168 1.510234 -0.151060 1.382535 -0.074941 1.487667 0.318298 1.384493 -0.075059 2.440000 0.460000
1772410348867572254 0.660210 0.122168 1.510234 -0.151060 1.382534 -0.074945 1.487667 0.318298 1.384493 -0.075059 2.440000 0.460000
1772410348886865304 0.660210 0.122168 1.510234 -0.151060 1.382534 -0.074945 1.487667 0.318298 1.384493 -0.075059 2.470000 0.440000
1772410348887298979 0.660210 0.122168 1.540239 -0.171053 1.382534 -0.074945 1.487667 0.318298 1.384493 -0.075059 2.470000 0.440000
1772410348887492070 0.660210 0.122168 1.540239 -0.171053 1.382534 -0.074945 1.487667 0.318298 1.384493 -0.075059 2.470000 0.440000
1772410348893169722 0.660210 0.122168 1.540239 -0.171053 1.382534 -0.074945 1.441262 0.328250 1.384493 -0.075059 2.470000 0.440000
1772410348907775141 0.660210 0.122168 1.540239 -0.171053 1.377920 -0.078301 1.441262 0.328250 1.384493 -0.075059 2.470000 0.440000
1772410348918202143 0.660210 0.122168 1.540239 -0.171053 1.377920 -0.078301 1.441262 0.328250 1.364132 -0.076836 2.470000 0.440000
1772410348927863148 0.660210 0.122168 1.540239 -0.171053 1.377920 -0.078299 1.441262 0.328250 1.364132 -0.076836 2.470000 0.440000
1772410348947742625 0.660210 0.122168 1.540239 -0.171053 1.377920 -0.078299 1.441262 0.328250 1.364132 -0.076836 2.470000 0.440000
1772410348966489526 0.633218 0.134507 1.540239 -0.171053 1.377920 -0.078299 1.441262 0.328250 1.364132 -0.076836 2.470000 0.440000
1772410348967567491 0.633218 0.134507 1.540239 -0.171053 1.358301 -0.076922 1.441262 0.328250 1.364132 -0.076836 2.470000 0.440000
1772410348986696179 0.633218 0.134507 1.540239 -0.171053 1.358301 -0.076922 1.441262 0.328250 1.364132 -0.076836 2.490000 0.440000
1772410348987100370 0.633218 0.134507 1.560239 -0.171049 1.358301 -0.076922 1.441262 0.328250 1.364132 -0.076836 2.490000 0.440000
1772410348987759644 0.633218 0.134507 1.560239 -0.171049 1.362115 -0.080590 1.441262 0.328250 1.364132 -0.076836 2.490000 0.440000
1772410349007428947 0.633218 0.134507 1.560239 -0.171049 1.362115 -0.080595 1.441262 0.328250 1.364132 -0.076836 2.490000 0.440000
1772410349018269909 0.633218 0.134507 1.560239 -0.171049 1.362115 -0.080595 1.412306 0.335463 1.364132 -0.076836 2.490000 0.440000
1772410349027954279 0.633218 0.134507 1.560239 -0.171049 1.362115 -0.080595 1.412306 0.335463 1.364132 -0.076836 2.490000 0.440000
1772410349047803637 0.633218 0.134507 1.560239 -0.171049 1.362115 -0.080595 1.412306 0.335463 1.364132 -0.076836 2.490000 0.440000
1772410349067286537 0.606349 0.146989 1.560239 -0.171049 1.362115 -0.080595 1.412306 0.335463 1.364132 -0.076836 2.490000 0.440000
1772410349067565824 0.606349 0.146989 1.560239 -0.171049 1.362115 -0.080591 1.412306 0.335463 1.364132 -0.076836 2.490000 0.440000
1772410349086805270 0.606349 0.146989 1.560239 -0.171049 1.362115 -0.080591 1.412306 0.335463 1.364132 -0.076836 2.460000 0.440000
1772410349087555072 0.606349 0.146989 1.530239 -0.171055 1.362115 -0.080591 1.412306 0.335463 1.364132 -0.076836 2.460000 0.440000
1772410349087591706 0.606349 0.146989 1.530239 -0.171055 1.338598 -0.078819 1.412306 0.335463 1.364132 -0.076836 2.460000 0.440000
1772410349107739829 0.606349 0.146989 1.530239 -0.171055 1.341042 -0.082332 1.412306 0.335463 1.364132 -0.076836 2.460000 0.440000
1772410349118310446 0.606349 0.146989 1.530239 -0.171055 1.341042 -0.082332 1.380782 0.340968 1.364132 -0.076836 2.460000 0.440000
1772410349118402397 0.606349 0.146989 1.530239 -0.171055 1.341042 -0.082332 1.380782 0.340968 1.331772 -0.079244 2.460000 0.440000
1772410349127709687 0.606349 0.146989 1.530239 -0.171055 1.341042 -0.082332 1.380782 0.340968 1.331772 -0.079244 2.460000 0.440000
1772410349147543950 0.606349 0.146989 1.530239 -0.171055 1.341042 -0.082332 1.380782 0.340968 1.331772 -0.079244 2.460000 0.440000
1772410349167607172 0.606349 0.146989 1.530239 -0.171055 1.341042 -0.082331 1.380782 0.340968 1.331772 -0.079244 2.460000 0.440000
1772410349186362027 0.579402 0.159675 1.530239 -0.171055 1.341042 -0.082331 1.380782 0.340968 1.331772 -0.079244 2.460000 0.440000
1772410349187562344 0.579402 0.159675 1.530239 -0.171055 1.316375 -0.080419 1.380782 0.340968 1.331772 -0.079244 2.460000 0.440000
1772410349207804017 0.579402 0.159675 1.530239 -0.171055 1.316375 -0.080419 1.380782 0.340968 1.331772 -0.079244 2.460000 0.440000
1772410349227753449 0.579402 0.159675 1.530239 -0.171055 1.316375 -0.080419 1.380782 0.340968 1.331772 -0.079244 2.460000 0.440000
1772410349247516848 0.579402 0.159675 1.530239 -0.171055 1.316376 -0.080415 1.380782 0.340968 1.331772 -0.079244 2.460000 0.440000
1772410349267601891 0.579402 0.159675 1.530239 -0.171055 1.316376 -0.080415 1.380782 0.340968 1.331772 -0.079244 2.460000 0.440000
1772410349268117429 0.579402 0.159675 1.530239 -0.171055 1.316376 -0.080415 1.346574 0.350008 1.331772 -0.079244 2.460000 0.440000
1772410349268127547 0.579402 0.159675 1.530239 -0.171055 1.316376 -0.080415 1.346574 0.350008 1.297409 -0.072690 2.460000 0.440000
1772410349286604400 0.579402 0.159675 1.530239 -0.171055 1.316376 -0.080415 1.346574 0.350008 1.297409 -0.072690 2.540000 0.430000
1772410349286638728 0.552702 0.172390 1.530239 -0.171055 1.316376 -0.080415 1.346574 0.350008 1.297409 -0.072690 2.540000 0.430000
1772410349286970206 0.552702 0.172390 1.610241 -0.181037 1.316376 -0.080415 1.346574 0.350008 1.297409 -0.072690 2.540000 0.430000
1772410349287585387 0.552702 0.172390 1.610241 -0.181037 1.300930 -0.082537 1.346574 0.350008 1.297409 -0.072690 2.540000 0.430000
1772410349307652030 0.552702 0.172390 1.610241 -0.181037 1.300930 -0.082537 1.346574 0.350008 1.297409 -0.072690 2.540000 0.430000
1772410349327573423 0.552702 0.172390 1.610241 -0.181037 1.300930 -0.082537 1.346574 0.350008 1.297409 -0.072690 2.540000 0.430000
1772410349347526670 0.552702 0.172390 1.610241 -0.181037 1.300930 -0.082534 1.346574 0.350008 1.297409 -0.072690 2.540000 0.430000
1772410349367482921 0.552702 0.172390 1.610241 -0.181037 1.300930 -0.082534 1.346574 0.350008 1.297409 -0.072690 2.540000 0.430000
1772410349386847488 0.552702 0.172390 1.610241 -0.181037 1.300930 -0.082534 1.346574 0.350008 1.297409 -0.072690 2.570000 0.430000
1772410349387212894 0.552702 0.172390 1.640241 -0.181031 1.300930 -0.082534 1.346574 0.350008 1.297409 -0.072690 2.570000 0.430000
1772410349387405079 0.552702 0.172390 1.640241 -0.181031 1.300930 -0.082534 1.346574 0.350008 1.297409 -0.072690 2.570000 0.430000
1772410349392787921 0.552702 0.172390 1.640241 -0.181031 1.300930 -0.082534 1.307809 0.357698 1.297409 -0.072690 2.570000 0.430000
1772410349406298977 0.525855 0.185287 1.640241 -0.181031 1.300930 -0.082534 1.307809 0.357698 1.297409 -0.072690 2.570000 0.430000
1772410349407510780 0.525855 0.185287 1.640241 -0.181031 1.282417 -0.083948 1.307809 0.357698 1.297409 -0.072690 2.570000 0.430000
1772410349427754758 0.525855 0.185287 1.640241 -0.181031 1.282417 -0.083948 1.307809 0.357698 1.297409 -0.072690 2.570000 0.430000
1772410349447678072 0.525855 0.185287 1.640241 -0.181031 1.282417 -0.083947 1.307809 0.357698 1.297409 -0.072690 2.570000 0.430000
1772410349467725518 0.525855 0.185287 1.640241 -0.181031 1.282417 -0.083947 1.307809 0.357698 1.297409 -0.072690 2.570000 0.430000
1772410349468415101 0.525855 0.185287 1.640241 -0.181031 1.282417 -0.083947 1.307809 0.357698 1.287005 -0.077634 2.570000 0.430000
1772410349486952098 0.525855 0.185287 1.640241 -0.181031 1.282417 -0.083947 1.307809 0.357698 1.287005 -0.077634 2.580000 0.420000
1772410349487363135 0.525855 0.185287 1.650243 -0.191028 1.282417 -0.083947 1.307809 0.357698 1.287005 -0.077634 2.580000 0.420000
1772410349487771743 0.525855 0.185287 1.650243 -0.191028 1.282418 -0.083945 1.307809 0.357698 1.287005 -0.077634 2.580000 0.420000
1772410349492996912 0.525855 0.185287 1.650243 -0.191028 1.282418 -0.083945 1.286563 0.363908 1.287005 -0.077634 2.580000 0.420000
1772410349506533137 0.472478 0.211253 1.650243 -0.191028 1.282418 -0.083945 1.286563 0.363908 1.287005 -0.077634 2.580000 0.420000
1772410349507648983 0.472478 0.211253 1.650243 -0.191028 1.267713 -0.085819 1.286563 0.363908 1.287005 -0.077634 2.580000 0.420000
1772410349527764353 0.472478 0.211253 1.650243 -0.191028 1.267713 -0.085819 1.286563 0.363908 1.287005 -0.077634 2.580000 0.420000
1772410349547753589 0.472478 0.211253 1.650243 -0.191028 1.267712 -0.085831 1.286563 0.363908 1.287005 -0.077634 2.580000 0.420000
1772410349567731009 0.472478 0.211253 1.650243 -0.191028 1.267712 -0.085831 1.286563 0.363908 1.287005 -0.077634 2.580000 0.420000
1772410349587790799 0.472478 0.211253 1.650243 -0.191028 1.267712 -0.085832 1.286563 0.363908 1.287005 -0.077634 2.580000 0.420000
1772410349588187860 0.472478 0.211253 1.650243 -0.191028 1.267712 -0.085832 1.286563 0.363908 1.287005 -0.077634 2.580000 0.390000
1772410349588772651 0.472478 0.211253 1.650250 -0.221028 1.267712 -0.085832 1.286563 0.363908 1.287005 -0.077634 2.580000 0.390000
1772410349607889849 0.472478 0.211253 1.650250 -0.221028 1.238522 -0.087580 1.286563 0.363908 1.287005 -0.077634 2.580000 0.390000
1772410349618544147 0.472478 0.211253 1.650250 -0.221028 1.238522 -0.087580 1.193652 0.377904 1.287005 -0.077634 2.580000 0.390000
1772410349618563436 0.472478 0.211253 1.650250 -0.221028 1.238522 -0.087580 1.193652 0.377904 1.227495 -0.075682 2.580000 0.390000
1772410349627813946 0.472478 0.211253 1.650250 -0.221028 1.238522 -0.087580 1.193652 0.377904 1.227495 -0.075682 2.580000 0.390000
1772410349647803610 0.472478 0.211253 1.650250 -0.221028 1.238520 -0.087600 1.193652 0.377904 1.227495 -0.075682 2.580000 0.390000
1772410349667612019 0.472478 0.211253 1.650250 -0.221028 1.238520 -0.087600 1.193652 0.377904 1.227495 -0.075682 2.580000 0.390000
1772410349687103820 0.472478 0.211253 1.650250 -0.221028 1.238520 -0.087600 1.193652 0.377904 1.227495 -0.075682 2.560000 0.420000
1772410349687707814 0.472478 0.211253 1.630243 -0.191033 1.238520 -0.087600 1.193652 0.377904 1.227495 -0.075682 2.560000 0.420000
1772410349687747855 0.472478 0.211253 1.630243 -0.191033 1.238518 -0.087619 1.193652 0.377904 1.227495 -0.075682 2.560000 0.420000
1772410349707863422 0.472478 0.211253 1.630243 -0.191033 1.198405 -0.087235 1.193652 0.377904 1.227495 -0.075682 2.560000 0.420000
1772410349726132701 0.446534 0.223960 1.630243 -0.191033 1.198405 -0.087235 1.193652 0.377904 1.227495 -0.075682 2.560000 0.420000
1772410349727580550 0.446534 0.223960 1.630243 -0.191033 1.193206 -0.086843 1.193652 0.377904 1.227495 -0.075682 2.560000 0.420000
1772410349747741217 0.446534 0.223960 1.630243 -0.191033 1.193206 -0.086843 1.193652 0.377904 1.227495 -0.075682 2.560000 0.420000
1772410349767707019 0.446534 0.223960 1.630243 -0.191033 1.193206 -0.086843 1.193652 0.377904 1.227495 -0.075682 2.560000 0.420000
1772410349787506159 0.446534 0.223960 1.630243 -0.191033 1.193205 -0.086859 1.193652 0.377904 1.227495 -0.075682 2.560000 0.420000
1772410349792868611 0.446534 0.223960 1.630243 -0.191033 1.193205 -0.086859 1.193652 0.377904 1.267037 -0.084554 2.560000 0.420000
1772410349792893592 0.446534 0.223960 1.630243 -0.191033 1.193205 -0.086859 1.199195 0.386574 1.267037 -0.084554 2.560000 0.420000
1772410349807635760 0.446534 0.223960 1.630243 -0.191033 1.193205 -0.086859 1.199195 0.386574 1.267037 -0.084554 2.560000 0.420000
1772410349827722403 0.446534 0.223960 1.630243 -0.191033 1.193203 -0.086884 1.199195 0.386574 1.267037 -0.084554 2.560000 0.420000
1772410349846282918 0.396540 0.247363 1.630243 -0.191033 1.193203 -0.086884 1.199195 0.386574 1.267037 -0.084554 2.560000 0.420000
1772410349847627956 0.396540 0.247363 1.630243 -0.191033 1.138120 -0.083518 1.199195 0.386574 1.267037 -0.084554 2.560000 0.420000
1772410349867632167 0.396540 0.247363 1.630243 -0.191033 1.138120 -0.083518 1.199195 0.386574 1.267037 -0.084554 2.560000 0.420000
1772410349887814767 0.396540 0.247363 1.630243 -0.191033 1.138121 -0.083505 1.199195 0.386574 1.267037 -0.084554 2.560000 0.420000
1772410349893707844 0.396540 0.247363 1.630243 -0.191033 1.138121 -0.083505 1.133865 0.396166 1.267037 -0.084554 2.560000 0.420000
1772410349893807022 0.396540 0.247363 1.630243 -0.191033 1.138121 -0.083505 1.133865 0.396166 1.197278 -0.071502 2.560000 0.420000
1772410349899796657 0.396540 0.247363 1.630243 -0.191033 1.138121 -0.083505 1.133865 0.396166 1.197278 -0.071502 2.490000 0.480000
1772410349900505345 0.396540 0.247363 1.560230 -0.131049 1.138121 -0.083505 1.133865 0.396166 1.197278 -0.071502 2.490000 0.480000
1772410349907634381 0.396540 0.247363 1.560230 -0.131049 1.138659 -0.084690 1.133865 0.396166 1.197278 -0.071502 2.490000 0.480000
1772410349927808681 0.396540 0.247363 1.560230 -0.131049 1.138659 -0.084700 1.133865 0.396166 1.197278 -0.071502 2.490000 0.480000
1772410349947853563 0.396540 0.247363 1.560230 -0.131049 1.138659 -0.084700 1.133865 0.396166 1.197278 -0.071502 2.490000 0.480000
1772410349967588779 0.396540 0.247363 1.560230 -0.131049 1.138659 -0.084700 1.133865 0.396166 1.197278 -0.071502 2.490000 0.480000
1772410349986807027 0.396540 0.247363 1.560230 -0.131049 1.138659 -0.084700 1.133865 0.396166 1.197278 -0.071502 2.460000 0.500000
1772410349987673106 0.396540 0.247363 1.530225 -0.111055 1.138659 -0.084700 1.133865 0.396166 1.197278 -0.071502 2.460000 0.500000
1772410349987743353 0.396540 0.247363 1.530225 -0.111055 1.138657 -0.084740 1.133865 0.396166 1.197278 -0.071502 2.460000 0.500000
1772410350007817237 0.396540 0.247363 1.530225 -0.111055 1.111183 -0.084600 1.133865 0.396166 1.197278 -0.071502 2.460000 0.500000
1772410350018292459 0.396540 0.247363 1.530225 -0.111055 1.111183 -0.084600 1.073744 0.408600 1.197278 -0.071502 2.460000 0.500000
1772410350018353252 0.396540 0.247363 1.530225 -0.111055 1.111183 -0.084600 1.073744 0.408600 1.185867 -0.068247 2.460000 0.500000
1772410350027740760 0.396540 0.247363 1.530225 -0.111055 1.111185 -0.084547 1.073744 0.408600 1.185867 -0.068247 2.460000 0.500000
1772410350048051985 0.396540 0.247363 1.530225 -0.111055 1.111185 -0.084547 1.073744 0.408600 1.185867 -0.068247 2.460000 0.500000
1772410350066453874 0.372305 0.257872 1.530225 -0.111055 1.111185 -0.084547 1.073744 0.408600 1.185867 -0.068247 2.460000 0.500000
1772410350067646010 0.372305 0.257872 1.530225 -0.111055 1.101593 -0.084472 1.073744 0.408600 1.185867 -0.068247 2.460000 0.500000
1772410350087214529 0.372305 0.257872 1.530225 -0.111055 1.101593 -0.084472 1.073744 0.408600 1.185867 -0.068247 2.450000 0.480000
1772410350087608600 0.372305 0.257872 1.520230 -0.131058 1.101593 -0.084472 1.073744 0.408600 1.185867 -0.068247 2.450000 0.480000
1772410350087644480 0.372305 0.257872 1.520230 -0.131058 1.101593 -0.084472 1.073744 0.408600 1.185867 -0.068247 2.450000 0.480000
1772410350107710876 0.372305 0.257872 1.520230 -0.131058 1.117016 -0.086445 1.073744 0.408600 1.185867 -0.068247 2.450000 0.480000
1772410350127723804 0.372305 0.257872 1.520230 -0.131058 1.117016 -0.086425 1.073744 0.408600 1.185867 -0.068247 2.450000 0.480000
1772410350147750082 0.372305 0.257872 1.520230 -0.131058 1.117016 -0.086425 1.073744 0.408600 1.185867 -0.068247 2.450000 0.480000
1772410350166305066 0.346977 0.268228 1.520230 -0.131058 1.117016 -0.086425 1.073744 0.408600 1.185867 -0.068247 2.450000 0.480000
1772410350167597165 0.346977 0.268228 1.520230 -0.131058 1.095240 -0.086515 1.073744 0.408600 1.185867 -0.068247 2.450000 0.480000
1772410350186587538 0.346977 0.268228 1.520230 -0.131058 1.095240 -0.086515 1.073744 0.408600 1.185867 -0.068247 2.430000 0.480000
1772410350187262626 0.346977 0.268228 1.500230 -0.131062 1.095240 -0.086515 1.073744 0.408600 1.185867 -0.068247 2.430000 0.480000
1772410350187646009 0.346977 0.268228 1.500230 -0.131062 1.095240 -0.086515 1.073744 0.408600 1.185867 -0.068247 2.430000 0.480000
1772410350193287883 0.346977 0.268228 1.500230 -0.131062 1.095240 -0.086515 1.074461 0.411479 1.185867 -0.068247 2.430000 0.480000
1772410350207830175 0.346977 0.268228 1.500230 -0.131062 1.107151 -0.088449 1.074461 0.411479 1.185867 -0.068247 2.430000 0.480000
1772410350218806101 0.346977 0.268228 1.500230 -0.131062 1.107151 -0.088449 1.074461 0.411479 1.224361 -0.076909 2.430000 0.480000
1772410350227973754 0.346977 0.268228 1.500230 -0.131062 1.107151 -0.088444 1.074461 0.411479 1.224361 -0.076909 2.430000 0.480000
1772410350247803280 0.346977 0.268228 1.500230 -0.131062 1.107151 -0.088444 1.074461 0.411479 1.224361 -0.076909 2.430000 0.480000
1772410350267697199 0.346977 0.268228 1.500230 -0.131062 1.107151 -0.088457 1.074461 0.411479 1.224361 -0.076909 2.430000 0.480000
1772410350286707196 0.321088 0.278314 1.500230 -0.131062 1.107151 -0.088457 1.074461 0.411479 1.224361 -0.076909 2.430000 0.480000
1772410350286736517 0.321088 0.278314 1.500230 -0.131062 1.107151 -0.088457 1.074461 0.411479 1.224361 -0.076909 2.400000 0.460000
1772410350287126798 0.321088 0.278314 1.470234 -0.151069 1.107151 -0.088457 1.074461 0.411479 1.224361 -0.076909 2.400000 0.460000
1772410350287722613 0.321088 0.278314 1.470234 -0.151069 1.100474 -0.091510 1.074461 0.411479 1.224361 -0.076909 2.400000 0.460000
1772410350307393145 0.321088 0.278314 1.470234 -0.151069 1.100474 -0.091499 1.074461 0.411479 1.224361 -0.076909 2.400000 0.460000
1772410350318145153 0.321088 0.278314 1.470234 -0.151069 1.100474 -0.091499 1.043458 0.415853 1.224361 -0.076909 2.400000 0.460000
1772410350327581808 0.321088 0.278314 1.470234 -0.151069 1.100474 -0.091496 1.043458 0.415853 1.224361 -0.076909 2.400000 0.460000
1772410350347913277 0.321088 0.278314 1.470234 -0.151069 1.100474 -0.091496 1.043458 0.415853 1.224361 -0.076909 2.400000 0.460000
1772410350367541281 0.321088 0.278314 1.470234 -0.151069 1.100474 -0.091504 1.043458 0.415853 1.224361 -0.076909 2.400000 0.460000
1772410350367877581 0.321088 0.278314 1.470234 -0.151069 1.100474 -0.091504 1.043458 0.415853 1.204779 -0.078040 2.400000 0.460000
1772410350386547738 0.321088 0.278314 1.470234 -0.151069 1.100474 -0.091504 1.043458 0.415853 1.204779 -0.078040 2.370000 0.470000
1772410350386582137 0.294481 0.288291 1.470234 -0.151069 1.100474 -0.091504 1.043458 0.415853 1.204779 -0.078040 2.370000 0.470000
1772410350386846937 0.294481 0.288291 1.440232 -0.141076 1.100474 -0.091504 1.043458 0.415853 1.204779 -0.078040 2.370000 0.470000
1772410350387424015 0.294481 0.288291 1.440232 -0.141076 1.087785 -0.094393 1.043458 0.415853 1.204779 -0.078040 2.370000 0.470000
1772410350407825091 0.294481 0.288291 1.440232 -0.141076 1.087785 -0.094380 1.043458 0.415853 1.204779 -0.078040 2.370000 0.470000
1772410350418522496 0.294481 0.288291 1.440232 -0.141076 1.087785 -0.094380 1.011861 0.419806 1.204779 -0.078040 2.370000 0.470000
1772410350427786509 0.294481 0.288291 1.440232 -0.141076 1.087785 -0.094380 1.011861 0.419806 1.204779 -0.078040 2.370000 0.470000
1772410350448018493 0.294481 0.288291 1.440232 -0.141076 1.087785 -0.094380 1.011861 0.419806 1.204779 -0.078040 2.370000 0.470000
1772410350467723227 0.294481 0.288291 1.440232 -0.141076 1.087785 -0.094386 1.011861 0.419806 1.204779 -0.078040 2.370000 0.470000
1772410350468371043 0.294481 0.288291 1.440232 -0.141076 1.087785 -0.094386 1.011861 0.419806 1.190208 -0.079637 2.370000 0.470000
1772410350486598503 0.294481 0.288291 1.440232 -0.141076 1.087785 -0.094386 1.011861 0.419806 1.190208 -0.079637 2.340000 0.440000
1772410350486870759 0.294481 0.288291 1.410239 -0.171082 1.087785 -0.094386 1.011861 0.419806 1.190208 -0.079637 2.340000 0.440000
1772410350487396046 0.294481 0.288291 1.410239 -0.171082 1.074080 -0.098629 1.011861 0.419806 1.190208 -0.079637 2.340000 0.440000
1772410350506511407 0.267632 0.298068 1.410239 -0.171082 1.074080 -0.098629 1.011861 0.419806 1.190208 -0.079637 2.340000 0.440000
1772410350507588466 0.267632 0.298068 1.410239 -0.171082 1.069382 -0.098793 1.011861 0.419806 1.190208 -0.079637 2.340000 0.440000
1772410350527640196 0.267632 0.298068 1.410239 -0.171082 1.069382 -0.098793 1.011861 0.419806 1.190208 -0.079637 2.340000 0.440000
1772410350547797845 0.267632 0.298068 1.410239 -0.171082 1.069382 -0.098795 1.011861 0.419806 1.190208 -0.079637 2.340000 0.440000
1772410350567808586 0.267632 0.298068 1.410239 -0.171082 1.069382 -0.098795 1.011861 0.419806 1.190208 -0.079637 2.340000 0.440000
1772410350568452349 0.267632 0.298068 1.410239 -0.171082 1.069382 -0.098795 0.979473 0.424135 1.190208 -0.079637 2.340000 0.440000
1772410350568481563 0.267632 0.298068 1.410239 -0.171082 1.069382 -0.098795 0.979473 0.424135 1.185249 -0.084884 2.340000 0.440000
1772410350586725201 0.267632 0.298068 1.410239 -0.171082 1.069382 -0.098795 0.979473 0.424135 1.185249 -0.084884 2.300000 0.470000
1772410350587085604 0.267632 0.298068 1.370232 -0.141091 1.069382 -0.098795 0.979473 0.424135 1.185249 -0.084884 2.300000 0.470000
1772410350587709023 0.267632 0.298068 1.370232 -0.141091 1.063731 -0.101385 0.979473 0.424135 1.185249 -0.084884 2.300000 0.470000
1772410350606445804 0.240415 0.307753 1.370232 -0.141091 1.063731 -0.101385 0.979473 0.424135 1.185249 -0.084884 2.300000 0.470000
1772410350607696056 0.240415 0.307753 1.370232 -0.141091 1.058099 -0.101633 0.979473 0.424135 1.185249 -0.084884 2.300000 0.470000
1772410350627876903 0.240415 0.307753 1.370232 -0.141091 1.058099 -0.101633 0.979473 0.424135 1.185249 -0.084884 2.300000 0.470000
1772410350647614871 0.240415 0.307753 1.370232 -0.141091 1.058099 -0.101634 0.979473 0.424135 1.185249 -0.084884 2.300000 0.470000
1772410350667699604 0.240415 0.307753 1.370232 -0.141091 1.058099 -0.101634 0.979473 0.424135 1.185249 -0.084884 2.300000 0.470000
1772410350687758268 0.240415 0.307753 1.370232 -0.141091 1.058099 -0.101634 0.979473 0.424135 1.185249 -0.084884 2.300000 0.470000
1772410350688337465 0.240415 0.307753 1.370232 -0.141091 1.058099 -0.101634 0.979473 0.424135 1.185249 -0.084884 2.270000 0.460000
1772410350688845012 0.240415 0.307753 1.340234 -0.151098 1.058099 -0.101634 0.979473 0.424135 1.185249 -0.084884 2.270000 0.460000
1772410350693018509 0.240415 0.307753 1.340234 -0.151098 1.058099 -0.101634 0.940145 0.428429 1.185249 -0.084884 2.270000 0.460000
1772410350707827842 0.240415 0.307753 1.340234 -0.151098 1.047784 -0.104809 0.940145 0.428429 1.185249 -0.084884 2.270000 0.460000
1772410350718519728 0.240415 0.307753 1.340234 -0.151098 1.047784 -0.104809 0.940145 0.428429 1.162237 -0.089788 2.270000 0.460000
1772410350726333241 0.212696 0.317442 1.340234 -0.151098 1.047784 -0.104809 0.940145 0.428429 1.162237 -0.089788 2.270000 0.460000
1772410350727654157 0.212696 0.317442 1.340234 -0.151098 1.038074 -0.105305 0.940145 0.428429 1.162237 -0.089788 2.270000 0.460000
1772410350747598320 0.212696 0.317442 1.340234 -0.151098 1.038074 -0.105301 0.940145 0.428429 1.162237 -0.089788 2.270000 0.460000
1772410350767857246 0.212696 0.317442 1.340234 -0.151098 1.038074 -0.105301 0.940145 0.428429 1.162237 -0.089788 2.270000 0.460000
1772410350787061100 0.212696 0.317442 1.340234 -0.151098 1.038074 -0.105301 0.940145 0.428429 1.162237 -0.089788 2.250000 0.460000
1772410350787410816 0.212696 0.317442 1.320234 -0.151103 1.038074 -0.105301 0.940145 0.428429 1.162237 -0.089788 2.250000 0.460000
1772410350787449299 0.212696 0.317442 1.320234 -0.151103 1.038074 -0.105306 0.940145 0.428429 1.162237 -0.089788 2.250000 0.460000
1772410350793160838 0.212696 0.317442 1.320234 -0.151103 1.038074 -0.105306 0.918850 0.430862 1.162237 -0.089788 2.250000 0.460000
1772410350807837721 0.212696 0.317442 1.320234 -0.151103 1.035838 -0.108002 0.918850 0.430862 1.162237 -0.089788 2.250000 0.460000
1772410350818750517 0.212696 0.317442 1.320234 -0.151103 1.035838 -0.108002 0.918850 0.430862 1.151291 -0.092862 2.250000 0.460000
1772410350826495694 0.185087 0.326963 1.320234 -0.151103 1.035838 -0.108002 0.918850 0.430862 1.151291 -0.092862 2.250000 0.460000
1772410350827620569 0.185087 0.326963 1.320234 -0.151103 1.024371 -0.108638 0.918850 0.430862 1.151291 -0.092862 2.250000 0.460000
1772410350847862210 0.185087 0.326963 1.320234 -0.151103 1.024370 -0.108629 0.918850 0.430862 1.151291 -0.092862 2.250000 0.460000
1772410350867769766 0.185087 0.326963 1.320234 -0.151103 1.024370 -0.108629 0.918850 0.430862 1.151291 -0.092862 2.250000 0.460000
1772410350887258022 0.185087 0.326963 1.320234 -0.151103 1.024370 -0.108629 0.918850 0.430862 1.151291 -0.092862 2.230000 0.480000
1772410350887723516 0.185087 0.326963 1.300230 -0.131107 1.024370 -0.108629 0.918850 0.430862 1.151291 -0.092862 2.230000 0.480000
1772410350887774720 0.185087 0.326963 1.300230 -0.131107 1.024370 -0.108634 0.918850 0.430862 1.151291 -0.092862 2.230000 0.480000
1772410350907791971 0.185087 0.326963 1.300230 -0.131107 1.019173 -0.110548 0.918850 0.430862 1.151291 -0.092862 2.230000 0.480000
1772410350918319623 0.185087 0.326963 1.300230 -0.131107 1.019173 -0.110548 0.879340 0.434777 1.151291 -0.092862 2.230000 0.480000
1772410350927799543 0.185087 0.326963 1.300230 -0.131107 1.019173 -0.110548 0.879340 0.434777 1.151291 -0.092862 2.230000 0.480000
1772410350946568253 0.129355 0.345969 1.300230 -0.131107 1.019173 -0.110548 0.879340 0.434777 1.151291 -0.092862 2.230000 0.480000
1772410350947617569 0.129355 0.345969 1.300230 -0.131107 0.990053 -0.112251 0.879340 0.434777 1.151291 -0.092862 2.230000 0.480000
1772410350967889081 0.129355 0.345969 1.300230 -0.131107 0.990053 -0.112251 0.879340 0.434777 1.151291 -0.092862 2.230000 0.480000
1772410350986650517 0.129355 0.345969 1.300230 -0.131107 0.990053 -0.112251 0.879340 0.434777 1.151291 -0.092862 2.200000 0.500000
1772410350987253010 0.129355 0.345969 1.270225 -0.111114 0.990053 -0.112251 0.879340 0.434777 1.151291 -0.092862 2.200000 0.500000
1772410350987500149 0.129355 0.345969 1.270225 -0.111114 0.990053 -0.112250 0.879340 0.434777 1.151291 -0.092862 2.200000 0.500000
1772410351007601784 0.129355 0.345969 1.270225 -0.111114 0.983050 -0.113330 0.879340 0.434777 1.151291 -0.092862 2.200000 0.500000
1772410351018672094 0.129355 0.345969 1.270225 -0.111114 0.983050 -0.113330 0.817758 0.440376 1.151291 -0.092862 2.200000 0.500000
1772410351018708054 0.129355 0.345969 1.270225 -0.111114 0.983050 -0.113330 0.817758 0.440376 1.080767 -0.091100 2.200000 0.500000
1772410351027647859 0.129355 0.345969 1.270225 -0.111114 0.983050 -0.113330 0.817758 0.440376 1.080767 -0.091100 2.200000 0.500000
1772410351047753735 0.129355 0.345969 1.270225 -0.111114 0.983050 -0.113330 0.817758 0.440376 1.080767 -0.091100 2.200000 0.500000
1772410351067635036 0.129355 0.345969 1.270225 -0.111114 0.983050 -0.113330 0.817758 0.440376 1.080767 -0.091100 2.200000 0.500000
1772410351086774730 0.129355 0.345969 1.270225 -0.111114 0.983050 -0.113330 0.817758 0.440376 1.080767 -0.091100 2.190000 0.500000
1772410351087400070 0.129355 0.345969 1.260225 -0.111116 0.983050 -0.113330 0.817758 0.440376 1.080767 -0.091100 2.190000 0.500000
1772410351087715896 0.129355 0.345969 1.260225 -0.111116 0.983050 -0.113333 0.817758 0.440376 1.080767 -0.091100 2.190000 0.500000
1772410351107512008 0.129355 0.345969 1.260225 -0.111116 0.947682 -0.116125 0.817758 0.440376 1.080767 -0.091100 2.190000 0.500000
1772410351127654085 0.129355 0.345969 1.260225 -0.111116 0.947682 -0.116119 0.817758 0.440376 1.080767 -0.091100 2.190000 0.500000
1772410351147803632 0.129355 0.345969 1.260225 -0.111116 0.947682 -0.116119 0.817758 0.440376 1.080767 -0.091100 2.190000 0.500000
1772410351166318564 0.101296 0.355476 1.260225 -0.111116 0.947682 -0.116119 0.817758 0.440376 1.080767 -0.091100 2.190000 0.500000
1772410351167580221 0.101296 0.355476 1.260225 -0.111116 0.936977 -0.116789 0.817758 0.440376 1.080767 -0.091100 2.190000 0.500000
1772410351186602207 0.101296 0.355476 1.260225 -0.111116 0.936977 -0.116789 0.817758 0.440376 1.080767 -0.091100 2.170000 0.520000
1772410351187173566 0.101296 0.355476 1.240221 -0.091121 0.936977 -0.116789 0.817758 0.440376 1.080767 -0.091100 2.170000 0.520000
1772410351187584827 0.101296 0.355476 1.240221 -0.091121 0.936976 -0.116785 0.817758 0.440376 1.080767 -0.091100 2.170000 0.520000
1772410351193049800 0.101296 0.355476 1.240221 -0.091121 0.936976 -0.116785 0.818309 0.441053 1.080767 -0.091100 2.170000 0.520000
1772410351207614150 0.101296 0.355476 1.240221 -0.091121 0.947064 -0.115874 0.818309 0.441053 1.080767 -0.091100 2.170000 0.520000
1772410351227789653 0.101296 0.355476 1.240221 -0.091121 0.947064 -0.115874 0.818309 0.441053 1.080767 -0.091100 2.170000 0.520000
1772410351243387713 0.101296 0.355476 1.240221 -0.091121 0.947064 -0.115874 0.818309 0.441053 1.091933 -0.092229 2.170000 0.520000
1772410351247753844 0.101296 0.355476 1.240221 -0.091121 0.947064 -0.115874 0.818309 0.441053 1.091933 -0.092229 2.170000 0.520000
1772410351267293426 0.073436 0.364916 1.240221 -0.091121 0.947064 -0.115874 0.818309 0.441053 1.091933 -0.092229 2.170000 0.520000
1772410351267355488 0.073436 0.364916 1.240221 -0.091121 0.947064 -0.115875 0.818309 0.441053 1.091933 -0.092229 2.170000 0.520000
1772410351286369880 0.073436 0.364916 1.240221 -0.091121 0.947064 -0.115875 0.818309 0.441053 1.091933 -0.092229 2.140000 0.540000
1772410351286796456 0.073436 0.364916 1.210216 -0.071127 0.947064 -0.115875 0.818309 0.441053 1.091933 -0.092229 2.140000 0.540000
1772410351287632977 0.073436 0.364916 1.210216 -0.071127 0.930072 -0.115766 0.818309 0.441053 1.091933 -0.092229 2.140000 0.540000
1772410351293399892 0.073436 0.364916 1.210216 -0.071127 0.930072 -0.115766 0.777702 0.444608 1.091933 -0.092229 2.140000 0.540000
1772410351307764173 0.073436 0.364916 1.210216 -0.071127 0.930072 -0.115766 0.777702 0.444608 1.091933 -0.092229 2.140000 0.540000
1772410351327751205 0.073436 0.364916 1.210216 -0.071127 0.930072 -0.115765 0.777702 0.444608 1.091933 -0.092229 2.140000 0.540000
1772410351347784168 0.073436 0.364916 1.210216 -0.071127 0.930072 -0.115765 0.777702 0.444608 1.091933 -0.092229 2.140000 0.540000
1772410351367577484 0.073436 0.364916 1.210216 -0.071127 0.930072 -0.115765 0.777702 0.444608 1.091933 -0.092229 2.140000 0.540000
1772410351368221394 0.073436 0.364916 1.210216 -0.071127 0.930072 -0.115765 0.777702 0.444608 1.050505 -0.087834 2.140000 0.540000
1772410351386426759 0.073436 0.364916 1.210216 -0.071127 0.930072 -0.115765 0.777702 0.444608 1.050505 -0.087834 2.110000 0.540000
1772410351386451498 0.045529 0.374380 1.210216 -0.071127 0.930072 -0.115765 0.777702 0.444608 1.050505 -0.087834 2.110000 0.540000
1772410351386838251 0.045529 0.374380 1.180216 -0.071134 0.930072 -0.115765 0.777702 0.444608 1.050505 -0.087834 2.110000 0.540000
1772410351387764093 0.045529 0.374380 1.180216 -0.071134 0.917103 -0.115360 0.777702 0.444608 1.050505 -0.087834 2.110000 0.540000
1772410351407591175 0.045529 0.374380 1.180216 -0.071134 0.917103 -0.115360 0.777702 0.444608 1.050505 -0.087834 2.110000 0.540000
1772410351418265707 0.045529 0.374380 1.180216 -0.071134 0.917103 -0.115360 0.750385 0.447293 1.050505 -0.087834 2.110000 0.540000
1772410351428019511 0.045529 0.374380 1.180216 -0.071134 0.917103 -0.115360 0.750385 0.447293 1.050505 -0.087834 2.110000 0.540000
1772410351447966585 0.045529 0.374380 1.180216 -0.071134 0.917103 -0.115360 0.750385 0.447293 1.050505 -0.087834 2.110000 0.540000
1772410351467725824 0.045529 0.374380 1.180216 -0.071134 0.917103 -0.115360 0.750385 0.447293 1.050505 -0.087834 2.110000 0.540000
1772410351468552251 0.045529 0.374380 1.180216 -0.071134 0.917103 -0.115360 0.750385 0.447293 1.038623 -0.085479 2.110000 0.540000
1772410351487094239 0.045529 0.374380 1.180216 -0.071134 0.917103 -0.115360 0.750385 0.447293 1.038623 -0.085479 2.080000 0.580000
1772410351487159519 0.017375 0.383935 1.180216 -0.071134 0.917103 -0.115360 0.750385 0.447293 1.038623 -0.085479 2.080000 0.580000
1772410351487653099 0.017375 0.383935 1.150207 -0.031141 0.917103 -0.115360 0.750385 0.447293 1.038623 -0.085479 2.080000 0.580000
1772410351487695638 0.017375 0.383935 1.150207 -0.031141 0.917103 -0.115360 0.750385 0.447293 1.038623 -0.085479 2.080000 0.580000
1772410351507547312 0.017375 0.383935 1.150207 -0.031141 0.898547 -0.113577 0.750385 0.447293 1.038623 -0.085479 2.080000 0.580000
1772410351527649061 0.017375 0.383935 1.150207 -0.031141 0.898547 -0.113578 0.750385 0.447293 1.038623 -0.085479 2.080000 0.580000
1772410351547737713 0.017375 0.383935 1.150207 -0.031141 0.898547 -0.113578 0.750385 0.447293 1.038623 -0.085479 2.080000 0.580000
1772410351567666758 0.017375 0.383935 1.150207 -0.031141 0.898547 -0.113580 0.750385 0.447293 1.038623 -0.085479 2.080000 0.580000
1772410351568177140 0.017375 0.383935 1.150207 -0.031141 0.898547 -0.113580 0.702387 0.451793 1.038623 -0.085479 2.080000 0.580000
1772410351586764882 0.017375 0.383935 1.150207 -0.031141 0.898547 -0.113580 0.702387 0.451793 1.038623 -0.085479 2.020000 0.600000
1772410351587519205 0.017375 0.383935 1.090203 -0.011154 0.898547 -0.113580 0.702387 0.451793 1.038623 -0.085479 2.020000 0.600000
1772410351587657013 0.017375 0.383935 1.090203 -0.011154 0.898547 -0.113580 0.702387 0.451793 1.038623 -0.085479 2.020000 0.600000
1772410351606386664 -0.010475 0.393403 1.090203 -0.011154 0.898547 -0.113580 0.702387 0.451793 1.038623 -0.085479 2.020000 0.600000
1772410351607608202 -0.010475 0.393403 1.090203 -0.011154 0.873236 -0.111441 0.702387 0.451793 1.038623 -0.085479 2.020000 0.600000
1772410351627765288 -0.010475 0.393403 1.090203 -0.011154 0.873236 -0.111441 0.702387 0.451793 1.038623 -0.085479 2.020000 0.600000
1772410351647691809 -0.010475 0.393403 1.090203 -0.011154 0.873236 -0.111441 0.702387 0.451793 1.038623 -0.085479 2.020000 0.600000
1772410351667785942 -0.010475 0.393403 1.090203 -0.011154 0.873236 -0.111441 0.702387 0.451793 1.038623 -0.085479 2.020000 0.600000
1772410351668540572 -0.010475 0.393403 1.090203 -0.011154 0.873236 -0.111441 0.681651 0.453861 1.038623 -0.085479 2.020000 0.600000
1772410351668558466 -0.010475 0.393403 1.090203 -0.011154 0.873236 -0.111441 0.681651 0.453861 0.993580 -0.073594 2.020000 0.600000
1772410351687025051 -0.010475 0.393403 1.090203 -0.011154 0.873236 -0.111441 0.681651 0.453861 0.993580 -0.073594 2.010000 0.620000
1772410351687583222 -0.010475 0.393403 1.080198 0.008843 0.873236 -0.111441 0.681651 0.453861 0.993580 -0.073594 2.010000 0.620000
1772410351687618327 -0.010475 0.393403 1.080198 0.008843 0.873236 -0.111441 0.681651 0.453861 0.993580 -0.073594 2.010000 0.620000
1772410351706397044 -0.038620 0.402985 1.080198 0.008843 0.873236 -0.111441 0.681651 0.453861 0.993580 -0.073594 2.010000 0.620000
1772410351707565423 -0.038620 0.402985 1.080198 0.008843 0.857231 -0.107996 0.681651 0.453861 0.993580 -0.073594 2.010000 0.620000
1772410351727696168 -0.038620 0.402985 1.080198 0.008843 0.857231 -0.107996 0.681651 0.453861 0.993580 -0.073594 2.010000 0.620000
1772410351747778223 -0.038620 0.402985 1.080198 0.008843 0.857231 -0.107996 0.681651 0.453861 0.993580 -0.073594 2.010000 0.620000
1772410351767854807 -0.038620 0.402985 1.080198 0.008843 0.857231 -0.107996 0.681651 0.453861 0.993580 -0.073594 2.010000 0.620000
1772410351787556266 -0.038620 0.402985 1.080198 0.008843 0.857231 -0.107996 0.681651 0.453861 0.993580 -0.073594 1.990000 0.650000
1772410351787692423 -0.038620 0.402985 1.080198 0.008843 0.857231 -0.107996 0.681651 0.453861 0.993580 -0.073594 1.990000 0.650000
1772410351788536629 -0.038620 0.402985 1.060191 0.038839 0.857231 -0.107996 0.681651 0.453861 0.993580 -0.073594 1.990000 0.650000
1772410351793154188 -0.038620 0.402985 1.060191 0.038839 0.857231 -0.107996 0.641072 0.457710 0.993580 -0.073594 1.990000 0.650000
1772410351807741548 -0.038620 0.402985 1.060191 0.038839 0.842856 -0.103303 0.641072 0.457710 0.993580 -0.073594 1.990000 0.650000
1772410351818574661 -0.038620 0.402985 1.060191 0.038839 0.842856 -0.103303 0.641072 0.457710 0.957490 -0.057636 1.990000 0.650000
1772410351827403692 -0.066508 0.412504 1.060191 0.038839 0.842856 -0.103303 0.641072 0.457710 0.957490 -0.057636 1.990000 0.650000
1772410351827673688 -0.066508 0.412504 1.060191 0.038839 0.842856 -0.103303 0.641072 0.457710 0.957490 -0.057636 1.990000 0.650000
1772410351847534942 -0.066508 0.412504 1.060191 0.038839 0.833154 -0.103924 0.641072 0.457710 0.957490 -0.057636 1.990000 0.650000
1772410351867705602 -0.066508 0.412504 1.060191 0.038839 0.833154 -0.103924 0.641072 0.457710 0.957490 -0.057636 1.990000 0.650000
1772410351886573022 -0.066508 0.412504 1.060191 0.038839 0.833154 -0.103924 0.641072 0.457710 0.957490 -0.057636 1.980000 0.680000
1772410351887084196 -0.066508 0.412504 1.050185 0.068837 0.833154 -0.103924 0.641072 0.457710 0.957490 -0.057636 1.980000 0.680000
1772410351887737264 -0.066508 0.412504 1.050185 0.068837 0.828132 -0.097568 0.641072 0.457710 0.957490 -0.057636 1.980000 0.680000
1772410351907850547 -0.066508 0.412504 1.050185 0.068837 0.828132 -0.097566 0.641072 0.457710 0.957490 -0.057636 1.980000 0.680000
1772410351918458707 -0.066508 0.412504 1.050185 0.068837 0.828132 -0.097566 0.614089 0.460396 0.957490 -0.057636 1.980000 0.680000
1772410351926568254 -0.094288 0.422015 1.050185 0.068837 0.828132 -0.097566 0.614089 0.460396 0.957490 -0.057636 1.980000 0.680000
1772410351927611330 -0.094288 0.422015 1.050185 0.068837 0.816487 -0.098307 0.614089 0.460396 0.957490 -0.057636 1.980000 0.680000
1772410351947661178 -0.094288 0.422015 1.050185 0.068837 0.816487 -0.098311 0.614089 0.460396 0.957490 -0.057636 1.980000 0.680000
1772410351967607234 -0.094288 0.422015 1.050185 0.068837 0.816487 -0.098311 0.614089 0.460396 0.957490 -0.057636 1.980000 0.680000
1772410351986963314 -0.094288 0.422015 1.050185 0.068837 0.816487 -0.098311 0.614089 0.460396 0.957490 -0.057636 1.950000 0.690000
1772410351987591997 -0.094288 0.422015 1.020182 0.078830 0.816487 -0.098311 0.614089 0.460396 0.957490 -0.057636 1.950000 0.690000
1772410351987641357 -0.094288 0.422015 1.020182 0.078830 0.816487 -0.098311 0.614089 0.460396 0.957490 -0.057636 1.950000 0.690000
1772410352007810410 -0.094288 0.422015 1.020182 0.078830 0.808120 -0.091930 0.614089 0.460396 0.957490 -0.057636 1.950000 0.690000
1772410352018564409 -0.094288 0.422015 1.020182 0.078830 0.808120 -0.091930 0.614089 0.460396 0.915535 -0.037125 1.950000 0.690000
1772410352027727236 -0.094288 0.422015 1.020182 0.078830 0.808120 -0.091930 0.614089 0.460396 0.915535 -0.037125 1.950000 0.690000
1772410352046452259 -0.150262 0.441288 1.020182 0.078830 0.808120 -0.091930 0.614089 0.460396 0.915535 -0.037125 1.950000 0.690000
1772410352047598711 -0.150262 0.441288 1.020182 0.078830 0.778800 -0.093820 0.614089 0.460396 0.915535 -0.037125 1.950000 0.690000
1772410352067689686 -0.150262 0.441288 1.020182 0.078830 0.778800 -0.093820 0.614089 0.460396 0.915535 -0.037125 1.950000 0.690000
1772410352087530741 -0.150262 0.441288 1.020182 0.078830 0.778800 -0.093819 0.614089 0.460396 0.915535 -0.037125 1.950000 0.690000
1772410352088159999 -0.150262 0.441288 1.020182 0.078830 0.778800 -0.093819 0.614089 0.460396 0.915535 -0.037125 1.920000 0.690000
1772410352088636534 -0.150262 0.441288 0.990182 0.078823 0.778800 -0.093819 0.614089 0.460396 0.915535 -0.037125 1.920000 0.690000
1772410352093139376 -0.150262 0.441288 0.990182 0.078823 0.778800 -0.093819 0.534745 0.468015 0.915535 -0.037125 1.920000 0.690000
1772410352107770813 -0.150262 0.441288 0.990182 0.078823 0.768476 -0.087738 0.534745 0.468015 0.915535 -0.037125 1.920000 0.690000
1772410352127608683 -0.150262 0.441288 0.990182 0.078823 0.768476 -0.087738 0.534745 0.468015 0.915535 -0.037125 1.920000 0.690000
1772410352147480204 -0.150262 0.441288 0.990182 0.078823 0.768475 -0.087726 0.534745 0.468015 0.915535 -0.037125 1.920000 0.690000
1772410352167483492 -0.150262 0.441288 0.990182 0.078823 0.768475 -0.087726 0.534745 0.468015 0.915535 -0.037125 1.920000 0.690000
1772410352168433068 -0.150262 0.441288 0.990182 0.078823 0.768475 -0.087726 0.534745 0.468015 0.830225 -0.023291 1.920000 0.690000
1772410352186253200 -0.150262 0.441288 0.990182 0.078823 0.768475 -0.087726 0.534745 0.468015 0.830225 -0.023291 1.860000 0.640000
1772410352186832595 -0.150262 0.441288 0.930194 0.028810 0.768475 -0.087726 0.534745 0.468015 0.830225 -0.023291 1.860000 0.640000
1772410352187454840 -0.150262 0.441288 0.930194 0.028810 0.728241 -0.085587 0.534745 0.468015 0.830225 -0.023291 1.860000 0.640000
1772410352207617550 -0.150262 0.441288 0.930194 0.028810 0.728241 -0.085587 0.534745 0.468015 0.830225 -0.023291 1.860000 0.640000
1772410352218255851 -0.150262 0.441288 0.930194 0.028810 0.728241 -0.085587 0.482966 0.473236 0.830225 -0.023291 1.860000 0.640000
1772410352227692739 -0.150262 0.441288 0.930194 0.028810 0.728241 -0.085587 0.482966 0.473236 0.830225 -0.023291 1.860000 0.640000
1772410352247640731 -0.150262 0.441288 0.930194 0.028810 0.728240 -0.085571 0.482966 0.473236 0.830225 -0.023291 1.860000 0.640000
1772410352266837237 -0.203881 0.460441 0.930194 0.028810 0.728240 -0.085571 0.482966 0.473236 0.830225 -0.023291 1.860000 0.640000
1772410352267451170 -0.203881 0.460441 0.930194 0.028810 0.707652 -0.086609 0.482966 0.473236 0.830225 -0.023291 1.860000 0.640000
1772410352287397448 -0.203881 0.460441 0.930194 0.028810 0.707652 -0.086609 0.482966 0.473236 0.830225 -0.023291 1.850000 0.680000
1772410352287528026 -0.203881 0.460441 0.930194 0.028810 0.707652 -0.086622 0.482966 0.473236 0.830225 -0.023291 1.850000 0.680000
1772410352287809305 -0.203881 0.460441 0.920185 0.068807 0.707652 -0.086622 0.482966 0.473236 0.830225 -0.023291 1.850000 0.680000
1772410352307657807 -0.203881 0.460441 0.920185 0.068807 0.711441 -0.080379 0.482966 0.473236 0.830225 -0.023291 1.850000 0.680000
1772410352318476938 -0.203881 0.460441 0.920185 0.068807 0.711441 -0.080379 0.482966 0.473236 0.820452 -0.011742 1.850000 0.680000
1772410352318486557 -0.203881 0.460441 0.920185 0.068807 0.711441 -0.080379 0.479756 0.473931 0.820452 -0.011742 1.850000 0.680000
1772410352327527605 -0.203881 0.460441 0.920185 0.068807 0.711441 -0.080378 0.479756 0.473931 0.820452 -0.011742 1.850000 0.680000
1772410352347619902 -0.203881 0.460441 0.920185 0.068807 0.711441 -0.080372 0.479756 0.473931 0.820452 -0.011742 1.850000 0.680000
1772410352367717335 -0.203881 0.460441 0.920185 0.068807 0.711441 -0.080372 0.479756 0.473931 0.820452 -0.011742 1.850000 0.680000
1772410352387540270 -0.203881 0.460441 0.920185 0.068807 0.711441 -0.080372 0.479756 0.473931 0.820452 -0.011742 1.810000 0.680000
1772410352387558837 -0.203881 0.460441 0.920185 0.068807 0.711441 -0.080361 0.479756 0.473931 0.820452 -0.011742 1.810000 0.680000
1772410352387921252 -0.203881 0.460441 0.880185 0.068798 0.711441 -0.080361 0.479756 0.473931 0.820452 -0.011742 1.810000 0.680000
1772410352407639732 -0.203881 0.460441 0.880185 0.068798 0.693597 -0.075166 0.479756 0.473931 0.820452 -0.011742 1.810000 0.680000
1772410352427793829 -0.203881 0.460441 0.880185 0.068798 0.693597 -0.075176 0.479756 0.473931 0.820452 -0.011742 1.810000 0.680000
1772410352447684455 -0.203881 0.460441 0.880185 0.068798 0.693597 -0.075176 0.479756 0.473931 0.820452 -0.011742 1.810000 0.680000
1772410352467788331 -0.203881 0.460441 0.880185 0.068798 0.693597 -0.075176 0.479756 0.473931 0.820452 -0.011742 1.810000 0.680000
1772410352468459319 -0.203881 0.460441 0.880185 0.068798 0.693597 -0.075176 0.441618 0.478431 0.820452 -0.011742 1.810000 0.680000
1772410352468482970 -0.203881 0.460441 0.880185 0.068798 0.693597 -0.075176 0.441618 0.478431 0.789345 -0.003135 1.810000 0.680000
1772410352487703338 -0.203881 0.460441 0.880185 0.068798 0.693597 -0.075167 0.441618 0.478431 0.789345 -0.003135 1.810000 0.680000
1772410352488796295 -0.203881 0.460441 0.880185 0.068798 0.693597 -0.075167 0.441618 0.478431 0.789345 -0.003135 1.790000 0.680000
1772410352488833017 -0.230032 0.470284 0.880185 0.068798 0.693597 -0.075167 0.441618 0.478431 0.789345 -0.003135 1.790000 0.680000
1772410352489329667 -0.230032 0.470284 0.860185 0.068794 0.693597 -0.075167 0.441618 0.478431 0.789345 -0.003135 1.790000 0.680000
1772410352507668801 -0.230032 0.470284 0.860185 0.068794 0.688287 -0.069569 0.441618 0.478431 0.789345 -0.003135 1.790000 0.680000
1772410352527504223 -0.230032 0.470284 0.860185 0.068794 0.688287 -0.069575 0.441618 0.478431 0.789345 -0.003135 1.790000 0.680000
1772410352547694758 -0.230032 0.470284 0.860185 0.068794 0.688287 -0.069575 0.441618 0.478431 0.789345 -0.003135 1.790000 0.680000
1772410352567611280 -0.230032 0.470284 0.860185 0.068794 0.688287 -0.069575 0.441618 0.478431 0.789345 -0.003135 1.790000 0.680000
1772410352586822905 -0.256313 0.480523 0.860185 0.068794 0.688287 -0.069575 0.441618 0.478431 0.789345 -0.003135 1.790000 0.680000
1772410352586851224 -0.256313 0.480523 0.860185 0.068794 0.688287 -0.069575 0.441618 0.478431 0.789345 -0.003135 1.760000 0.680000
1772410352587386792 -0.256313 0.480523 0.830185 0.068787 0.688287 -0.069575 0.441618 0.478431 0.789345 -0.003135 1.760000 0.680000
1772410352587422978 -0.256313 0.480523 0.830185 0.068787 0.660138 -0.070125 0.441618 0.478431 0.789345 -0.003135 1.760000 0.680000
1772410352607710451 -0.256313 0.480523 0.830185 0.068787 0.667104 -0.064376 0.441618 0.478431 0.789345 -0.003135 1.760000 0.680000
1772410352618240215 -0.256313 0.480523 0.830185 0.068787 0.667104 -0.064376 0.441618 0.478431 0.770376 0.009305 1.760000 0.680000
1772410352618282473 -0.256313 0.480523 0.830185 0.068787 0.667104 -0.064376 0.417976 0.481710 0.770376 0.009305 1.760000 0.680000
1772410352627743171 -0.256313 0.480523 0.830185 0.068787 0.667104 -0.064387 0.417976 0.481710 0.770376 0.009305 1.760000 0.680000
1772410352647545483 -0.256313 0.480523 0.830185 0.068787 0.667104 -0.064387 0.417976 0.481710 0.770376 0.009305 1.760000 0.680000
1772410352667836026 -0.256313 0.480523 0.830185 0.068787 0.667104 -0.064383 0.417976 0.481710 0.770376 0.009305 1.760000 0.680000
1772410352687068425 -0.256313 0.480523 0.830185 0.068787 0.667104 -0.064383 0.417976 0.481710 0.770376 0.009305 1.730000 0.690000
1772410352687441782 -0.256313 0.480523 0.800182 0.078780 0.667104 -0.064383 0.417976 0.481710 0.770376 0.009305 1.730000 0.690000
1772410352687671472 -0.256313 0.480523 0.800182 0.078780 0.667104 -0.064383 0.417976 0.481710 0.770376 0.009305 1.730000 0.690000
1772410352706686716 -0.282745 0.491097 0.800182 0.078780 0.667104 -0.064383 0.417976 0.481710 0.770376 0.009305 1.730000 0.690000
1772410352707602660 -0.282745 0.491097 0.800182 0.078780 0.640739 -0.058971 0.417976 0.481710 0.770376 0.009305 1.730000 0.690000
1772410352727734635 -0.282745 0.491097 0.800182 0.078780 0.640739 -0.058994 0.417976 0.481710 0.770376 0.009305 1.730000 0.690000
1772410352747763419 -0.282745 0.491097 0.800182 0.078780 0.640739 -0.058994 0.417976 0.481710 0.770376 0.009305 1.730000 0.690000
1772410352767563045 -0.282745 0.491097 0.800182 0.078780 0.640739 -0.058988 0.417976 0.481710 0.770376 0.009305 1.730000 0.690000
1772410352768128081 -0.282745 0.491097 0.800182 0.078780 0.640739 -0.058988 0.380403 0.486972 0.770376 0.009305 1.730000 0.690000
1772410352768140854 -0.282745 0.491097 0.800182 0.078780 0.640739 -0.058988 0.380403 0.486972 0.735109 0.018155 1.730000 0.690000
1772410352786721167 -0.282745 0.491097 0.800182 0.078780 0.640739 -0.058988 0.380403 0.486972 0.735109 0.018155 1.700000 0.670000
1772410352787454618 -0.282745 0.491097 0.770187 0.058773 0.640739 -0.058988 0.380403 0.486972 0.735109 0.018155 1.700000 0.670000
1772410352787749134 -0.282745 0.491097 0.770187 0.058773 0.640739 -0.058988 0.380403 0.486972 0.735109 0.018155 1.700000 0.670000
1772410352807081359 -0.309477 0.502050 0.770187 0.058773 0.640739 -0.058988 0.380403 0.486972 0.735109 0.018155 1.700000 0.670000
1772410352807579660 -0.309477 0.502050 0.770187 0.058773 0.627754 -0.054331 0.380403 0.486972 0.735109 0.018155 1.700000 0.670000
1772410352827717078 -0.309477 0.502050 0.770187 0.058773 0.622093 -0.054377 0.380403 0.486972 0.735109 0.018155 1.700000 0.670000
1772410352847582752 -0.309477 0.502050 0.770187 0.058773 0.622093 -0.054377 0.380403 0.486972 0.735109 0.018155 1.700000 0.670000
1772410352867567282 -0.309477 0.502050 0.770187 0.058773 0.622093 -0.054372 0.380403 0.486972 0.735109 0.018155 1.700000 0.670000
1772410352868215572 -0.309477 0.502050 0.770187 0.058773 0.622093 -0.054372 0.348100 0.491754 0.735109 0.018155 1.700000 0.670000
1772410352868230323 -0.309477 0.502050 0.770187 0.058773 0.622093 -0.054372 0.348100 0.491754 0.705648 0.024793 1.700000 0.670000
1772410352886955788 -0.309477 0.502050 0.770187 0.058773 0.622093 -0.054372 0.348100 0.491754 0.705648 0.024793 1.660000 0.680000
1772410352887351521 -0.309477 0.502050 0.730185 0.068764 0.622093 -0.054372 0.348100 0.491754 0.705648 0.024793 1.660000 0.680000
1772410352887452073 -0.309477 0.502050 0.730185 0.068764 0.622093 -0.054372 0.348100 0.491754 0.705648 0.024793 1.660000 0.680000
1772410352907494717 -0.309477 0.502050 0.730185 0.068764 0.604234 -0.049399 0.348100 0.491754 0.705648 0.024793 1.660000 0.680000
1772410352926472603 -0.336128 0.513199 0.730185 0.068764 0.604234 -0.049399 0.348100 0.491754 0.705648 0.024793 1.660000 0.680000
1772410352927514461 -0.336128 0.513199 0.730185 0.068764 0.594709 -0.049410 0.348100 0.491754 0.705648 0.024793 1.660000 0.680000
1772410352947665532 -0.336128 0.513199 0.730185 0.068764 0.594709 -0.049410 0.348100 0.491754 0.705648 0.024793 1.660000 0.680000
1772410352967541022 -0.336128 0.513199 0.730185 0.068764 0.594709 -0.049411 0.348100 0.491754 0.705648 0.024793 1.660000 0.680000
1772410352987731576 -0.336128 0.513199 0.730185 0.068764 0.594709 -0.049411 0.348100 0.491754 0.705648 0.024793 1.660000 0.680000
1772410352993663264 -0.336128 0.513199 0.730185 0.068764 0.594709 -0.049411 0.348100 0.491754 0.680372 0.031514 1.660000 0.680000
1772410352993673203 -0.336128 0.513199 0.730185 0.068764 0.594709 -0.049411 0.321833 0.496216 0.680372 0.031514 1.660000 0.680000
1772410353007455942 -0.336128 0.513199 0.730185 0.068764 0.594709 -0.049408 0.321833 0.496216 0.680372 0.031514 1.660000 0.680000
1772410353026877150 -0.363055 0.524642 0.730185 0.068764 0.594709 -0.049408 0.321833 0.496216 0.680372 0.031514 1.660000 0.680000
1772410353027592814 -0.363055 0.524642 0.730185 0.068764 0.565452 -0.049334 0.321833 0.496216 0.680372 0.031514 1.660000 0.680000
1772410353047570556 -0.363055 0.524642 0.730185 0.068764 0.565452 -0.049334 0.321833 0.496216 0.680372 0.031514 1.660000 0.680000
1772410353067590253 -0.363055 0.524642 0.730185 0.068764 0.565452 -0.049344 0.321833 0.496216 0.680372 0.031514 1.660000 0.680000
1772410353087145770 -0.363055 0.524642 0.730185 0.068764 0.565452 -0.049344 0.321833 0.496216 0.680372 0.031514 1.560000 0.670000
1772410353087451647 -0.363055 0.524642 0.630187 0.058742 0.565452 -0.049344 0.321833 0.496216 0.680372 0.031514 1.560000 0.670000
1772410353087478969 -0.363055 0.524642 0.630187 0.058742 0.565452 -0.049344 0.321833 0.496216 0.680372 0.031514 1.560000 0.670000
1772410353107603071 -0.363055 0.524642 0.630187 0.058742 0.551223 -0.044712 0.321833 0.496216 0.680372 0.031514 1.560000 0.670000
1772410353118416721 -0.363055 0.524642 0.630187 0.058742 0.551223 -0.044712 0.321833 0.496216 0.637515 0.038653 1.560000 0.670000
1772410353118429742 -0.363055 0.524642 0.630187 0.058742 0.551223 -0.044712 0.282033 0.502743 0.637515 0.038653 1.560000 0.670000
1772410353127789350 -0.363055 0.524642 0.630187 0.058742 0.551223 -0.044712 0.282033 0.502743 0.637515 0.038653 1.560000 0.670000
1772410353146484489 -0.389642 0.536079 0.630187 0.058742 0.551223 -0.044712 0.282033 0.502743 0.637515 0.038653 1.560000 0.670000
1772410353147590625 -0.389642 0.536079 0.630187 0.058742 0.536857 -0.044638 0.282033 0.502743 0.637515 0.038653 1.560000 0.670000
1772410353167846030 -0.389642 0.536079 0.630187 0.058742 0.536857 -0.044638 0.282033 0.502743 0.637515 0.038653 1.560000 0.670000
1772410353186826783 -0.389642 0.536079 0.630187 0.058742 0.536857 -0.044638 0.282033 0.502743 0.637515 0.038653 1.520000 0.660000
1772410353187440707 -0.389642 0.536079 0.590189 0.048733 0.536857 -0.044638 0.282033 0.502743 0.637515 0.038653 1.520000 0.660000
1772410353187476921 -0.389642 0.536079 0.590189 0.048733 0.536857 -0.044638 0.282033 0.502743 0.637515 0.038653 1.520000 0.660000
1772410353207719006 -0.389642 0.536079 0.590189 0.048733 0.529818 -0.040627 0.282033 0.502743 0.637515 0.038653 1.520000 0.660000
1772410353227768419 -0.389642 0.536079 0.590189 0.048733 0.529818 -0.040627 0.282033 0.502743 0.637515 0.038653 1.520000 0.660000
1772410353246402065 -0.416620 0.547802 0.590189 0.048733 0.529818 -0.040627 0.282033 0.502743 0.637515 0.038653 1.520000 0.660000
1772410353247580507 -0.416620 0.547802 0.590189 0.048733 0.512261 -0.040509 0.282033 0.502743 0.637515 0.038653 1.520000 0.660000
1772410353267577022 -0.416620 0.547802 0.590189 0.048733 0.512261 -0.040509 0.282033 0.502743 0.637515 0.038653 1.520000 0.660000
1772410353287055871 -0.416620 0.547802 0.590189 0.048733 0.512261 -0.040509 0.282033 0.502743 0.637515 0.038653 1.500000 0.640000
1772410353287543224 -0.416620 0.547802 0.570194 0.028728 0.512261 -0.040509 0.282033 0.502743 0.637515 0.038653 1.500000 0.640000
1772410353287578017 -0.416620 0.547802 0.570194 0.028728 0.512261 -0.040509 0.282033 0.502743 0.637515 0.038653 1.500000 0.640000
1772410353293083934 -0.416620 0.547802 0.570194 0.028728 0.512261 -0.040509 0.237734 0.510636 0.637515 0.038653 1.500000 0.640000
1772410353307724530 -0.416620 0.547802 0.570194 0.028728 0.503330 -0.037482 0.237734 0.510636 0.637515 0.038653 1.500000 0.640000
1772410353318514666 -0.416620 0.547802 0.570194 0.028728 0.503330 -0.037482 0.237734 0.510636 0.578233 0.045883 1.500000 0.640000
1772410353327889155 -0.416620 0.547802 0.570194 0.028728 0.503330 -0.037482 0.237734 0.510636 0.578233 0.045883 1.500000 0.640000
1772410353347696347 -0.416620 0.547802 0.570194 0.028728 0.503330 -0.037477 0.237734 0.510636 0.578233 0.045883 1.500000 0.640000
1772410353366581589 -0.443275 0.559477 0.570194 0.028728 0.503330 -0.037477 0.237734 0.510636 0.578233 0.045883 1.500000 0.640000
1772410353367717808 -0.443275 0.559477 0.570194 0.028728 0.484050 -0.037306 0.237734 0.510636 0.578233 0.045883 1.500000 0.640000
1772410353387152540 -0.443275 0.559477 0.570194 0.028728 0.484050 -0.037306 0.237734 0.510636 0.578233 0.045883 1.470000 0.640000
1772410353387591523 -0.443275 0.559477 0.570194 0.028728 0.484050 -0.037309 0.237734 0.510636 0.578233 0.045883 1.470000 0.640000
1772410353387614302 -0.443275 0.559477 0.540194 0.028722 0.484050 -0.037309 0.237734 0.510636 0.578233 0.045883 1.470000 0.640000
1772410353393099348 -0.443275 0.559477 0.540194 0.028722 0.484050 -0.037309 0.215596 0.514755 0.578233 0.045883 1.470000 0.640000
1772410353407818038 -0.443275 0.559477 0.540194 0.028722 0.481663 -0.034449 0.215596 0.514755 0.578233 0.045883 1.470000 0.640000
1772410353428003086 -0.443275 0.559477 0.540194 0.028722 0.481663 -0.034449 0.215596 0.514755 0.578233 0.045883 1.470000 0.640000
1772410353447809440 -0.443275 0.559477 0.540194 0.028722 0.481663 -0.034450 0.215596 0.514755 0.578233 0.045883 1.470000 0.640000
1772410353466405714 -0.469901 0.571218 0.540194 0.028722 0.481663 -0.034450 0.215596 0.514755 0.578233 0.045883 1.470000 0.640000
1772410353467610807 -0.469901 0.571218 0.540194 0.028722 0.458563 -0.034235 0.215596 0.514755 0.578233 0.045883 1.470000 0.640000
1772410353485987689 -0.469901 0.571218 0.540194 0.028722 0.458563 -0.034235 0.215596 0.514755 0.578233 0.045883 1.450000 0.640000
1772410353486304879 -0.469901 0.571218 0.520194 0.028717 0.458563 -0.034235 0.215596 0.514755 0.578233 0.045883 1.450000 0.640000
1772410353487567685 -0.469901 0.571218 0.520194 0.028717 0.455728 -0.031498 0.215596 0.514755 0.578233 0.045883 1.450000 0.640000
1772410353493136121 -0.469901 0.571218 0.520194 0.028717 0.455728 -0.031498 0.183560 0.520459 0.578233 0.045883 1.450000 0.640000
1772410353507843760 -0.469901 0.571218 0.520194 0.028717 0.455728 -0.031498 0.183560 0.520459 0.578233 0.045883 1.450000 0.640000
1772410353518541797 -0.469901 0.571218 0.520194 0.028717 0.455728 -0.031498 0.183560 0.520459 0.519093 0.051193 1.450000 0.640000
1772410353527585998 -0.469901 0.571218 0.520194 0.028717 0.455728 -0.031498 0.183560 0.520459 0.519093 0.051193 1.450000 0.640000
1772410353547877275 -0.469901 0.571218 0.520194 0.028717 0.455728 -0.031498 0.183560 0.520459 0.519093 0.051193 1.450000 0.640000
1772410353567950750 -0.469901 0.571218 0.520194 0.028717 0.455728 -0.031498 0.183560 0.520459 0.519093 0.051193 1.450000 0.640000
1772410353586598905 -0.496793 0.583139 0.520194 0.028717 0.455728 -0.031498 0.183560 0.520459 0.519093 0.051193 1.450000 0.640000
1772410353586636425 -0.496793 0.583139 0.520194 0.028717 0.455728 -0.031498 0.183560 0.520459 0.519093 0.051193 1.420000 0.630000
1772410353587110012 -0.496793 0.583139 0.490196 0.018710 0.455728 -0.031498 0.183560 0.520459 0.519093 0.051193 1.420000 0.630000
1772410353587652619 -0.496793 0.583139 0.490196 0.018710 0.433610 -0.029148 0.183560 0.520459 0.519093 0.051193 1.420000 0.630000
1772410353607731786 -0.496793 0.583139 0.490196 0.018710 0.433610 -0.029148 0.183560 0.520459 0.519093 0.051193 1.420000 0.630000
1772410353618436593 -0.496793 0.583139 0.490196 0.018710 0.433610 -0.029148 0.183560 0.520459 0.494168 0.052247 1.420000 0.630000
1772410353618446533 -0.496793 0.583139 0.490196 0.018710 0.433610 -0.029148 0.156695 0.525639 0.494168 0.052247 1.420000 0.630000
1772410353627532175 -0.496793 0.583139 0.490196 0.018710 0.433610 -0.029150 0.156695 0.525639 0.494168 0.052247 1.420000 0.630000
1772410353647774103 -0.496793 0.583139 0.490196 0.018710 0.433610 -0.029150 0.156695 0.525639 0.494168 0.052247 1.420000 0.630000
1772410353667790972 -0.496793 0.583139 0.490196 0.018710 0.433610 -0.029150 0.156695 0.525639 0.494168 0.052247 1.420000 0.630000
1772410353686794983 -0.496793 0.583139 0.490196 0.018710 0.433610 -0.029150 0.156695 0.525639 0.494168 0.052247 1.390000 0.640000
1772410353686830331 -0.550728 0.607158 0.490196 0.018710 0.433610 -0.029150 0.156695 0.525639 0.494168 0.052247 1.390000 0.640000
1772410353687246242 -0.550728 0.607158 0.460194 0.028704 0.433610 -0.029150 0.156695 0.525639 0.494168 0.052247 1.390000 0.640000
1772410353687477150 -0.550728 0.607158 0.460194 0.028704 0.374643 -0.028674 0.156695 0.525639 0.494168 0.052247 1.390000 0.640000
1772410353707794082 -0.550728 0.607158 0.460194 0.028704 0.378095 -0.026212 0.156695 0.525639 0.494168 0.052247 1.390000 0.640000
1772410353718794215 -0.550728 0.607158 0.460194 0.028704 0.378095 -0.026212 0.075061 0.539815 0.494168 0.052247 1.390000 0.640000
1772410353718896647 -0.550728 0.607158 0.460194 0.028704 0.378095 -0.026212 0.075061 0.539815 0.412332 0.062210 1.390000 0.640000
1772410353727718085 -0.550728 0.607158 0.460194 0.028704 0.378095 -0.026211 0.075061 0.539815 0.412332 0.062210 1.390000 0.640000
1772410353747752980 -0.550728 0.607158 0.460194 0.028704 0.378095 -0.026211 0.075061 0.539815 0.412332 0.062210 1.390000 0.640000
1772410353767725459 -0.550728 0.607158 0.460194 0.028704 0.378095 -0.026211 0.075061 0.539815 0.412332 0.062210 1.390000 0.640000
1772410353786496543 -0.550728 0.607158 0.460194 0.028704 0.378095 -0.026211 0.075061 0.539815 0.412332 0.062210 1.370000 0.630000
1772410353786885889 -0.550728 0.607158 0.440196 0.018699 0.378095 -0.026211 0.075061 0.539815 0.412332 0.062210 1.370000 0.630000
1772410353787683208 -0.550728 0.607158 0.440196 0.018699 0.324205 -0.023757 0.075061 0.539815 0.412332 0.062210 1.370000 0.630000
1772410353807813011 -0.550728 0.607158 0.440196 0.018699 0.324205 -0.023757 0.075061 0.539815 0.412332 0.062210 1.370000 0.630000
1772410353827647703 -0.550728 0.607158 0.440196 0.018699 0.324205 -0.023771 0.075061 0.539815 0.412332 0.062210 1.370000 0.630000
1772410353847795373 -0.550728 0.607158 0.440196 0.018699 0.324205 -0.023771 0.075061 0.539815 0.412332 0.062210 1.370000 0.630000
1772410353867441081 -0.550728 0.607158 0.440196 0.018699 0.324205 -0.023795 0.075061 0.539815 0.412332 0.062210 1.370000 0.630000
1772410353867859431 -0.550728 0.607158 0.440196 0.018699 0.324205 -0.023795 -0.018074 0.557510 0.412332 0.062210 1.370000 0.630000
1772410353868062030 -0.550728 0.607158 0.440196 0.018699 0.324205 -0.023795 -0.018074 0.557510 0.313787 0.074417 1.370000 0.630000
1772410353887773000 -0.550728 0.607158 0.440196 0.018699 0.324205 -0.023816 -0.018074 0.557510 0.313787 0.074417 1.370000 0.630000
1772410353906430839 -0.572520 0.616819 0.440196 0.018699 0.324205 -0.023816 -0.018074 0.557510 0.313787 0.074417 1.370000 0.630000
1772410353907635302 -0.572520 0.616819 0.440196 0.018699 0.311225 -0.023764 -0.018074 0.557510 0.313787 0.074417 1.370000 0.630000
1772410353927749024 -0.572520 0.616819 0.440196 0.018699 0.311225 -0.023778 -0.018074 0.557510 0.313787 0.074417 1.370000 0.630000
1772410353947610875 -0.572520 0.616819 0.440196 0.018699 0.311225 -0.023778 -0.018074 0.557510 0.313787 0.074417 1.370000 0.630000
1772410353967840292 -0.572520 0.616819 0.440196 0.018699 0.311225 -0.023792 -0.018074 0.557510 0.313787 0.074417 1.370000 0.630000
1772410353968440397 -0.572520 0.616819 0.440196 0.018699 0.311225 -0.023792 0.038615 0.548311 0.313787 0.074417 1.370000 0.630000
1772410353968480593 -0.572520 0.616819 0.440196 0.018699 0.311225 -0.023792 0.038615 0.548311 0.372706 0.065804 1.370000 0.630000
1772410353986991253 -0.572520 0.616819 0.440196 0.018699 0.311225 -0.023792 0.038615 0.548311 0.372706 0.065804 1.300000 0.590000
1772410353987380593 -0.572520 0.616819 0.370205 -0.021317 0.311225 -0.023792 0.038615 0.548311 0.372706 0.065804 1.300000 0.590000
1772410353987442550 -0.572520 0.616819 0.370205 -0.021317 0.311225 -0.023792 0.038615 0.548311 0.372706 0.065804 1.300000 0.590000
1772410354007764099 -0.572520 0.616819 0.370205 -0.021317 0.305373 -0.023766 0.038615 0.548311 0.372706 0.065804 1.300000 0.590000
1772410354026434357 -0.579578 0.619855 0.370205 -0.021317 0.305373 -0.023766 0.038615 0.548311 0.372706 0.065804 1.300000 0.590000
1772410354027519848 -0.579578 0.619855 0.370205 -0.021317 0.302829 -0.023783 0.038615 0.548311 0.372706 0.065804 1.300000 0.590000
1772410354047573659 -0.579578 0.619855 0.370205 -0.021317 0.302829 -0.023783 0.038615 0.548311 0.372706 0.065804 1.300000 0.590000
1772410354067741902 -0.579578 0.619855 0.370205 -0.021317 0.302829 -0.023781 0.038615 0.548311 0.372706 0.065804 1.300000 0.590000
1772410354086784324 -0.579578 0.619855 0.370205 -0.021317 0.302829 -0.023781 0.038615 0.548311 0.372706 0.065804 1.260000 0.580000
1772410354087105453 -0.579578 0.619855 0.330207 -0.031326 0.302829 -0.023781 0.038615 0.548311 0.372706 0.065804 1.260000 0.580000
1772410354087587041 -0.579578 0.619855 0.330207 -0.031326 0.300289 -0.024139 0.038615 0.548311 0.372706 0.065804 1.260000 0.580000
1772410354092981805 -0.579578 0.619855 0.330207 -0.031326 0.300289 -0.024139 0.033914 0.549270 0.372706 0.065804 1.260000 0.580000
1772410354107663982 -0.579578 0.619855 0.330207 -0.031326 0.300289 -0.024139 0.033914 0.549270 0.372706 0.065804 1.260000 0.580000
1772410354118865190 -0.579578 0.619855 0.330207 -0.031326 0.300289 -0.024139 0.033914 0.549270 0.364149 0.052817 1.260000 0.580000
1772410354127597312 -0.579044 0.619632 0.330207 -0.031326 0.300289 -0.024139 0.033914 0.549270 0.364149 0.052817 1.260000 0.580000
1772410354127636562 -0.579044 0.619632 0.330207 -0.031326 0.300289 -0.024138 0.033914 0.549270 0.364149 0.052817 1.260000 0.580000
1772410354147919898 -0.579044 0.619632 0.330207 -0.031326 0.300518 -0.024136 0.033914 0.549270 0.364149 0.052817 1.260000 0.580000
1772410354167865356 -0.579044 0.619632 0.330207 -0.031326 0.300518 -0.024136 0.033914 0.549270 0.364149 0.052817 1.260000 0.580000
1772410354186773187 -0.579044 0.619632 0.330207 -0.031326 0.300518 -0.024136 0.033914 0.549270 0.364149 0.052817 1.230000 0.570000
1772410354187149884 -0.579044 0.619632 0.300209 -0.041332 0.300518 -0.024136 0.033914 0.549270 0.364149 0.052817 1.230000 0.570000
1772410354187637932 -0.579044 0.619632 0.300209 -0.041332 0.300518 -0.024136 0.033914 0.549270 0.364149 0.052817 1.230000 0.570000
1772410354207584497 -0.579044 0.619632 0.300209 -0.041332 0.300839 -0.024862 0.033914 0.549270 0.364149 0.052817 1.230000 0.570000
1772410354218390799 -0.579044 0.619632 0.300209 -0.041332 0.300839 -0.024862 0.033914 0.549270 0.362774 0.045194 1.230000 0.570000
1772410354218427871 -0.579044 0.619632 0.300209 -0.041332 0.300839 -0.024862 0.039254 0.548420 0.362774 0.045194 1.230000 0.570000
1772410354227720763 -0.579044 0.619632 0.300209 -0.041332 0.300839 -0.024862 0.039254 0.548420 0.362774 0.045194 1.230000 0.570000
1772410354246501872 -0.578898 0.619571 0.300209 -0.041332 0.300839 -0.024862 0.039254 0.548420 0.362774 0.045194 1.230000 0.570000
1772410354247591557 -0.578898 0.619571 0.300209 -0.041332 0.300918 -0.024861 0.039254 0.548420 0.362774 0.045194 1.230000 0.570000
1772410354267685864 -0.578898 0.619571 0.300209 -0.041332 0.300918 -0.024861 0.039254 0.548420 0.362774 0.045194 1.230000 0.570000
1772410354286586129 -0.578898 0.619571 0.300209 -0.041332 0.300918 -0.024861 0.039254 0.548420 0.362774 0.045194 1.190000 0.560000
1772410354286997735 -0.578898 0.619571 0.260212 -0.051341 0.300918 -0.024861 0.039254 0.548420 0.362774 0.045194 1.190000 0.560000
1772410354287784005 -0.578898 0.619571 0.260212 -0.051341 0.299237 -0.025987 0.039254 0.548420 0.362774 0.045194 1.190000 0.560000
1772410354307772756 -0.578898 0.619571 0.260212 -0.051341 0.299237 -0.025987 0.039254 0.548420 0.362774 0.045194 1.190000 0.560000
1772410354318613320 -0.578898 0.619571 0.260212 -0.051341 0.299237 -0.025987 0.039254 0.548420 0.355163 0.037983 1.190000 0.560000
1772410354318627347 -0.578898 0.619571 0.260212 -0.051341 0.299237 -0.025987 0.038422 0.548537 0.355163 0.037983 1.190000 0.560000
1772410354327973936 -0.578898 0.619571 0.260212 -0.051341 0.299237 -0.025987 0.038422 0.548537 0.355163 0.037983 1.190000 0.560000
1772410354346739301 -0.578898 0.619571 0.260212 -0.051341 0.299237 -0.025987 0.038422 0.548537 0.355163 0.037983 1.190000 0.560000
1772410354347586036 -0.578898 0.619571 0.260212 -0.051341 0.299237 -0.025987 0.038422 0.548537 0.355163 0.037983 1.190000 0.560000
1772410354367791688 -0.578898 0.619571 0.260212 -0.051341 0.299237 -0.025987 0.038422 0.548537 0.355163 0.037983 1.190000 0.560000
1772410354387840901 -0.578898 0.619571 0.260212 -0.051341 0.299237 -0.025987 0.038422 0.548537 0.355163 0.037983 1.150000 0.540000
1772410354387876308 -0.578898 0.619571 0.260212 -0.051341 0.299237 -0.025987 0.038422 0.548537 0.355163 0.037983 1.150000 0.540000
1772410354388225696 -0.578898 0.619571 0.220216 -0.071350 0.299237 -0.025987 0.038422 0.548537 0.355163 0.037983 1.150000 0.540000
1772410354407696042 -0.578898 0.619571 0.220216 -0.071350 0.295867 -0.027922 0.038422 0.548537 0.355163 0.037983 1.150000 0.540000
1772410354427516828 -0.578898 0.619571 0.220216 -0.071350 0.295867 -0.027922 0.038422 0.548537 0.355163 0.037983 1.150000 0.540000
1772410354447907919 -0.578898 0.619571 0.220216 -0.071350 0.295867 -0.027922 0.038422 0.548537 0.355163 0.037983 1.150000 0.540000
1772410354466683691 -0.578898 0.619571 0.220216 -0.071350 0.295867 -0.027922 0.038422 0.548537 0.355163 0.037983 1.150000 0.540000
1772410354467624792 -0.578898 0.619571 0.220216 -0.071350 0.295867 -0.027922 0.038422 0.548537 0.355163 0.037983 1.150000 0.540000
1772410354487681809 -0.578898 0.619571 0.220216 -0.071350 0.295867 -0.027922 0.038422 0.548537 0.355163 0.037983 1.150000 0.540000
1772410354487727057 -0.578898 0.619571 0.220216 -0.071350 0.295867 -0.027922 0.038422 0.548537 0.355163 0.037983 1.110000 0.530000
1772410354488070100 -0.578898 0.619571 0.180218 -0.081359 0.295867 -0.027922 0.038422 0.548537 0.355163 0.037983 1.110000 0.530000
1772410354493355367 -0.578898 0.619571 0.180218 -0.081359 0.295867 -0.027922 0.039717 0.548316 0.355163 0.037983 1.110000 0.530000
1772410354507662521 -0.578898 0.619571 0.180218 -0.081359 0.290925 -0.030206 0.039717 0.548316 0.355163 0.037983 1.110000 0.530000
1772410354527547698 -0.578898 0.619571 0.180218 -0.081359 0.290925 -0.030206 0.039717 0.548316 0.355163 0.037983 1.110000 0.530000
1772410354542866417 -0.578898 0.619571 0.180218 -0.081359 0.290925 -0.030206 0.039717 0.548316 0.339337 0.021584 1.110000 0.530000
1772410354547545296 -0.578898 0.619571 0.180218 -0.081359 0.290925 -0.030206 0.039717 0.548316 0.339337 0.021584 1.110000 0.530000
1772410354566472839 -0.578898 0.619571 0.180218 -0.081359 0.290925 -0.030206 0.039717 0.548316 0.339337 0.021584 1.110000 0.530000
1772410354567669435 -0.578898 0.619571 0.180218 -0.081359 0.290925 -0.030206 0.039717 0.548316 0.339337 0.021584 1.110000 0.530000
1772410354587102919 -0.578898 0.619571 0.180218 -0.081359 0.290925 -0.030206 0.039717 0.548316 0.339337 0.021584 1.080000 0.530000
1772410354587455860 -0.578898 0.619571 0.150218 -0.081366 0.290925 -0.030206 0.039717 0.548316 0.339337 0.021584 1.080000 0.530000
1772410354587480079 -0.578898 0.619571 0.150218 -0.081366 0.290925 -0.030206 0.039717 0.548316 0.339337 0.021584 1.080000 0.530000
1772410354593026121 -0.578898 0.619571 0.150218 -0.081366 0.290925 -0.030206 0.038576 0.548488 0.339337 0.021584 1.080000 0.530000
1772410354607964982 -0.578898 0.619571 0.150218 -0.081366 0.284900 -0.032396 0.038576 0.548488 0.339337 0.021584 1.080000 0.530000
1772410354627687118 -0.578898 0.619571 0.150218 -0.081366 0.284900 -0.032396 0.038576 0.548488 0.339337 0.021584 1.080000 0.530000
1772410354647791626 -0.578898 0.619571 0.150218 -0.081366 0.284900 -0.032396 0.038576 0.548488 0.339337 0.021584 1.080000 0.530000
1772410354667854043 -0.578898 0.619571 0.150218 -0.081366 0.284900 -0.032396 0.038576 0.548488 0.339337 0.021584 1.080000 0.530000
1772410354669088347 -0.578898 0.619571 0.150218 -0.081366 0.284900 -0.032396 0.038576 0.548488 0.323934 0.014143 1.080000 0.530000
1772410354686590107 -0.578898 0.619571 0.150218 -0.081366 0.284900 -0.032396 0.038576 0.548488 0.323934 0.014143 1.080000 0.530000
1772410354687593566 -0.578898 0.619571 0.150218 -0.081366 0.284900 -0.032396 0.038576 0.548488 0.323934 0.014143 1.080000 0.530000
1772410354707647580 -0.578898 0.619571 0.150218 -0.081366 0.284900 -0.032396 0.038576 0.548488 0.323934 0.014143 1.080000 0.530000
1772410354718643103 -0.578898 0.619571 0.150218 -0.081366 0.284900 -0.032396 0.038693 0.548462 0.323934 0.014143 1.080000 0.530000
1772410354727669078 -0.578898 0.619571 0.150218 -0.081366 0.284900 -0.032396 0.038693 0.548462 0.323934 0.014143 1.080000 0.530000
1772410354747753934 -0.578898 0.619571 0.150218 -0.081366 0.284900 -0.032396 0.038693 0.548462 0.323934 0.014143 1.080000 0.530000
1772410354767603243 -0.578898 0.619571 0.150218 -0.081366 0.284900 -0.032396 0.038693 0.548462 0.323934 0.014143 1.080000 0.530000
1772410354787157687 -0.578898 0.619571 0.150218 -0.081366 0.284900 -0.032396 0.038693 0.548462 0.323934 0.014143 1.080000 0.530000
1772410354787195204 -0.578898 0.619571 0.150218 -0.081366 0.284900 -0.032396 0.038693 0.548462 0.323934 0.014143 1.030000 0.520000
1772410354787515073 -0.578898 0.619571 0.150218 -0.081366 0.284900 -0.032396 0.038693 0.548462 0.323934 0.014143 1.030000 0.520000
1772410354787534503 -0.578898 0.619571 0.100221 -0.091377 0.284900 -0.032396 0.038693 0.548462 0.323934 0.014143 1.030000 0.520000
1772410354807763366 -0.578898 0.619571 0.100221 -0.091377 0.276809 -0.034980 0.038693 0.548462 0.323934 0.014143 1.030000 0.520000
1772410354827641141 -0.578898 0.619571 0.100221 -0.091377 0.276809 -0.034980 0.038693 0.548462 0.323934 0.014143 1.030000 0.520000
1772410354843295678 -0.578898 0.619571 0.100221 -0.091377 0.276809 -0.034980 0.038568 0.548476 0.323934 0.014143 1.030000 0.520000
1772410354843326057 -0.578898 0.619571 0.100221 -0.091377 0.276809 -0.034980 0.038568 0.548476 0.308599 0.006145 1.030000 0.520000
1772410354847629948 -0.578898 0.619571 0.100221 -0.091377 0.276809 -0.034980 0.038568 0.548476 0.308599 0.006145 1.030000 0.520000
1772410354867712360 -0.578898 0.619571 0.100221 -0.091377 0.276809 -0.034980 0.038568 0.548476 0.308599 0.006145 1.030000 0.520000
1772410354886666048 -0.578898 0.619571 0.100221 -0.091377 0.276809 -0.034980 0.038568 0.548476 0.308599 0.006145 1.000000 0.530000
1772410354887014528 -0.578898 0.619571 0.070218 -0.081384 0.276809 -0.034980 0.038568 0.548476 0.308599 0.006145 1.000000 0.530000
1772410354887698634 -0.578898 0.619571 0.070218 -0.081384 0.267949 -0.036971 0.038568 0.548476 0.308599 0.006145 1.000000 0.530000
1772410354906456980 -0.578898 0.619571 0.070218 -0.081384 0.267949 -0.036971 0.038568 0.548476 0.308599 0.006145 1.000000 0.530000
1772410354907551768 -0.578898 0.619571 0.070218 -0.081384 0.267949 -0.036971 0.038568 0.548476 0.308599 0.006145 1.000000 0.530000
1772410354927537440 -0.578898 0.619571 0.070218 -0.081384 0.267949 -0.036971 0.038568 0.548476 0.308599 0.006145 1.000000 0.530000
1772410354947674899 -0.578898 0.619571 0.070218 -0.081384 0.267949 -0.036971 0.038568 0.548476 0.308599 0.006145 1.000000 0.530000
1772410354967590630 -0.578898 0.619571 0.070218 -0.081384 0.267949 -0.036971 0.038568 0.548476 0.308599 0.006145 1.000000 0.530000
1772410354968044101 -0.578898 0.619571 0.070218 -0.081384 0.267949 -0.036971 0.038463 0.548487 0.308599 0.006145 1.000000 0.530000
1772410354968230670 -0.578898 0.619571 0.070218 -0.081384 0.267949 -0.036971 0.038463 0.548487 0.290005 -0.000531 1.000000 0.530000
1772410354986823011 -0.578898 0.619571 0.070218 -0.081384 0.267949 -0.036971 0.038463 0.548487 0.290005 -0.000531 0.980000 0.540000
1772410354987522725 -0.578898 0.619571 0.050216 -0.071389 0.267949 -0.036971 0.038463 0.548487 0.290005 -0.000531 0.980000 0.540000
1772410354987757753 -0.578898 0.619571 0.050216 -0.071389 0.267949 -0.036971 0.038463 0.548487 0.290005 -0.000531 0.980000 0.540000
1772410355006462029 -0.578898 0.619571 0.050216 -0.071389 0.267949 -0.036971 0.038463 0.548487 0.290005 -0.000531 0.980000 0.540000
1772410355007607895 -0.578898 0.619571 0.050216 -0.071389 0.258595 -0.038449 0.038463 0.548487 0.290005 -0.000531 0.980000 0.540000
1772410355027770773 -0.578898 0.619571 0.050216 -0.071389 0.258595 -0.038449 0.038463 0.548487 0.290005 -0.000531 0.980000 0.540000
1772410355047781473 -0.578898 0.619571 0.050216 -0.071389 0.258595 -0.038449 0.038463 0.548487 0.290005 -0.000531 0.980000 0.540000
1772410355067586512 -0.578898 0.619571 0.050216 -0.071389 0.258595 -0.038449 0.038463 0.548487 0.290005 -0.000531 0.980000 0.540000
1772410355068269280 -0.578898 0.619571 0.050216 -0.071389 0.258595 -0.038449 0.038463 0.548487 0.271573 -0.005951 0.980000 0.540000
1772410355068279785 -0.578898 0.619571 0.050216 -0.071389 0.258595 -0.038449 0.038094 0.548543 0.271573 -0.005951 0.980000 0.540000
1772410355086717336 -0.578898 0.619571 0.050216 -0.071389 0.258595 -0.038449 0.038094 0.548543 0.271573 -0.005951 0.960000 0.540000
1772410355087113620 -0.578898 0.619571 0.030216 -0.071393 0.258595 -0.038449 0.038094 0.548543 0.271573 -0.005951 0.960000 0.540000
1772410355087568191 -0.578898 0.619571 0.030216 -0.071393 0.258595 -0.038449 0.038094 0.548543 0.271573 -0.005951 0.960000 0.540000
1772410355107648969 -0.578898 0.619571 0.030216 -0.071393 0.248768 -0.039867 0.038094 0.548543 0.271573 -0.005951 0.960000 0.540000
1772410355126193750 -0.578898 0.619571 0.030216 -0.071393 0.248768 -0.039867 0.038094 0.548543 0.271573 -0.005951 0.960000 0.540000
1772410355127558798 -0.578898 0.619571 0.030216 -0.071393 0.248768 -0.039867 0.038094 0.548543 0.271573 -0.005951 0.960000 0.540000
1772410355147706543 -0.578898 0.619571 0.030216 -0.071393 0.248768 -0.039867 0.038094 0.548543 0.271573 -0.005951 0.960000 0.540000
1772410355167767913 -0.578898 0.619571 0.030216 -0.071393 0.248768 -0.039867 0.038094 0.548543 0.271573 -0.005951 0.960000 0.540000
1772410355186327940 -0.578898 0.619571 0.030216 -0.071393 0.248768 -0.039867 0.038094 0.548543 0.271573 -0.005951 0.950000 0.540000
1772410355186755241 -0.578898 0.619571 0.020216 -0.071395 0.248768 -0.039867 0.038094 0.548543 0.271573 -0.005951 0.950000 0.540000
1772410355187578031 -0.578898 0.619571 0.020216 -0.071395 0.238921 -0.041225 0.038094 0.548543 0.271573 -0.005951 0.950000 0.540000
1772410355193321669 -0.578898 0.619571 0.020216 -0.071395 0.238921 -0.041225 0.038186 0.548524 0.271573 -0.005951 0.950000 0.540000
1772410355207574528 -0.578898 0.619571 0.020216 -0.071395 0.238921 -0.041225 0.038186 0.548524 0.271573 -0.005951 0.950000 0.540000
1772410355226494431 -0.578898 0.619571 0.020216 -0.071395 0.238921 -0.041225 0.038186 0.548524 0.271573 -0.005951 0.950000 0.540000
1772410355227708896 -0.578898 0.619571 0.020216 -0.071395 0.238921 -0.041225 0.038186 0.548524 0.271573 -0.005951 0.950000 0.540000
1772410355247771819 -0.578898 0.619571 0.020216 -0.071395 0.238921 -0.041225 0.038186 0.548524 0.271573 -0.005951 0.950000 0.540000
1772410355267587086 -0.578898 0.619571 0.020216 -0.071395 0.238921 -0.041225 0.038186 0.548524 0.271573 -0.005951 0.950000 0.540000
1772410355268334982 -0.578898 0.619571 0.020216 -0.071395 0.238921 -0.041225 0.038186 0.548524 0.238437 -0.015304 0.950000 0.540000
1772410355286834660 -0.578898 0.619571 0.020216 -0.071395 0.238921 -0.041225 0.038186 0.548524 0.238437 -0.015304 0.950000 0.530000
1772410355287297734 -0.578898 0.619571 0.020218 -0.081395 0.238921 -0.041225 0.038186 0.548524 0.238437 -0.015304 0.950000 0.530000
1772410355287668965 -0.578898 0.619571 0.020218 -0.081395 0.238921 -0.041225 0.038186 0.548524 0.238437 -0.015304 0.950000 0.530000
1772410355307736609 -0.578898 0.619571 0.020218 -0.081395 0.229486 -0.042958 0.038186 0.548524 0.238437 -0.015304 0.950000 0.530000
1772410355327768122 -0.578898 0.619571 0.020218 -0.081395 0.229486 -0.042958 0.038186 0.548524 0.238437 -0.015304 0.950000 0.530000
1772410355343432969 -0.578898 0.619571 0.020218 -0.081395 0.229486 -0.042958 0.038400 0.548486 0.238437 -0.015304 0.950000 0.530000
1772410355346862618 -0.578898 0.619571 0.020218 -0.081395 0.229486 -0.042958 0.038400 0.548486 0.238437 -0.015304 0.950000 0.530000
1772410355347513302 -0.578898 0.619571 0.020218 -0.081395 0.229486 -0.042958 0.038400 0.548486 0.238437 -0.015304 0.950000 0.530000
1772410355367592778 -0.578898 0.619571 0.020218 -0.081395 0.229486 -0.042958 0.038400 0.548486 0.238437 -0.015304 0.950000 0.530000
1772410355387702534 -0.578898 0.619571 0.020218 -0.081395 0.229486 -0.042958 0.038400 0.548486 0.238437 -0.015304 0.950000 0.530000
1772410355391844110 -0.578898 0.619571 0.020218 -0.081395 0.229486 -0.042958 0.038400 0.548486 0.238437 -0.015304 0.940000 0.530000
1772410355392282860 -0.578898 0.619571 0.010218 -0.081398 0.229486 -0.042958 0.038400 0.548486 0.238437 -0.015304 0.940000 0.530000
1772410355407729052 -0.578898 0.619571 0.010218 -0.081398 0.220015 -0.044619 0.038400 0.548486 0.238437 -0.015304 0.940000 0.530000
1772410355418340045 -0.578898 0.619571 0.010218 -0.081398 0.220015 -0.044619 0.038400 0.548486 0.207672 -0.024443 0.940000 0.530000
1772410355427745773 -0.578898 0.619571 0.010218 -0.081398 0.220015 -0.044619 0.038400 0.548486 0.207672 -0.024443 0.940000 0.530000
1772410355446337820 -0.578898 0.619571 0.010218 -0.081398 0.220015 -0.044619 0.038400 0.548486 0.207672 -0.024443 0.940000 0.530000
1772410355447568662 -0.578898 0.619571 0.010218 -0.081398 0.220015 -0.044619 0.038400 0.548486 0.207672 -0.024443 0.940000 0.530000
1772410355467687760 -0.578898 0.619571 0.010218 -0.081398 0.220015 -0.044619 0.038400 0.548486 0.207672 -0.024443 0.940000 0.530000
1772410355487736932 -0.578898 0.619571 0.010218 -0.081398 0.220015 -0.044619 0.038400 0.548486 0.207672 -0.024443 0.940000 0.530000
1772410355488190240 -0.578898 0.619571 0.010218 -0.081398 0.220015 -0.044619 0.038400 0.548486 0.207672 -0.024443 0.940000 0.530000
1772410355488841538 -0.578898 0.619571 0.010218 -0.081398 0.220015 -0.044619 0.038400 0.548486 0.207672 -0.024443 0.940000 0.530000
1772410355493187180 -0.578898 0.619571 0.010218 -0.081398 0.220015 -0.044619 0.038435 0.548477 0.207672 -0.024443 0.940000 0.530000
1772410355507591168 -0.578898 0.619571 0.010218 -0.081398 0.210944 -0.046209 0.038435 0.548477 0.207672 -0.024443 0.940000 0.530000
1772410355527775949 -0.578898 0.619571 0.010218 -0.081398 0.210944 -0.046209 0.038435 0.548477 0.207672 -0.024443 0.940000 0.530000
1772410355547817130 -0.578898 0.619571 0.010218 -0.081398 0.210944 -0.046209 0.038435 0.548477 0.207672 -0.024443 0.940000 0.530000
1772410355567476739 -0.578898 0.619571 0.010218 -0.081398 0.210944 -0.046209 0.038435 0.548477 0.207672 -0.024443 0.940000 0.530000
1772410355567712407 -0.578898 0.619571 0.010218 -0.081398 0.210944 -0.046209 0.038435 0.548477 0.207672 -0.024443 0.940000 0.530000
1772410355586830519 -0.578898 0.619571 0.010218 -0.081398 0.210944 -0.046209 0.038435 0.548477 0.207672 -0.024443 0.930000 0.530000
1772410355587326457 -0.578898 0.619571 0.000218 -0.081400 0.210944 -0.046209 0.038435 0.548477 0.207672 -0.024443 0.930000 0.530000
1772410355587651531 -0.578898 0.619571 0.000218 -0.081400 0.210944 -0.046209 0.038435 0.548477 0.207672 -0.024443 0.930000 0.530000
1772410355593474976 -0.578898 0.619571 0.000218 -0.081400 0.210944 -0.046209 0.038044 0.548538 0.207672 -0.024443 0.930000 0.530000
1772410355607631952 -0.578898 0.619571 0.000218 -0.081400 0.201824 -0.047732 0.038044 0.548538 0.207672 -0.024443 0.930000 0.530000
1772410355618474863 -0.578898 0.619571 0.000218 -0.081400 0.201824 -0.047732 0.038044 0.548538 0.181400 -0.032080 0.930000 0.530000
1772410355627776749 -0.578898 0.619571 0.000218 -0.081400 0.201824 -0.047732 0.038044 0.548538 0.181400 -0.032080 0.930000 0.530000
1772410355647725493 -0.578898 0.619571 0.000218 -0.081400 0.201824 -0.047732 0.038044 0.548538 0.181400 -0.032080 0.930000 0.530000
1772410355667767035 -0.578898 0.619571 0.000218 -0.081400 0.201824 -0.047732 0.038044 0.548538 0.181400 -0.032080 0.930000 0.530000
1772410355687843220 -0.578898 0.619571 0.000218 -0.081400 0.201824 -0.047732 0.038044 0.548538 0.181400 -0.032080 0.930000 0.530000
1772410355707851000 -0.578898 0.619571 0.000218 -0.081400 0.201824 -0.047732 0.038044 0.548538 0.181400 -0.032080 0.930000 0.530000
1772410355718601223 -0.578898 0.619571 0.000218 -0.081400 0.201824 -0.047732 0.039371 0.548323 0.181400 -0.032080 0.930000 0.530000
1772410355727504765 -0.578898 0.619571 0.000218 -0.081400 0.201824 -0.047732 0.039371 0.548323 0.181400 -0.032080 0.930000 0.530000
1772410355732539324 -0.578898 0.619571 0.000218 -0.081400 0.201824 -0.047732 0.039371 0.548323 0.181400 -0.032080 0.930000 0.530000
1772410355732571820 -0.578898 0.619571 0.000218 -0.081400 0.201824 -0.047732 0.039371 0.548323 0.181400 -0.032080 0.930000 0.530000
1772410355733164122 -0.578898 0.619571 0.000218 -0.081400 0.201824 -0.047732 0.039371 0.548323 0.181400 -0.032080 0.930000 0.530000
1772410355747835287 -0.578898 0.619571 0.000218 -0.081400 0.193091 -0.049191 0.039371 0.548323 0.181400 -0.032080 0.930000 0.530000
1772410355767815266 -0.578898 0.619571 0.000218 -0.081400 0.193091 -0.049191 0.039371 0.548323 0.181400 -0.032080 0.930000 0.530000
1772410355787776119 -0.578898 0.619571 0.000218 -0.081400 0.193091 -0.049191 0.039371 0.548323 0.181400 -0.032080 0.930000 0.530000
1772410355793372636 -0.578898 0.619571 0.000218 -0.081400 0.193091 -0.049191 0.039371 0.548323 0.168580 -0.035585 0.930000 0.530000
1772410355807740871 -0.578898 0.619571 0.000218 -0.081400 0.193091 -0.049191 0.039371 0.548323 0.168580 -0.035585 0.930000 0.530000
1772410355827968011 -0.578898 0.619571 0.000218 -0.081400 0.193091 -0.049191 0.039371 0.548323 0.168580 -0.035585 0.930000 0.530000
1772410355828226323 -0.578898 0.619571 0.000218 -0.081400 0.193091 -0.049191 0.039371 0.548323 0.168580 -0.035585 0.930000 0.530000
1772410355828308696 -0.578898 0.619571 0.000218 -0.081400 0.193091 -0.049191 0.039371 0.548323 0.168580 -0.035585 0.930000 0.530000
1772410355828969682 -0.578898 0.619571 0.000218 -0.081400 0.193091 -0.049191 0.039371 0.548323 0.168580 -0.035585 0.930000 0.530000
1772410355847757931 -0.578898 0.619571 0.000218 -0.081400 0.184729 -0.050587 0.039371 0.548323 0.168580 -0.035585 0.930000 0.530000
1772410355867759680 -0.578898 0.619571 0.000218 -0.081400 0.184729 -0.050587 0.039371 0.548323 0.168580 -0.035585 0.930000 0.530000
1772410355887779113 -0.578898 0.619571 0.000218 -0.081400 0.184729 -0.050587 0.039371 0.548323 0.168580 -0.035585 0.930000 0.530000
1772410355889970654 -0.578898 0.619571 0.000218 -0.081400 0.184729 -0.050587 0.039371 0.548323 0.168580 -0.035585 0.930000 0.530000
1772410355889994829 -0.578898 0.619571 0.000218 -0.081400 0.184729 -0.050587 0.039371 0.548323 0.168580 -0.035585 0.930000 0.530000
1772410355890410774 -0.578898 0.619571 0.000218 -0.081400 0.184729 -0.050587 0.039371 0.548323 0.168580 -0.035585 0.930000 0.530000
1772410355907679392 -0.578898 0.619571 0.000218 -0.081400 0.176724 -0.051924 0.039371 0.548323 0.168580 -0.035585 0.930000 0.530000
1772410355918868867 -0.578898 0.619571 0.000218 -0.081400 0.176724 -0.051924 0.038714 0.548427 0.168580 -0.035585 0.930000 0.530000
1772410355918879011 -0.578898 0.619571 0.000218 -0.081400 0.176724 -0.051924 0.038714 0.548427 0.145377 -0.041881 0.930000 0.530000
1772410355927685472 -0.578898 0.619571 0.000218 -0.081400 0.176724 -0.051924 0.038714 0.548427 0.145377 -0.041881 0.930000 0.530000
1772410355947588781 -0.578898 0.619571 0.000218 -0.081400 0.176724 -0.051924 0.038714 0.548427 0.145377 -0.041881 0.930000 0.530000
1772410355967694472 -0.578898 0.619571 0.000218 -0.081400 0.176724 -0.051924 0.038714 0.548427 0.145377 -0.041881 0.930000 0.530000
1772410355987711023 -0.578898 0.619571 0.000218 -0.081400 0.176724 -0.051924 0.038714 0.548427 0.145377 -0.041881 0.930000 0.530000
1772410355988164165 -0.578898 0.619571 0.000218 -0.081400 0.176724 -0.051924 0.038714 0.548427 0.145377 -0.041881 0.930000 0.530000
1772410355988875825 -0.578898 0.619571 0.000218 -0.081400 0.176724 -0.051924 0.038714 0.548427 0.145377 -0.041881 0.930000 0.530000
1772410356006436119 -0.578898 0.619571 0.000218 -0.081400 0.176724 -0.051924 0.038714 0.548427 0.145377 -0.041881 0.930000 0.530000
1772410356007679070 -0.578898 0.619571 0.000218 -0.081400 0.169222 -0.053177 0.038714 0.548427 0.145377 -0.041881 0.930000 0.530000
1772410356027644040 -0.578898 0.619571 0.000218 -0.081400 0.169222 -0.053177 0.038714 0.548427 0.145377 -0.041881 0.930000 0.530000
1772410356047826001 -0.578898 0.619571 0.000218 -0.081400 0.169222 -0.053177 0.038714 0.548427 0.145377 -0.041881 0.930000 0.530000
1772410356067494667 -0.578898 0.619571 0.000218 -0.081400 0.169222 -0.053177 0.038714 0.548427 0.145377 -0.041881 0.930000 0.530000
1772410356068090886 -0.578898 0.619571 0.000218 -0.081400 0.169222 -0.053177 0.038714 0.548427 0.135337 -0.044649 0.930000 0.530000
1772410356068103059 -0.578898 0.619571 0.000218 -0.081400 0.169222 -0.053177 0.038490 0.548461 0.135337 -0.044649 0.930000 0.530000
1772410356086411581 -0.578898 0.619571 0.000218 -0.081400 0.169222 -0.053177 0.038490 0.548461 0.135337 -0.044649 0.930000 0.540000
1772410356086740545 -0.578898 0.619571 0.000216 -0.071400 0.169222 -0.053177 0.038490 0.548461 0.135337 -0.044649 0.930000 0.540000
1772410356087457276 -0.578898 0.619571 0.000216 -0.071400 0.162022 -0.053953 0.038490 0.548461 0.135337 -0.044649 0.930000 0.540000
1772410356106884818 -0.578898 0.619571 0.000216 -0.071400 0.162022 -0.053953 0.038490 0.548461 0.135337 -0.044649 0.930000 0.540000
1772410356107520817 -0.578898 0.619571 0.000216 -0.071400 0.162022 -0.053953 0.038490 0.548461 0.135337 -0.044649 0.930000 0.540000
1772410356127695089 -0.578898 0.619571 0.000216 -0.071400 0.162022 -0.053953 0.038490 0.548461 0.135337 -0.044649 0.930000 0.540000
1772410356147745553 -0.578898 0.619571 0.000216 -0.071400 0.162022 -0.053953 0.038490 0.548461 0.135337 -0.044649 0.930000 0.540000
1772410356167850411 -0.578898 0.619571 0.000216 -0.071400 0.162022 -0.053953 0.038490 0.548461 0.135337 -0.044649 0.930000 0.540000
1772410356168866691 -0.578898 0.619571 0.000216 -0.071400 0.162022 -0.053953 0.038490 0.548461 0.125586 -0.046561 0.930000 0.540000
1772410356168885063 -0.578898 0.619571 0.000216 -0.071400 0.162022 -0.053953 0.038211 0.548506 0.125586 -0.046561 0.930000 0.540000
1772410356186816547 -0.578898 0.619571 0.000216 -0.071400 0.162022 -0.053953 0.038211 0.548506 0.125586 -0.046561 0.940000 0.540000
1772410356187341360 -0.578898 0.619571 0.010216 -0.071398 0.162022 -0.053953 0.038211 0.548506 0.125586 -0.046561 0.940000 0.540000
1772410356187647770 -0.578898 0.619571 0.010216 -0.071398 0.162022 -0.053953 0.038211 0.548506 0.125586 -0.046561 0.940000 0.540000
1772410356207699628 -0.578898 0.619571 0.010216 -0.071398 0.155540 -0.054698 0.038211 0.548506 0.125586 -0.046561 0.940000 0.540000
1772410356227900012 -0.578898 0.619571 0.010216 -0.071398 0.155540 -0.054698 0.038211 0.548506 0.125586 -0.046561 0.940000 0.540000
1772410356228064773 -0.578898 0.619571 0.010216 -0.071398 0.155540 -0.054698 0.038211 0.548506 0.125586 -0.046561 0.940000 0.540000
1772410356247809143 -0.578898 0.619571 0.010216 -0.071398 0.155540 -0.054698 0.038211 0.548506 0.125586 -0.046561 0.940000 0.540000
1772410356267674151 -0.578898 0.619571 0.010216 -0.071398 0.155540 -0.054698 0.038211 0.548506 0.125586 -0.046561 0.940000 0.540000
1772410356287792055 -0.578898 0.619571 0.010216 -0.071398 0.155540 -0.054698 0.038211 0.548506 0.125586 -0.046561 0.940000 0.540000
1772410356307768684 -0.578898 0.619571 0.010216 -0.071398 0.155540 -0.054698 0.038211 0.548506 0.125586 -0.046561 0.940000 0.540000
1772410356327773208 -0.578898 0.619571 0.010216 -0.071398 0.155540 -0.054698 0.038211 0.548506 0.125586 -0.046561 0.940000 0.540000
1772410356347749459 -0.578898 0.619571 0.010216 -0.071398 0.155540 -0.054698 0.038211 0.548506 0.125586 -0.046561 0.940000 0.540000
1772410356367741992 -0.578898 0.619571 0.010216 -0.071398 0.155540 -0.054698 0.038211 0.548506 0.125586 -0.046561 0.940000 0.540000
1772410356387586158 -0.578898 0.619571 0.010216 -0.071398 0.155540 -0.054698 0.038211 0.548506 0.125586 -0.046561 0.940000 0.540000
1772410356407535519 -0.578898 0.619571 0.010216 -0.071398 0.155540 -0.054698 0.038211 0.548506 0.125586 -0.046561 0.940000 0.540000
1772410356427672236 -0.578898 0.619571 0.010216 -0.071398 0.155540 -0.054698 0.038211 0.548506 0.125586 -0.046561 0.940000 0.540000
1772410356447651536 -0.578898 0.619571 0.010216 -0.071398 0.155540 -0.054698 0.038211 0.548506 0.125586 -0.046561 0.940000 0.540000
1772410356467878208 -0.578898 0.619571 0.010216 -0.071398 0.155540 -0.054698 0.038211 0.548506 0.125586 -0.046561 0.940000 0.540000
1772410356487828123 -0.578898 0.619571 0.010216 -0.071398 0.155540 -0.054698 0.038211 0.548506 0.125586 -0.046561 0.940000 0.540000
1772410356507778430 -0.578898 0.619571 0.010216 -0.071398 0.155540 -0.054698 0.038211 0.548506 0.125586 -0.046561 0.940000 0.540000
1772410356528027736 -0.578898 0.619571 0.010216 -0.071398 0.155540 -0.054698 0.038211 0.548506 0.125586 -0.046561 0.940000 0.540000
1772410356547867662 -0.578898 0.619571 0.010216 -0.071398 0.155540 -0.054698 0.038211 0.548506 0.125586 -0.046561 0.940000 0.540000
1772410356568021194 -0.578898 0.619571 0.010216 -0.071398 0.155540 -0.054698 0.038211 0.548506 0.125586 -0.046561 0.940000 0.540000
1772410356587719188 -0.578898 0.619571 0.010216 -0.071398 0.155540 -0.054698 0.038211 0.548506 0.125586 -0.046561 0.940000 0.540000
1772410356607874232 -0.578898 0.619571 0.010216 -0.071398 0.155540 -0.054698 0.038211 0.548506 0.125586 -0.046561 0.940000 0.540000
1772410356627794599 -0.578898 0.619571 0.010216 -0.071398 0.155540 -0.054698 0.038211 0.548506 0.125586 -0.046561 0.940000 0.540000
1772410356647728888 -0.578898 0.619571 0.010216 -0.071398 0.155540 -0.054698 0.038211 0.548506 0.125586 -0.046561 0.940000 0.540000
1772410356668007156 -0.578898 0.619571 0.010216 -0.071398 0.155540 -0.054698 0.038211 0.548506 0.125586 -0.046561 0.940000 0.540000
1772410356687845780 -0.578898 0.619571 0.010216 -0.071398 0.155540 -0.054698 0.038211 0.548506 0.125586 -0.046561 0.940000 0.540000
1772410356707781005 -0.578898 0.619571 0.010216 -0.071398 0.155540 -0.054698 0.038211 0.548506 0.125586 -0.046561 0.940000 0.540000
1772410356727820105 -0.578898 0.619571 0.010216 -0.071398 0.155540 -0.054698 0.038211 0.548506 0.125586 -0.046561 0.940000 0.540000
1772410356747624229 -0.578898 0.619571 0.010216 -0.071398 0.155540 -0.054698 0.038211 0.548506 0.125586 -0.046561 0.940000 0.540000
1772410356767884434 -0.578898 0.619571 0.010216 -0.071398 0.155540 -0.054698 0.038211 0.548506 0.125586 -0.046561 0.940000 0.540000
1772410356787787533 -0.578898 0.619571 0.010216 -0.071398 0.155540 -0.054698 0.038211 0.548506 0.125586 -0.046561 0.940000 0.540000
1772410356808209663 -0.578898 0.619571 0.010216 -0.071398 0.155540 -0.054698 0.038211 0.548506 0.125586 -0.046561 0.940000 0.540000
1772410356827685584 -0.578898 0.619571 0.010216 -0.071398 0.155540 -0.054698 0.038211 0.548506 0.125586 -0.046561 0.940000 0.540000
1772410356847623660 -0.578898 0.619571 0.010216 -0.071398 0.155540 -0.054698 0.038211 0.548506 0.125586 -0.046561 0.940000 0.540000
1772410356867794733 -0.578898 0.619571 0.010216 -0.071398 0.155540 -0.054698 0.038211 0.548506 0.125586 -0.046561 0.940000 0.540000
1772410356887830394 -0.578898 0.619571 0.010216 -0.071398 0.155540 -0.054698 0.038211 0.548506 0.125586 -0.046561 0.940000 0.540000
1772410356907814385 -0.578898 0.619571 0.010216 -0.071398 0.155540 -0.054698 0.038211 0.548506 0.125586 -0.046561 0.940000 0.540000
1772410356927919240 -0.578898 0.619571 0.010216 -0.071398 0.155540 -0.054698 0.038211 0.548506 0.125586 -0.046561 0.940000 0.540000
1772410356947709881 -0.578898 0.619571 0.010216 -0.071398 0.155540 -0.054698 0.038211 0.548506 0.125586 -0.046561 0.940000 0.540000
1772410356967628553 -0.578898 0.619571 0.010216 -0.071398 0.155540 -0.054698 0.038211 0.548506 0.125586 -0.046561 0.940000 0.540000
1772410356987786878 -0.578898 0.619571 0.010216 -0.071398 0.155540 -0.054698 0.038211 0.548506 0.125586 -0.046561 0.940000 0.540000
1772410357007655889 -0.578898 0.619571 0.010216 -0.071398 0.155540 -0.054698 0.038211 0.548506 0.125586 -0.046561 0.940000 0.540000
1772410357027967523 -0.578898 0.619571 0.010216 -0.071398 0.155540 -0.054698 0.038211 0.548506 0.125586 -0.046561 0.940000 0.540000
1772410357047878556 -0.578898 0.619571 0.010216 -0.071398 0.155540 -0.054698 0.038211 0.548506 0.125586 -0.046561 0.940000 0.540000
1772410357067836474 -0.578898 0.619571 0.010216 -0.071398 0.155540 -0.054698 0.038211 0.548506 0.125586 -0.046561 0.940000 0.540000
1772410357087796242 -0.578898 0.619571 0.010216 -0.071398 0.155540 -0.054698 0.038211 0.548506 0.125586 -0.046561 0.940000 0.540000
1772410357107708371 -0.578898 0.619571 0.010216 -0.071398 0.155540 -0.054698 0.038211 0.548506 0.125586 -0.046561 0.940000 0.540000
1772410357127706424 -0.578898 0.619571 0.010216 -0.071398 0.155540 -0.054698 0.038211 0.548506 0.125586 -0.046561 0.940000 0.540000
1772410357147977306 -0.578898 0.619571 0.010216 -0.071398 0.155540 -0.054698 0.038211 0.548506 0.125586 -0.046561 0.940000 0.540000
1772410357167908587 -0.578898 0.619571 0.010216 -0.071398 0.155540 -0.054698 0.038211 0.548506 0.125586 -0.046561 0.940000 0.540000
1772410357187852336 -0.578898 0.619571 0.010216 -0.071398 0.155540 -0.054698 0.038211 0.548506 0.125586 -0.046561 0.940000 0.540000
1772410357207506447 -0.578898 0.619571 0.010216 -0.071398 0.155540 -0.054698 0.038211 0.548506 0.125586 -0.046561 0.940000 0.540000
1772410357227809807 -0.578898 0.619571 0.010216 -0.071398 0.155540 -0.054698 0.038211 0.548506 0.125586 -0.046561 0.940000 0.540000
1772410357247671418 -0.578898 0.619571 0.010216 -0.071398 0.155540 -0.054698 0.038211 0.548506 0.125586 -0.046561 0.940000 0.540000
1772410357267652704 -0.578898 0.619571 0.010216 -0.071398 0.155540 -0.054698 0.038211 0.548506 0.125586 -0.046561 0.940000 0.540000
1772410357287651028 -0.578898 0.619571 0.010216 -0.071398 0.155540 -0.054698 0.038211 0.548506 0.125586 -0.046561 0.940000 0.540000
1772410357307496610 -0.578898 0.619571 0.010216 -0.071398 0.155540 -0.054698 0.038211 0.548506 0.125586 -0.046561 0.940000 0.540000
1772410357327679381 -0.578898 0.619571 0.010216 -0.071398 0.155540 -0.054698 0.038211 0.548506 0.125586 -0.046561 0.940000 0.540000
1772410357347607309 -0.578898 0.619571 0.010216 -0.071398 0.155540 -0.054698 0.038211 0.548506 0.125586 -0.046561 0.940000 0.540000
1772410357367665212 -0.578898 0.619571 0.010216 -0.071398 0.155540 -0.054698 0.038211 0.548506 0.125586 -0.046561 0.940000 0.540000
1772410357387624159 -0.578898 0.619571 0.010216 -0.071398 0.155540 -0.054698 0.038211 0.548506 0.125586 -0.046561 0.940000 0.540000
1772410357407610524 -0.578898 0.619571 0.010216 -0.071398 0.155540 -0.054698 0.038211 0.548506 0.125586 -0.046561 0.940000 0.540000
1772410357427592074 -0.578898 0.619571 0.010216 -0.071398 0.155540 -0.054698 0.038211 0.548506 0.125586 -0.046561 0.940000 0.540000
1772410357447595208 -0.578898 0.619571 0.010216 -0.071398 0.155540 -0.054698 0.038211 0.548506 0.125586 -0.046561 0.940000 0.540000
1772410357467752188 -0.578898 0.619571 0.010216 -0.071398 0.155540 -0.054698 0.038211 0.548506 0.125586 -0.046561 0.940000 0.540000
1772410357487692223 -0.578898 0.619571 0.010216 -0.071398 0.155540 -0.054698 0.038211 0.548506 0.125586 -0.046561 0.940000 0.540000
1772410357507706002 -0.578898 0.619571 0.010216 -0.071398 0.155540 -0.054698 0.038211 0.548506 0.125586 -0.046561 0.940000 0.540000
1772410357527657184 -0.578898 0.619571 0.010216 -0.071398 0.155540 -0.054698 0.038211 0.548506 0.125586 -0.046561 0.940000 0.540000
1772410357547694785 -0.578898 0.619571 0.010216 -0.071398 0.155540 -0.054698 0.038211 0.548506 0.125586 -0.046561 0.940000 0.540000
1772410357567640221 -0.578898 0.619571 0.010216 -0.071398 0.155540 -0.054698 0.038211 0.548506 0.125586 -0.046561 0.940000 0.540000
1772410357587669589 -0.578898 0.619571 0.010216 -0.071398 0.155540 -0.054698 0.038211 0.548506 0.125586 -0.046561 0.940000 0.540000
1772410357607582797 -0.578898 0.619571 0.010216 -0.071398 0.155540 -0.054698 0.038211 0.548506 0.125586 -0.046561 0.940000 0.540000
1772410357627633009 -0.578898 0.619571 0.010216 -0.071398 0.155540 -0.054698 0.038211 0.548506 0.125586 -0.046561 0.940000 0.540000
1772410357647593697 -0.578898 0.619571 0.010216 -0.071398 0.155540 -0.054698 0.038211 0.548506 0.125586 -0.046561 0.940000 0.540000
1772410357667661881 -0.578898 0.619571 0.010216 -0.071398 0.155540 -0.054698 0.038211 0.548506 0.125586 -0.046561 0.940000 0.540000
1772410357687696924 -0.578898 0.619571 0.010216 -0.071398 0.155540 -0.054698 0.038211 0.548506 0.125586 -0.046561 0.940000 0.540000
1772410357707630246 -0.578898 0.619571 0.010216 -0.071398 0.155540 -0.054698 0.038211 0.548506 0.125586 -0.046561 0.940000 0.540000
1772410357727725700 -0.578898 0.619571 0.010216 -0.071398 0.155540 -0.054698 0.038211 0.548506 0.125586 -0.046561 0.940000 0.540000
1772410357747712481 -0.578898 0.619571 0.010216 -0.071398 0.155540 -0.054698 0.038211 0.548506 0.125586 -0.046561 0.940000 0.540000
1772410357767446770 -0.578898 0.619571 0.010216 -0.071398 0.155540 -0.054698 0.038211 0.548506 0.125586 -0.046561 0.940000 0.540000
1772410357787648580 -0.578898 0.619571 0.010216 -0.071398 0.155540 -0.054698 0.038211 0.548506 0.125586 -0.046561 0.940000 0.540000
1772410357807664240 -0.578898 0.619571 0.010216 -0.071398 0.155540 -0.054698 0.038211 0.548506 0.125586 -0.046561 0.940000 0.540000
1772410357827638693 -0.578898 0.619571 0.010216 -0.071398 0.155540 -0.054698 0.038211 0.548506 0.125586 -0.046561 0.940000 0.540000
1772410357847755804 -0.578898 0.619571 0.010216 -0.071398 0.155540 -0.054698 0.038211 0.548506 0.125586 -0.046561 0.940000 0.540000
1772410357867720062 -0.578898 0.619571 0.010216 -0.071398 0.155540 -0.054698 0.038211 0.548506 0.125586 -0.046561 0.940000 0.540000
1772410357887850928 -0.578898 0.619571 0.010216 -0.071398 0.155540 -0.054698 0.038211 0.548506 0.125586 -0.046561 0.940000 0.540000
1772410357907787198 -0.578898 0.619571 0.010216 -0.071398 0.155540 -0.054698 0.038211 0.548506 0.125586 -0.046561 0.940000 0.540000
1772410357927724072 -0.578898 0.619571 0.010216 -0.071398 0.155540 -0.054698 0.038211 0.548506 0.125586 -0.046561 0.940000 0.540000
1772410357947755384 -0.578898 0.619571 0.010216 -0.071398 0.155540 -0.054698 0.038211 0.548506 0.125586 -0.046561 0.940000 0.540000
1772410357967668700 -0.578898 0.619571 0.010216 -0.071398 0.155540 -0.054698 0.038211 0.548506 0.125586 -0.046561 0.940000 0.540000
1772410357987810700 -0.578898 0.619571 0.010216 -0.071398 0.155540 -0.054698 0.038211 0.548506 0.125586 -0.046561 0.940000 0.540000
1772410358007823933 -0.578898 0.619571 0.010216 -0.071398 0.155540 -0.054698 0.038211 0.548506 0.125586 -0.046561 0.940000 0.540000
1772410358027716377 -0.578898 0.619571 0.010216 -0.071398 0.155540 -0.054698 0.038211 0.548506 0.125586 -0.046561 0.940000 0.540000
1772410358047717269 -0.578898 0.619571 0.010216 -0.071398 0.155540 -0.054698 0.038211 0.548506 0.125586 -0.046561 0.940000 0.540000
1772410358067750987 -0.578898 0.619571 0.010216 -0.071398 0.155540 -0.054698 0.038211 0.548506 0.125586 -0.046561 0.940000 0.540000
1772410358087800492 -0.578898 0.619571 0.010216 -0.071398 0.155540 -0.054698 0.038211 0.548506 0.125586 -0.046561 0.940000 0.540000
1772410358107617011 -0.578898 0.619571 0.010216 -0.071398 0.155540 -0.054698 0.038211 0.548506 0.125586 -0.046561 0.940000 0.540000
1772410358127834944 -0.578898 0.619571 0.010216 -0.071398 0.155540 -0.054698 0.038211 0.548506 0.125586 -0.046561 0.940000 0.540000
1772410358147790850 -0.578898 0.619571 0.010216 -0.071398 0.155540 -0.054698 0.038211 0.548506 0.125586 -0.046561 0.940000 0.540000
1772410358167823790 -0.578898 0.619571 0.010216 -0.071398 0.155540 -0.054698 0.038211 0.548506 0.125586 -0.046561 0.940000 0.540000
1772410358187852745 -0.578898 0.619571 0.010216 -0.071398 0.155540 -0.054698 0.038211 0.548506 0.125586 -0.046561 0.940000 0.540000
1772410358207702928 -0.578898 0.619571 0.010216 -0.071398 0.155540 -0.054698 0.038211 0.548506 0.125586 -0.046561 0.940000 0.540000
1772410358227850544 -0.578898 0.619571 0.010216 -0.071398 0.155540 -0.054698 0.038211 0.548506 0.125586 -0.046561 0.940000 0.540000
1772410358247768890 -0.578898 0.619571 0.010216 -0.071398 0.155540 -0.054698 0.038211 0.548506 0.125586 -0.046561 0.940000 0.540000
1772410358267646455 -0.578898 0.619571 0.010216 -0.071398 0.155540 -0.054698 0.038211 0.548506 0.125586 -0.046561 0.940000 0.540000
1772410358287811405 -0.578898 0.619571 0.010216 -0.071398 0.155540 -0.054698 0.038211 0.548506 0.125586 -0.046561 0.940000 0.540000
1772410358307678647 -0.578898 0.619571 0.010216 -0.071398 0.155540 -0.054698 0.038211 0.548506 0.125586 -0.046561 0.940000 0.540000
1772410358327794405 -0.578898 0.619571 0.010216 -0.071398 0.155540 -0.054698 0.038211 0.548506 0.125586 -0.046561 0.940000 0.540000
1772410358347560004 -0.578898 0.619571 0.010216 -0.071398 0.155540 -0.054698 0.038211 0.548506 0.125586 -0.046561 0.940000 0.540000
1772410358367669296 -0.578898 0.619571 0.010216 -0.071398 0.155540 -0.054698 0.038211 0.548506 0.125586 -0.046561 0.940000 0.540000
1772410358387826824 -0.578898 0.619571 0.010216 -0.071398 0.155540 -0.054698 0.038211 0.548506 0.125586 -0.046561 0.940000 0.540000
1772410358407702891 -0.578898 0.619571 0.010216 -0.071398 0.155540 -0.054698 0.038211 0.548506 0.125586 -0.046561 0.940000 0.540000
1772410358427836869 -0.578898 0.619571 0.010216 -0.071398 0.155540 -0.054698 0.038211 0.548506 0.125586 -0.046561 0.940000 0.540000
1772410358447680783 -0.578898 0.619571 0.010216 -0.071398 0.155540 -0.054698 0.038211 0.548506 0.125586 -0.046561 0.940000 0.540000
1772410358467677773 -0.578898 0.619571 0.010216 -0.071398 0.155540 -0.054698 0.038211 0.548506 0.125586 -0.046561 0.940000 0.540000
1772410358487764356 -0.578898 0.619571 0.010216 -0.071398 0.155540 -0.054698 0.038211 0.548506 0.125586 -0.046561 0.940000 0.540000
1772410358507688267 -0.578898 0.619571 0.010216 -0.071398 0.155540 -0.054698 0.038211 0.548506 0.125586 -0.046561 0.940000 0.540000
1772410358527780100 -0.578898 0.619571 0.010216 -0.071398 0.155540 -0.054698 0.038211 0.548506 0.125586 -0.046561 0.940000 0.540000
1772410358547646862 -0.578898 0.619571 0.010216 -0.071398 0.155540 -0.054698 0.038211 0.548506 0.125586 -0.046561 0.940000 0.540000
1772410358567857271 -0.578898 0.619571 0.010216 -0.071398 0.155540 -0.054698 0.038211 0.548506 0.125586 -0.046561 0.940000 0.540000
1772410358587818356 -0.578898 0.619571 0.010216 -0.071398 0.155540 -0.054698 0.038211 0.548506 0.125586 -0.046561 0.940000 0.540000
1772410358607719918 -0.578898 0.619571 0.010216 -0.071398 0.155540 -0.054698 0.038211 0.548506 0.125586 -0.046561 0.940000 0.540000
1772410358627743615 -0.578898 0.619571 0.010216 -0.071398 0.155540 -0.054698 0.038211 0.548506 0.125586 -0.046561 0.940000 0.540000
1772410358647627311 -0.578898 0.619571 0.010216 -0.071398 0.155540 -0.054698 0.038211 0.548506 0.125586 -0.046561 0.940000 0.540000
1772410358667826069 -0.578898 0.619571 0.010216 -0.071398 0.155540 -0.054698 0.038211 0.548506 0.125586 -0.046561 0.940000 0.540000
1772410358687851938 -0.578898 0.619571 0.010216 -0.071398 0.155540 -0.054698 0.038211 0.548506 0.125586 -0.046561 0.940000 0.540000
1772410358707687885 -0.578898 0.619571 0.010216 -0.071398 0.155540 -0.054698 0.038211 0.548506 0.125586 -0.046561 0.940000 0.540000
1772410358727685087 -0.578898 0.619571 0.010216 -0.071398 0.155540 -0.054698 0.038211 0.548506 0.125586 -0.046561 0.940000 0.540000
1772410358747636917 -0.578898 0.619571 0.010216 -0.071398 0.155540 -0.054698 0.038211 0.548506 0.125586 -0.046561 0.940000 0.540000
1772410358767844875 -0.578898 0.619571 0.010216 -0.071398 0.155540 -0.054698 0.038211 0.548506 0.125586 -0.046561 0.940000 0.540000
1772410358787632151 -0.578898 0.619571 0.010216 -0.071398 0.155540 -0.054698 0.038211 0.548506 0.125586 -0.046561 0.940000 0.540000
1772410358807796608 -0.578898 0.619571 0.010216 -0.071398 0.155540 -0.054698 0.038211 0.548506 0.125586 -0.046561 0.940000 0.540000
1772410358827814815 -0.578898 0.619571 0.010216 -0.071398 0.155540 -0.054698 0.038211 0.548506 0.125586 -0.046561 0.940000 0.540000
1772410358848048638 -0.578898 0.619571 0.010216 -0.071398 0.155540 -0.054698 0.038211 0.548506 0.125586 -0.046561 0.940000 0.540000
1772410358867582167 -0.578898 0.619571 0.010216 -0.071398 0.155540 -0.054698 0.038211 0.548506 0.125586 -0.046561 0.940000 0.540000
1772410358887757433 -0.578898 0.619571 0.010216 -0.071398 0.155540 -0.054698 0.038211 0.548506 0.125586 -0.046561 0.940000 0.540000
1772410358907785530 -0.578898 0.619571 0.010216 -0.071398 0.155540 -0.054698 0.038211 0.548506 0.125586 -0.046561 0.940000 0.540000
1772410358927760805 -0.578898 0.619571 0.010216 -0.071398 0.155540 -0.054698 0.038211 0.548506 0.125586 -0.046561 0.940000 0.540000
1772410358947740148 -0.578898 0.619571 0.010216 -0.071398 0.155540 -0.054698 0.038211 0.548506 0.125586 -0.046561 0.940000 0.540000
1772410358967680784 -0.578898 0.619571 0.010216 -0.071398 0.155540 -0.054698 0.038211 0.548506 0.125586 -0.046561 0.940000 0.540000
1772410358987630555 -0.578898 0.619571 0.010216 -0.071398 0.155540 -0.054698 0.038211 0.548506 0.125586 -0.046561 0.940000 0.540000
1772410359007718591 -0.578898 0.619571 0.010216 -0.071398 0.155540 -0.054698 0.038211 0.548506 0.125586 -0.046561 0.940000 0.540000
1772410359027763852 -0.578898 0.619571 0.010216 -0.071398 0.155540 -0.054698 0.038211 0.548506 0.125586 -0.046561 0.940000 0.540000
1772410359047835553 -0.578898 0.619571 0.010216 -0.071398 0.155540 -0.054698 0.038211 0.548506 0.125586 -0.046561 0.940000 0.540000
1772410359067723088 -0.578898 0.619571 0.010216 -0.071398 0.155540 -0.054698 0.038211 0.548506 0.125586 -0.046561 0.940000 0.540000
1772410359087762468 -0.578898 0.619571 0.010216 -0.071398 0.155540 -0.054698 0.038211 0.548506 0.125586 -0.046561 0.940000 0.540000
1772410359107625637 -0.578898 0.619571 0.010216 -0.071398 0.155540 -0.054698 0.038211 0.548506 0.125586 -0.046561 0.940000 0.540000
1772410359127809076 -0.578898 0.619571 0.010216 -0.071398 0.155540 -0.054698 0.038211 0.548506 0.125586 -0.046561 0.940000 0.540000
1772410359148059194 -0.578898 0.619571 0.010216 -0.071398 0.155540 -0.054698 0.038211 0.548506 0.125586 -0.046561 0.940000 0.540000
1772410359167727045 -0.578898 0.619571 0.010216 -0.071398 0.155540 -0.054698 0.038211 0.548506 0.125586 -0.046561 0.940000 0.540000
1772410359187613839 -0.578898 0.619571 0.010216 -0.071398 0.155540 -0.054698 0.038211 0.548506 0.125586 -0.046561 0.940000 0.540000
1772410359207777506 -0.578898 0.619571 0.010216 -0.071398 0.155540 -0.054698 0.038211 0.548506 0.125586 -0.046561 0.940000 0.540000
1772410359227744759 -0.578898 0.619571 0.010216 -0.071398 0.155540 -0.054698 0.038211 0.548506 0.125586 -0.046561 0.940000 0.540000
1772410359247719779 -0.578898 0.619571 0.010216 -0.071398 0.155540 -0.054698 0.038211 0.548506 0.125586 -0.046561 0.940000 0.540000
1772410359267839537 -0.578898 0.619571 0.010216 -0.071398 0.155540 -0.054698 0.038211 0.548506 0.125586 -0.046561 0.940000 0.540000
1772410359287728294 -0.578898 0.619571 0.010216 -0.071398 0.155540 -0.054698 0.038211 0.548506 0.125586 -0.046561 0.940000 0.540000
1772410359307815662 -0.578898 0.619571 0.010216 -0.071398 0.155540 -0.054698 0.038211 0.548506 0.125586 -0.046561 0.940000 0.540000
1772410359327796113 -0.578898 0.619571 0.010216 -0.071398 0.155540 -0.054698 0.038211 0.548506 0.125586 -0.046561 0.940000 0.540000
1772410359347964910 -0.578898 0.619571 0.010216 -0.071398 0.155540 -0.054698 0.038211 0.548506 0.125586 -0.046561 0.940000 0.540000
1772410359368082482 -0.578898 0.619571 0.010216 -0.071398 0.155540 -0.054698 0.038211 0.548506 0.125586 -0.046561 0.940000 0.540000
1772410359387763240 -0.578898 0.619571 0.010216 -0.071398 0.155540 -0.054698 0.038211 0.548506 0.125586 -0.046561 0.940000 0.540000
1772410359407642186 -0.578898 0.619571 0.010216 -0.071398 0.155540 -0.054698 0.038211 0.548506 0.125586 -0.046561 0.940000 0.540000
1772410359427700446 -0.578898 0.619571 0.010216 -0.071398 0.155540 -0.054698 0.038211 0.548506 0.125586 -0.046561 0.940000 0.540000
1772410359448022192 -0.578898 0.619571 0.010216 -0.071398 0.155540 -0.054698 0.038211 0.548506 0.125586 -0.046561 0.940000 0.540000
1772410359467923640 -0.578898 0.619571 0.010216 -0.071398 0.155540 -0.054698 0.038211 0.548506 0.125586 -0.046561 0.940000 0.540000
1772410359487766839 -0.578898 0.619571 0.010216 -0.071398 0.155540 -0.054698 0.038211 0.548506 0.125586 -0.046561 0.940000 0.540000
1772410359507742657 -0.578898 0.619571 0.010216 -0.071398 0.155540 -0.054698 0.038211 0.548506 0.125586 -0.046561 0.940000 0.540000
1772410359527817362 -0.578898 0.619571 0.010216 -0.071398 0.155540 -0.054698 0.038211 0.548506 0.125586 -0.046561 0.940000 0.540000
1772410359547899816 -0.578898 0.619571 0.010216 -0.071398 0.155540 -0.054698 0.038211 0.548506 0.125586 -0.046561 0.940000 0.540000
1772410359568037808 -0.578898 0.619571 0.010216 -0.071398 0.155540 -0.054698 0.038211 0.548506 0.125586 -0.046561 0.940000 0.540000
1772410359588259884 -0.578898 0.619571 0.010216 -0.071398 0.155540 -0.054698 0.038211 0.548506 0.125586 -0.046561 0.940000 0.540000
1772410359607736669 -0.578898 0.619571 0.010216 -0.071398 0.155540 -0.054698 0.038211 0.548506 0.125586 -0.046561 0.940000 0.540000
1772410359627727229 -0.578898 0.619571 0.010216 -0.071398 0.155540 -0.054698 0.038211 0.548506 0.125586 -0.046561 0.940000 0.540000
1772410359647686956 -0.578898 0.619571 0.010216 -0.071398 0.155540 -0.054698 0.038211 0.548506 0.125586 -0.046561 0.940000 0.540000
1772410359667843701 -0.578898 0.619571 0.010216 -0.071398 0.155540 -0.054698 0.038211 0.548506 0.125586 -0.046561 0.940000 0.540000
1772410359688042048 -0.578898 0.619571 0.010216 -0.071398 0.155540 -0.054698 0.038211 0.548506 0.125586 -0.046561 0.940000 0.540000
1772410359707729262 -0.578898 0.619571 0.010216 -0.071398 0.155540 -0.054698 0.038211 0.548506 0.125586 -0.046561 0.940000 0.540000
1772410359727620472 -0.578898 0.619571 0.010216 -0.071398 0.155540 -0.054698 0.038211 0.548506 0.125586 -0.046561 0.940000 0.540000
1772410359747696458 -0.578898 0.619571 0.010216 -0.071398 0.155540 -0.054698 0.038211 0.548506 0.125586 -0.046561 0.940000 0.540000
1772410359768077238 -0.578898 0.619571 0.010216 -0.071398 0.155540 -0.054698 0.038211 0.548506 0.125586 -0.046561 0.940000 0.540000
1772410359788058744 -0.578898 0.619571 0.010216 -0.071398 0.155540 -0.054698 0.038211 0.548506 0.125586 -0.046561 0.940000 0.540000
1772410359807728677 -0.578898 0.619571 0.010216 -0.071398 0.155540 -0.054698 0.038211 0.548506 0.125586 -0.046561 0.940000 0.540000
1772410359827689975 -0.578898 0.619571 0.010216 -0.071398 0.155540 -0.054698 0.038211 0.548506 0.125586 -0.046561 0.940000 0.540000
1772410359847515693 -0.578898 0.619571 0.010216 -0.071398 0.155540 -0.054698 0.038211 0.548506 0.125586 -0.046561 0.940000 0.540000
1772410359867598316 -0.578898 0.619571 0.010216 -0.071398 0.155540 -0.054698 0.038211 0.548506 0.125586 -0.046561 0.940000 0.540000
1772410359887664406 -0.578898 0.619571 0.010216 -0.071398 0.155540 -0.054698 0.038211 0.548506 0.125586 -0.046561 0.940000 0.540000
1772410359907609727 -0.578898 0.619571 0.010216 -0.071398 0.155540 -0.054698 0.038211 0.548506 0.125586 -0.046561 0.940000 0.540000
1772410359927611280 -0.578898 0.619571 0.010216 -0.071398 0.155540 -0.054698 0.038211 0.548506 0.125586 -0.046561 0.940000 0.540000
1772410359947592309 -0.578898 0.619571 0.010216 -0.071398 0.155540 -0.054698 0.038211 0.548506 0.125586 -0.046561 0.940000 0.540000
1772410359967735667 -0.578898 0.619571 0.010216 -0.071398 0.155540 -0.054698 0.038211 0.548506 0.125586 -0.046561 0.940000 0.540000
1772410359987744218 -0.578898 0.619571 0.010216 -0.071398 0.155540 -0.054698 0.038211 0.548506 0.125586 -0.046561 0.940000 0.540000
1772410360007480023 -0.578898 0.619571 0.010216 -0.071398 0.155540 -0.054698 0.038211 0.548506 0.125586 -0.046561 0.940000 0.540000
1772410360027842996 -0.578898 0.619571 0.010216 -0.071398 0.155540 -0.054698 0.038211 0.548506 0.125586 -0.046561 0.940000 0.540000
1772410360047604164 -0.578898 0.619571 0.010216 -0.071398 0.155540 -0.054698 0.038211 0.548506 0.125586 -0.046561 0.940000 0.540000
1772410360067924263 -0.578898 0.619571 0.010216 -0.071398 0.155540 -0.054698 0.038211 0.548506 0.125586 -0.046561 0.940000 0.540000
1772410360087750330 -0.578898 0.619571 0.010216 -0.071398 0.155540 -0.054698 0.038211 0.548506 0.125586 -0.046561 0.940000 0.540000
1772410360107585379 -0.578898 0.619571 0.010216 -0.071398 0.155540 -0.054698 0.038211 0.548506 0.125586 -0.046561 0.940000 0.540000
1772410360127793790 -0.578898 0.619571 0.010216 -0.071398 0.155540 -0.054698 0.038211 0.548506 0.125586 -0.046561 0.940000 0.540000
1772410360147694469 -0.578898 0.619571 0.010216 -0.071398 0.155540 -0.054698 0.038211 0.548506 0.125586 -0.046561 0.940000 0.540000
1772410360167727203 -0.578898 0.619571 0.010216 -0.071398 0.155540 -0.054698 0.038211 0.548506 0.125586 -0.046561 0.940000 0.540000
1772410360187849831 -0.578898 0.619571 0.010216 -0.071398 0.155540 -0.054698 0.038211 0.548506 0.125586 -0.046561 0.940000 0.540000
1772410360207555203 -0.578898 0.619571 0.010216 -0.071398 0.155540 -0.054698 0.038211 0.548506 0.125586 -0.046561 0.940000 0.540000
1772410360227920562 -0.578898 0.619571 0.010216 -0.071398 0.155540 -0.054698 0.038211 0.548506 0.125586 -0.046561 0.940000 0.540000
1772410360247914433 -0.578898 0.619571 0.010216 -0.071398 0.155540 -0.054698 0.038211 0.548506 0.125586 -0.046561 0.940000 0.540000
1772410360267785003 -0.578898 0.619571 0.010216 -0.071398 0.155540 -0.054698 0.038211 0.548506 0.125586 -0.046561 0.940000 0.540000
1772410360287673315 -0.578898 0.619571 0.010216 -0.071398 0.155540 -0.054698 0.038211 0.548506 0.125586 -0.046561 0.940000 0.540000
1772410360307650972 -0.578898 0.619571 0.010216 -0.071398 0.155540 -0.054698 0.038211 0.548506 0.125586 -0.046561 0.940000 0.540000
1772410360327733164 -0.578898 0.619571 0.010216 -0.071398 0.155540 -0.054698 0.038211 0.548506 0.125586 -0.046561 0.940000 0.540000
1772410360347785843 -0.578898 0.619571 0.010216 -0.071398 0.155540 -0.054698 0.038211 0.548506 0.125586 -0.046561 0.940000 0.540000
1772410360367803190 -0.578898 0.619571 0.010216 -0.071398 0.155540 -0.054698 0.038211 0.548506 0.125586 -0.046561 0.940000 0.540000
1772410360387576468 -0.578898 0.619571 0.010216 -0.071398 0.155540 -0.054698 0.038211 0.548506 0.125586 -0.046561 0.940000 0.540000
1772410360407566300 -0.578898 0.619571 0.010216 -0.071398 0.155540 -0.054698 0.038211 0.548506 0.125586 -0.046561 0.940000 0.540000
1772410360428066951 -0.578898 0.619571 0.010216 -0.071398 0.155540 -0.054698 0.038211 0.548506 0.125586 -0.046561 0.940000 0.540000
1772410360447849823 -0.578898 0.619571 0.010216 -0.071398 0.155540 -0.054698 0.038211 0.548506 0.125586 -0.046561 0.940000 0.540000
1772410360467766522 -0.578898 0.619571 0.010216 -0.071398 0.155540 -0.054698 0.038211 0.548506 0.125586 -0.046561 0.940000 0.540000
1772410360487620224 -0.578898 0.619571 0.010216 -0.071398 0.155540 -0.054698 0.038211 0.548506 0.125586 -0.046561 0.940000 0.540000
1772410360507704013 -0.578898 0.619571 0.010216 -0.071398 0.155540 -0.054698 0.038211 0.548506 0.125586 -0.046561 0.940000 0.540000
1772410360527770895 -0.578898 0.619571 0.010216 -0.071398 0.155540 -0.054698 0.038211 0.548506 0.125586 -0.046561 0.940000 0.540000
1772410360547888406 -0.578898 0.619571 0.010216 -0.071398 0.155540 -0.054698 0.038211 0.548506 0.125586 -0.046561 0.940000 0.540000
1772410360568002111 -0.578898 0.619571 0.010216 -0.071398 0.155540 -0.054698 0.038211 0.548506 0.125586 -0.046561 0.940000 0.540000
1772410360587781889 -0.578898 0.619571 0.010216 -0.071398 0.155540 -0.054698 0.038211 0.548506 0.125586 -0.046561 0.940000 0.540000
1772410360607654549 -0.578898 0.619571 0.010216 -0.071398 0.155540 -0.054698 0.038211 0.548506 0.125586 -0.046561 0.940000 0.540000
1772410360627754919 -0.578898 0.619571 0.010216 -0.071398 0.155540 -0.054698 0.038211 0.548506 0.125586 -0.046561 0.940000 0.540000
1772410360647797642 -0.578898 0.619571 0.010216 -0.071398 0.155540 -0.054698 0.038211 0.548506 0.125586 -0.046561 0.940000 0.540000
1772410360667757079 -0.578898 0.619571 0.010216 -0.071398 0.155540 -0.054698 0.038211 0.548506 0.125586 -0.046561 0.940000 0.540000
1772410360687789524 -0.578898 0.619571 0.010216 -0.071398 0.155540 -0.054698 0.038211 0.548506 0.125586 -0.046561 0.940000 0.540000
1772410360707696938 -0.578898 0.619571 0.010216 -0.071398 0.155540 -0.054698 0.038211 0.548506 0.125586 -0.046561 0.940000 0.540000
1772410360727749500 -0.578898 0.619571 0.010216 -0.071398 0.155540 -0.054698 0.038211 0.548506 0.125586 -0.046561 0.940000 0.540000
1772410360747821772 -0.578898 0.619571 0.010216 -0.071398 0.155540 -0.054698 0.038211 0.548506 0.125586 -0.046561 0.940000 0.540000
1772410360768013440 -0.578898 0.619571 0.010216 -0.071398 0.155540 -0.054698 0.038211 0.548506 0.125586 -0.046561 0.940000 0.540000
1772410360787728925 -0.578898 0.619571 0.010216 -0.071398 0.155540 -0.054698 0.038211 0.548506 0.125586 -0.046561 0.940000 0.540000
1772410360807648958 -0.578898 0.619571 0.010216 -0.071398 0.155540 -0.054698 0.038211 0.548506 0.125586 -0.046561 0.940000 0.540000
1772410360827655552 -0.578898 0.619571 0.010216 -0.071398 0.155540 -0.054698 0.038211 0.548506 0.125586 -0.046561 0.940000 0.540000
1772410360847794434 -0.578898 0.619571 0.010216 -0.071398 0.155540 -0.054698 0.038211 0.548506 0.125586 -0.046561 0.940000 0.540000
1772410360867870743 -0.578898 0.619571 0.010216 -0.071398 0.155540 -0.054698 0.038211 0.548506 0.125586 -0.046561 0.940000 0.540000
1772410360887777512 -0.578898 0.619571 0.010216 -0.071398 0.155540 -0.054698 0.038211 0.548506 0.125586 -0.046561 0.940000 0.540000
1772410360907816811 -0.578898 0.619571 0.010216 -0.071398 0.155540 -0.054698 0.038211 0.548506 0.125586 -0.046561 0.940000 0.540000
1772410360927745609 -0.578898 0.619571 0.010216 -0.071398 0.155540 -0.054698 0.038211 0.548506 0.125586 -0.046561 0.940000 0.540000
1772410360947714318 -0.578898 0.619571 0.010216 -0.071398 0.155540 -0.054698 0.038211 0.548506 0.125586 -0.046561 0.940000 0.540000
1772410360967767466 -0.578898 0.619571 0.010216 -0.071398 0.155540 -0.054698 0.038211 0.548506 0.125586 -0.046561 0.940000 0.540000
1772410360987709620 -0.578898 0.619571 0.010216 -0.071398 0.155540 -0.054698 0.038211 0.548506 0.125586 -0.046561 0.940000 0.540000
1772410361007548488 -0.578898 0.619571 0.010216 -0.071398 0.155540 -0.054698 0.038211 0.548506 0.125586 -0.046561 0.940000 0.540000
1772410361027614974 -0.578898 0.619571 0.010216 -0.071398 0.155540 -0.054698 0.038211 0.548506 0.125586 -0.046561 0.940000 0.540000
1772410361047742260 -0.578898 0.619571 0.010216 -0.071398 0.155540 -0.054698 0.038211 0.548506 0.125586 -0.046561 0.940000 0.540000
1772410361067758467 -0.578898 0.619571 0.010216 -0.071398 0.155540 -0.054698 0.038211 0.548506 0.125586 -0.046561 0.940000 0.540000
1772410361087583342 -0.578898 0.619571 0.010216 -0.071398 0.155540 -0.054698 0.038211 0.548506 0.125586 -0.046561 0.940000 0.540000
1772410361107672868 -0.578898 0.619571 0.010216 -0.071398 0.155540 -0.054698 0.038211 0.548506 0.125586 -0.046561 0.940000 0.540000
1772410361127690066 -0.578898 0.619571 0.010216 -0.071398 0.155540 -0.054698 0.038211 0.548506 0.125586 -0.046561 0.940000 0.540000
1772410361147532998 -0.578898 0.619571 0.010216 -0.071398 0.155540 -0.054698 0.038211 0.548506 0.125586 -0.046561 0.940000 0.540000
1772410361167704584 -0.578898 0.619571 0.010216 -0.071398 0.155540 -0.054698 0.038211 0.548506 0.125586 -0.046561 0.940000 0.540000
1772410361187806936 -0.578898 0.619571 0.010216 -0.071398 0.155540 -0.054698 0.038211 0.548506 0.125586 -0.046561 0.940000 0.540000
1772410361207460843 -0.578898 0.619571 0.010216 -0.071398 0.155540 -0.054698 0.038211 0.548506 0.125586 -0.046561 0.940000 0.540000
1772410361227599106 -0.578898 0.619571 0.010216 -0.071398 0.155540 -0.054698 0.038211 0.548506 0.125586 -0.046561 0.940000 0.540000
